Copyright 1986-2021 Xilinx, Inc. All Rights Reserved.
--------------------------------------------------------------------------------------------------------------------------------------------------------------------------------------------------------------
| Tool Version : Vivado v.2021.1 (win64) Build 3247384 Thu Jun 10 19:36:33 MDT 2021
| Date         : Fri Apr  3 12:16:10 2026
| Host         : P1-04 running 64-bit major release  (build 9200)
| Command      : report_timing_summary -max_paths 10 -file VGAController_timing_summary_routed.rpt -pb VGAController_timing_summary_routed.pb -rpx VGAController_timing_summary_routed.rpx -warn_on_violation
| Design       : VGAController
| Device       : 7a100t-csg324
| Speed File   : -1  PRODUCTION 1.23 2018-06-13
--------------------------------------------------------------------------------------------------------------------------------------------------------------------------------------------------------------

Timing Summary Report

------------------------------------------------------------------------------------------------
| Timer Settings
| --------------
------------------------------------------------------------------------------------------------

  Enable Multi Corner Analysis               :  Yes
  Enable Pessimism Removal                   :  Yes
  Pessimism Removal Resolution               :  Nearest Common Node
  Enable Input Delay Default Clock           :  No
  Enable Preset / Clear Arcs                 :  No
  Disable Flight Delays                      :  No
  Ignore I/O Paths                           :  No
  Timing Early Launch at Borrowing Latches   :  No
  Borrow Time for Max Delay Exceptions       :  Yes
  Merge Timing Exceptions                    :  Yes

  Corner  Analyze    Analyze    
  Name    Max Paths  Min Paths  
  ------  ---------  ---------  
  Slow    Yes        Yes        
  Fast    Yes        Yes        


------------------------------------------------------------------------------------------------
| Report Methodology
| ------------------
------------------------------------------------------------------------------------------------

Rule  Severity  Description  Violations  
----  --------  -----------  ----------  

Note: This report is based on the most recent report_methodology run and may not be up-to-date. Run report_methodology on the current design for the latest report.



check_timing report

Table of Contents
-----------------
1. checking no_clock (0)
2. checking constant_clock (0)
3. checking pulse_width_clock (0)
4. checking unconstrained_internal_endpoints (0)
5. checking no_input_delay (1)
6. checking no_output_delay (21)
7. checking multiple_clock (0)
8. checking generated_clocks (0)
9. checking loops (0)
10. checking partial_input_delay (0)
11. checking partial_output_delay (0)
12. checking latch_loops (0)

1. checking no_clock (0)
------------------------
 There are 0 register/latch pins with no clock.


2. checking constant_clock (0)
------------------------------
 There are 0 register/latch pins with constant_clock.


3. checking pulse_width_clock (0)
---------------------------------
 There are 0 register/latch pins which need pulse_width check


4. checking unconstrained_internal_endpoints (0)
------------------------------------------------
 There are 0 pins that are not constrained for maximum delay.

 There are 0 pins that are not constrained for maximum delay due to constant clock.


5. checking no_input_delay (1)
------------------------------
 There is 1 input port with no input delay specified. (HIGH)

 There are 0 input ports with no input delay but user has a false path constraint.


6. checking no_output_delay (21)
--------------------------------
 There are 21 ports with no output delay specified. (HIGH)

 There are 0 ports with no output delay but user has a false path constraint

 There are 0 ports with no output delay but with a timing clock defined on it or propagating through it


7. checking multiple_clock (0)
------------------------------
 There are 0 register/latch pins with multiple clocks.


8. checking generated_clocks (0)
--------------------------------
 There are 0 generated clocks that are not connected to a clock source.


9. checking loops (0)
---------------------
 There are 0 combinational loops in the design.


10. checking partial_input_delay (0)
------------------------------------
 There are 0 input ports with partial input delay specified.


11. checking partial_output_delay (0)
-------------------------------------
 There are 0 ports with partial output delay specified.


12. checking latch_loops (0)
----------------------------
 There are 0 combinational latch loops in the design through latch input



------------------------------------------------------------------------------------------------
| Design Timing Summary
| ---------------------
------------------------------------------------------------------------------------------------

    WNS(ns)      TNS(ns)  TNS Failing Endpoints  TNS Total Endpoints      WHS(ns)      THS(ns)  THS Failing Endpoints  THS Total Endpoints     WPWS(ns)     TPWS(ns)  TPWS Failing Endpoints  TPWS Total Endpoints  
    -------      -------  ---------------------  -------------------      -------      -------  ---------------------  -------------------     --------     --------  ----------------------  --------------------  
     36.074        0.000                      0                   66        0.185        0.000                      0                   66        3.000        0.000                       0                    46  


All user specified timing constraints are met.


------------------------------------------------------------------------------------------------
| Clock Summary
| -------------
------------------------------------------------------------------------------------------------

Clock                 Waveform(ns)       Period(ns)      Frequency(MHz)
-----                 ------------       ----------      --------------
clk                   {0.000 5.000}      10.000          100.000         
  clk_out1_clk_wiz_0  {0.000 20.000}     40.000          25.000          
  clkfbout_clk_wiz_0  {0.000 20.000}     40.000          25.000          


------------------------------------------------------------------------------------------------
| Intra Clock Table
| -----------------
------------------------------------------------------------------------------------------------

Clock                     WNS(ns)      TNS(ns)  TNS Failing Endpoints  TNS Total Endpoints      WHS(ns)      THS(ns)  THS Failing Endpoints  THS Total Endpoints     WPWS(ns)     TPWS(ns)  TPWS Failing Endpoints  TPWS Total Endpoints  
-----                     -------      -------  ---------------------  -------------------      -------      -------  ---------------------  -------------------     --------     --------  ----------------------  --------------------  
clk                                                                                                                                                                     3.000        0.000                       0                     1  
  clk_out1_clk_wiz_0       36.074        0.000                      0                   66        0.185        0.000                      0                   66       19.500        0.000                       0                    42  
  clkfbout_clk_wiz_0                                                                                                                                                   12.633        0.000                       0                     3  


------------------------------------------------------------------------------------------------
| Inter Clock Table
| -----------------
------------------------------------------------------------------------------------------------

From Clock    To Clock          WNS(ns)      TNS(ns)  TNS Failing Endpoints  TNS Total Endpoints      WHS(ns)      THS(ns)  THS Failing Endpoints  THS Total Endpoints  
----------    --------          -------      -------  ---------------------  -------------------      -------      -------  ---------------------  -------------------  


------------------------------------------------------------------------------------------------
| Other Path Groups Table
| -----------------------
------------------------------------------------------------------------------------------------

Path Group    From Clock    To Clock          WNS(ns)      TNS(ns)  TNS Failing Endpoints  TNS Total Endpoints      WHS(ns)      THS(ns)  THS Failing Endpoints  THS Total Endpoints  
----------    ----------    --------          -------      -------  ---------------------  -------------------      -------      -------  ---------------------  -------------------  


------------------------------------------------------------------------------------------------
| Timing Details
| --------------
------------------------------------------------------------------------------------------------


---------------------------------------------------------------------------------------------------
From Clock:  clk
  To Clock:  clk

Setup :           NA  Failing Endpoints,  Worst Slack           NA  ,  Total Violation           NA
Hold  :           NA  Failing Endpoints,  Worst Slack           NA  ,  Total Violation           NA
PW    :            0  Failing Endpoints,  Worst Slack        3.000ns,  Total Violation        0.000ns
---------------------------------------------------------------------------------------------------


Pulse Width Checks
--------------------------------------------------------------------------------------
Clock Name:         clk
Waveform(ns):       { 0.000 5.000 }
Period(ns):         10.000
Sources:            { clk }

Check Type        Corner  Lib Pin           Reference Pin  Required(ns)  Actual(ns)  Slack(ns)  Location        Pin
Min Period        n/a     PLLE2_ADV/CLKIN1  n/a            1.249         10.000      8.751      PLLE2_ADV_X1Y2  pll/inst/plle2_adv_inst/CLKIN1
Max Period        n/a     PLLE2_ADV/CLKIN1  n/a            52.633        10.000      42.633     PLLE2_ADV_X1Y2  pll/inst/plle2_adv_inst/CLKIN1
Low Pulse Width   Slow    PLLE2_ADV/CLKIN1  n/a            2.000         5.000       3.000      PLLE2_ADV_X1Y2  pll/inst/plle2_adv_inst/CLKIN1
Low Pulse Width   Fast    PLLE2_ADV/CLKIN1  n/a            2.000         5.000       3.000      PLLE2_ADV_X1Y2  pll/inst/plle2_adv_inst/CLKIN1
High Pulse Width  Slow    PLLE2_ADV/CLKIN1  n/a            2.000         5.000       3.000      PLLE2_ADV_X1Y2  pll/inst/plle2_adv_inst/CLKIN1
High Pulse Width  Fast    PLLE2_ADV/CLKIN1  n/a            2.000         5.000       3.000      PLLE2_ADV_X1Y2  pll/inst/plle2_adv_inst/CLKIN1



---------------------------------------------------------------------------------------------------
From Clock:  clk_out1_clk_wiz_0
  To Clock:  clk_out1_clk_wiz_0

Setup :            0  Failing Endpoints,  Worst Slack       36.074ns,  Total Violation        0.000ns
Hold  :            0  Failing Endpoints,  Worst Slack        0.185ns,  Total Violation        0.000ns
PW    :            0  Failing Endpoints,  Worst Slack       19.500ns,  Total Violation        0.000ns
---------------------------------------------------------------------------------------------------


Max Delay Paths
--------------------------------------------------------------------------------------
Slack (MET) :             36.074ns  (required time - arrival time)
  Source:                 Display/vPos_reg[3]/C
                            (rising edge-triggered cell FDCE clocked by clk_out1_clk_wiz_0  {rise@0.000ns fall@20.000ns period=40.000ns})
  Destination:            Display/vPos_reg[7]/D
                            (rising edge-triggered cell FDCE clocked by clk_out1_clk_wiz_0  {rise@0.000ns fall@20.000ns period=40.000ns})
  Path Group:             clk_out1_clk_wiz_0
  Path Type:              Setup (Max at Slow Process Corner)
  Requirement:            40.000ns  (clk_out1_clk_wiz_0 rise@40.000ns - clk_out1_clk_wiz_0 rise@0.000ns)
  Data Path Delay:        3.733ns  (logic 1.072ns (28.717%)  route 2.661ns (71.283%))
  Logic Levels:           2  (LUT4=1 LUT5=1)
  Clock Path Skew:        -0.042ns (DCD - SCD + CPR)
    Destination Clock Delay (DCD):    2.659ns = ( 42.659 - 40.000 ) 
    Source Clock Delay      (SCD):    2.801ns
    Clock Pessimism Removal (CPR):    0.100ns
  Clock Uncertainty:      0.180ns  ((TSJ^2 + DJ^2)^1/2) / 2 + PE
    Total System Jitter     (TSJ):    0.071ns
    Discrete Jitter          (DJ):    0.352ns
    Phase Error              (PE):    0.000ns

    Location             Delay type                Incr(ns)  Path(ns)    Netlist Resource(s)
  -------------------------------------------------------------------    -------------------
                         (clock clk_out1_clk_wiz_0 rise edge)
                                                      0.000     0.000 r  
    E3                                                0.000     0.000 r  clk (IN)
                         net (fo=0)                   0.000     0.000    pll/inst/clk_in1
    E3                   IBUF (Prop_ibuf_I_O)         1.482     1.482 r  pll/inst/clkin1_ibufg/O
                         net (fo=1, routed)           1.253     2.735    pll/inst/clk_in1_clk_wiz_0
    PLLE2_ADV_X1Y2       PLLE2_ADV (Prop_plle2_adv_CLKIN1_CLKOUT0)
                                                     -3.459    -0.724 r  pll/inst/plle2_adv_inst/CLKOUT0
                         net (fo=1, routed)           1.713     0.989    pll/inst/clk_out1_clk_wiz_0
    BUFGCTRL_X0Y16       BUFG (Prop_bufg_I_O)         0.096     1.085 r  pll/inst/clkout1_buf/O
                         net (fo=40, routed)          1.716     2.801    Display/clk_out1
    SLICE_X86Y103        FDCE                                         r  Display/vPos_reg[3]/C
  -------------------------------------------------------------------    -------------------
    SLICE_X86Y103        FDCE (Prop_fdce_C_Q)         0.419     3.220 f  Display/vPos_reg[3]/Q
                         net (fo=8, routed)           1.314     4.534    Display/Q[3]
    SLICE_X87Y103        LUT5 (Prop_lut5_I3_O)        0.327     4.861 r  Display/vPos[8]_i_2/O
                         net (fo=3, routed)           1.347     6.208    Display/vPos[8]_i_2_n_0
    SLICE_X83Y102        LUT4 (Prop_lut4_I2_O)        0.326     6.534 r  Display/vPos[7]_i_1/O
                         net (fo=1, routed)           0.000     6.534    Display/vPos[7]_i_1_n_0
    SLICE_X83Y102        FDCE                                         r  Display/vPos_reg[7]/D
  -------------------------------------------------------------------    -------------------

                         (clock clk_out1_clk_wiz_0 rise edge)
                                                     40.000    40.000 r  
    E3                                                0.000    40.000 r  clk (IN)
                         net (fo=0)                   0.000    40.000    pll/inst/clk_in1
    E3                   IBUF (Prop_ibuf_I_O)         1.411    41.411 r  pll/inst/clkin1_ibufg/O
                         net (fo=1, routed)           1.181    42.592    pll/inst/clk_in1_clk_wiz_0
    PLLE2_ADV_X1Y2       PLLE2_ADV (Prop_plle2_adv_CLKIN1_CLKOUT0)
                                                     -3.253    39.339 r  pll/inst/plle2_adv_inst/CLKOUT0
                         net (fo=1, routed)           1.634    40.973    pll/inst/clk_out1_clk_wiz_0
    BUFGCTRL_X0Y16       BUFG (Prop_bufg_I_O)         0.091    41.064 r  pll/inst/clkout1_buf/O
                         net (fo=40, routed)          1.595    42.659    Display/clk_out1
    SLICE_X83Y102        FDCE                                         r  Display/vPos_reg[7]/C
                         clock pessimism              0.100    42.759    
                         clock uncertainty           -0.180    42.579    
    SLICE_X83Y102        FDCE (Setup_fdce_C_D)        0.029    42.608    Display/vPos_reg[7]
  -------------------------------------------------------------------
                         required time                         42.608    
                         arrival time                          -6.534    
  -------------------------------------------------------------------
                         slack                                 36.074    

Slack (MET) :             36.092ns  (required time - arrival time)
  Source:                 Display/vPos_reg[3]/C
                            (rising edge-triggered cell FDCE clocked by clk_out1_clk_wiz_0  {rise@0.000ns fall@20.000ns period=40.000ns})
  Destination:            Display/vPos_reg[8]/D
                            (rising edge-triggered cell FDCE clocked by clk_out1_clk_wiz_0  {rise@0.000ns fall@20.000ns period=40.000ns})
  Path Group:             clk_out1_clk_wiz_0
  Path Type:              Setup (Max at Slow Process Corner)
  Requirement:            40.000ns  (clk_out1_clk_wiz_0 rise@40.000ns - clk_out1_clk_wiz_0 rise@0.000ns)
  Data Path Delay:        3.761ns  (logic 1.100ns (29.248%)  route 2.661ns (70.752%))
  Logic Levels:           2  (LUT5=2)
  Clock Path Skew:        -0.042ns (DCD - SCD + CPR)
    Destination Clock Delay (DCD):    2.659ns = ( 42.659 - 40.000 ) 
    Source Clock Delay      (SCD):    2.801ns
    Clock Pessimism Removal (CPR):    0.100ns
  Clock Uncertainty:      0.180ns  ((TSJ^2 + DJ^2)^1/2) / 2 + PE
    Total System Jitter     (TSJ):    0.071ns
    Discrete Jitter          (DJ):    0.352ns
    Phase Error              (PE):    0.000ns

    Location             Delay type                Incr(ns)  Path(ns)    Netlist Resource(s)
  -------------------------------------------------------------------    -------------------
                         (clock clk_out1_clk_wiz_0 rise edge)
                                                      0.000     0.000 r  
    E3                                                0.000     0.000 r  clk (IN)
                         net (fo=0)                   0.000     0.000    pll/inst/clk_in1
    E3                   IBUF (Prop_ibuf_I_O)         1.482     1.482 r  pll/inst/clkin1_ibufg/O
                         net (fo=1, routed)           1.253     2.735    pll/inst/clk_in1_clk_wiz_0
    PLLE2_ADV_X1Y2       PLLE2_ADV (Prop_plle2_adv_CLKIN1_CLKOUT0)
                                                     -3.459    -0.724 r  pll/inst/plle2_adv_inst/CLKOUT0
                         net (fo=1, routed)           1.713     0.989    pll/inst/clk_out1_clk_wiz_0
    BUFGCTRL_X0Y16       BUFG (Prop_bufg_I_O)         0.096     1.085 r  pll/inst/clkout1_buf/O
                         net (fo=40, routed)          1.716     2.801    Display/clk_out1
    SLICE_X86Y103        FDCE                                         r  Display/vPos_reg[3]/C
  -------------------------------------------------------------------    -------------------
    SLICE_X86Y103        FDCE (Prop_fdce_C_Q)         0.419     3.220 f  Display/vPos_reg[3]/Q
                         net (fo=8, routed)           1.314     4.534    Display/Q[3]
    SLICE_X87Y103        LUT5 (Prop_lut5_I3_O)        0.327     4.861 r  Display/vPos[8]_i_2/O
                         net (fo=3, routed)           1.347     6.208    Display/vPos[8]_i_2_n_0
    SLICE_X83Y102        LUT5 (Prop_lut5_I3_O)        0.354     6.562 r  Display/vPos[8]_i_1/O
                         net (fo=1, routed)           0.000     6.562    Display/vPos[8]_i_1_n_0
    SLICE_X83Y102        FDCE                                         r  Display/vPos_reg[8]/D
  -------------------------------------------------------------------    -------------------

                         (clock clk_out1_clk_wiz_0 rise edge)
                                                     40.000    40.000 r  
    E3                                                0.000    40.000 r  clk (IN)
                         net (fo=0)                   0.000    40.000    pll/inst/clk_in1
    E3                   IBUF (Prop_ibuf_I_O)         1.411    41.411 r  pll/inst/clkin1_ibufg/O
                         net (fo=1, routed)           1.181    42.592    pll/inst/clk_in1_clk_wiz_0
    PLLE2_ADV_X1Y2       PLLE2_ADV (Prop_plle2_adv_CLKIN1_CLKOUT0)
                                                     -3.253    39.339 r  pll/inst/plle2_adv_inst/CLKOUT0
                         net (fo=1, routed)           1.634    40.973    pll/inst/clk_out1_clk_wiz_0
    BUFGCTRL_X0Y16       BUFG (Prop_bufg_I_O)         0.091    41.064 r  pll/inst/clkout1_buf/O
                         net (fo=40, routed)          1.595    42.659    Display/clk_out1
    SLICE_X83Y102        FDCE                                         r  Display/vPos_reg[8]/C
                         clock pessimism              0.100    42.759    
                         clock uncertainty           -0.180    42.579    
    SLICE_X83Y102        FDCE (Setup_fdce_C_D)        0.075    42.654    Display/vPos_reg[8]
  -------------------------------------------------------------------
                         required time                         42.654    
                         arrival time                          -6.562    
  -------------------------------------------------------------------
                         slack                                 36.092    

Slack (MET) :             36.193ns  (required time - arrival time)
  Source:                 Display/hPos_reg[1]/C
                            (rising edge-triggered cell FDCE clocked by clk_out1_clk_wiz_0  {rise@0.000ns fall@20.000ns period=40.000ns})
  Destination:            Display/vPos_reg[1]/CE
                            (rising edge-triggered cell FDCE clocked by clk_out1_clk_wiz_0  {rise@0.000ns fall@20.000ns period=40.000ns})
  Path Group:             clk_out1_clk_wiz_0
  Path Type:              Setup (Max at Slow Process Corner)
  Requirement:            40.000ns  (clk_out1_clk_wiz_0 rise@40.000ns - clk_out1_clk_wiz_0 rise@0.000ns)
  Data Path Delay:        3.398ns  (logic 1.127ns (33.169%)  route 2.271ns (66.831%))
  Logic Levels:           2  (LUT5=1 LUT6=1)
  Clock Path Skew:        -0.025ns (DCD - SCD + CPR)
    Destination Clock Delay (DCD):    2.660ns = ( 42.660 - 40.000 ) 
    Source Clock Delay      (SCD):    2.801ns
    Clock Pessimism Removal (CPR):    0.116ns
  Clock Uncertainty:      0.180ns  ((TSJ^2 + DJ^2)^1/2) / 2 + PE
    Total System Jitter     (TSJ):    0.071ns
    Discrete Jitter          (DJ):    0.352ns
    Phase Error              (PE):    0.000ns

    Location             Delay type                Incr(ns)  Path(ns)    Netlist Resource(s)
  -------------------------------------------------------------------    -------------------
                         (clock clk_out1_clk_wiz_0 rise edge)
                                                      0.000     0.000 r  
    E3                                                0.000     0.000 r  clk (IN)
                         net (fo=0)                   0.000     0.000    pll/inst/clk_in1
    E3                   IBUF (Prop_ibuf_I_O)         1.482     1.482 r  pll/inst/clkin1_ibufg/O
                         net (fo=1, routed)           1.253     2.735    pll/inst/clk_in1_clk_wiz_0
    PLLE2_ADV_X1Y2       PLLE2_ADV (Prop_plle2_adv_CLKIN1_CLKOUT0)
                                                     -3.459    -0.724 r  pll/inst/plle2_adv_inst/CLKOUT0
                         net (fo=1, routed)           1.713     0.989    pll/inst/clk_out1_clk_wiz_0
    BUFGCTRL_X0Y16       BUFG (Prop_bufg_I_O)         0.096     1.085 r  pll/inst/clkout1_buf/O
                         net (fo=40, routed)          1.716     2.801    Display/clk_out1
    SLICE_X88Y103        FDCE                                         r  Display/hPos_reg[1]/C
  -------------------------------------------------------------------    -------------------
    SLICE_X88Y103        FDCE (Prop_fdce_C_Q)         0.478     3.279 r  Display/hPos_reg[1]/Q
                         net (fo=6, routed)           0.991     4.270    Display/hPos_reg[6]_0[1]
    SLICE_X87Y102        LUT5 (Prop_lut5_I1_O)        0.323     4.593 f  Display/hPos[9]_i_2/O
                         net (fo=6, routed)           0.459     5.052    Display/hPos[9]_i_2_n_0
    SLICE_X86Y102        LUT6 (Prop_lut6_I5_O)        0.326     5.378 r  Display/vPos[9]_i_1/O
                         net (fo=10, routed)          0.820     6.199    Display/vPos
    SLICE_X86Y103        FDCE                                         r  Display/vPos_reg[1]/CE
  -------------------------------------------------------------------    -------------------

                         (clock clk_out1_clk_wiz_0 rise edge)
                                                     40.000    40.000 r  
    E3                                                0.000    40.000 r  clk (IN)
                         net (fo=0)                   0.000    40.000    pll/inst/clk_in1
    E3                   IBUF (Prop_ibuf_I_O)         1.411    41.411 r  pll/inst/clkin1_ibufg/O
                         net (fo=1, routed)           1.181    42.592    pll/inst/clk_in1_clk_wiz_0
    PLLE2_ADV_X1Y2       PLLE2_ADV (Prop_plle2_adv_CLKIN1_CLKOUT0)
                                                     -3.253    39.339 r  pll/inst/plle2_adv_inst/CLKOUT0
                         net (fo=1, routed)           1.634    40.973    pll/inst/clk_out1_clk_wiz_0
    BUFGCTRL_X0Y16       BUFG (Prop_bufg_I_O)         0.091    41.064 r  pll/inst/clkout1_buf/O
                         net (fo=40, routed)          1.596    42.660    Display/clk_out1
    SLICE_X86Y103        FDCE                                         r  Display/vPos_reg[1]/C
                         clock pessimism              0.116    42.776    
                         clock uncertainty           -0.180    42.596    
    SLICE_X86Y103        FDCE (Setup_fdce_C_CE)      -0.205    42.391    Display/vPos_reg[1]
  -------------------------------------------------------------------
                         required time                         42.391    
                         arrival time                          -6.199    
  -------------------------------------------------------------------
                         slack                                 36.193    

Slack (MET) :             36.193ns  (required time - arrival time)
  Source:                 Display/hPos_reg[1]/C
                            (rising edge-triggered cell FDCE clocked by clk_out1_clk_wiz_0  {rise@0.000ns fall@20.000ns period=40.000ns})
  Destination:            Display/vPos_reg[2]/CE
                            (rising edge-triggered cell FDCE clocked by clk_out1_clk_wiz_0  {rise@0.000ns fall@20.000ns period=40.000ns})
  Path Group:             clk_out1_clk_wiz_0
  Path Type:              Setup (Max at Slow Process Corner)
  Requirement:            40.000ns  (clk_out1_clk_wiz_0 rise@40.000ns - clk_out1_clk_wiz_0 rise@0.000ns)
  Data Path Delay:        3.398ns  (logic 1.127ns (33.169%)  route 2.271ns (66.831%))
  Logic Levels:           2  (LUT5=1 LUT6=1)
  Clock Path Skew:        -0.025ns (DCD - SCD + CPR)
    Destination Clock Delay (DCD):    2.660ns = ( 42.660 - 40.000 ) 
    Source Clock Delay      (SCD):    2.801ns
    Clock Pessimism Removal (CPR):    0.116ns
  Clock Uncertainty:      0.180ns  ((TSJ^2 + DJ^2)^1/2) / 2 + PE
    Total System Jitter     (TSJ):    0.071ns
    Discrete Jitter          (DJ):    0.352ns
    Phase Error              (PE):    0.000ns

    Location             Delay type                Incr(ns)  Path(ns)    Netlist Resource(s)
  -------------------------------------------------------------------    -------------------
                         (clock clk_out1_clk_wiz_0 rise edge)
                                                      0.000     0.000 r  
    E3                                                0.000     0.000 r  clk (IN)
                         net (fo=0)                   0.000     0.000    pll/inst/clk_in1
    E3                   IBUF (Prop_ibuf_I_O)         1.482     1.482 r  pll/inst/clkin1_ibufg/O
                         net (fo=1, routed)           1.253     2.735    pll/inst/clk_in1_clk_wiz_0
    PLLE2_ADV_X1Y2       PLLE2_ADV (Prop_plle2_adv_CLKIN1_CLKOUT0)
                                                     -3.459    -0.724 r  pll/inst/plle2_adv_inst/CLKOUT0
                         net (fo=1, routed)           1.713     0.989    pll/inst/clk_out1_clk_wiz_0
    BUFGCTRL_X0Y16       BUFG (Prop_bufg_I_O)         0.096     1.085 r  pll/inst/clkout1_buf/O
                         net (fo=40, routed)          1.716     2.801    Display/clk_out1
    SLICE_X88Y103        FDCE                                         r  Display/hPos_reg[1]/C
  -------------------------------------------------------------------    -------------------
    SLICE_X88Y103        FDCE (Prop_fdce_C_Q)         0.478     3.279 r  Display/hPos_reg[1]/Q
                         net (fo=6, routed)           0.991     4.270    Display/hPos_reg[6]_0[1]
    SLICE_X87Y102        LUT5 (Prop_lut5_I1_O)        0.323     4.593 f  Display/hPos[9]_i_2/O
                         net (fo=6, routed)           0.459     5.052    Display/hPos[9]_i_2_n_0
    SLICE_X86Y102        LUT6 (Prop_lut6_I5_O)        0.326     5.378 r  Display/vPos[9]_i_1/O
                         net (fo=10, routed)          0.820     6.199    Display/vPos
    SLICE_X86Y103        FDCE                                         r  Display/vPos_reg[2]/CE
  -------------------------------------------------------------------    -------------------

                         (clock clk_out1_clk_wiz_0 rise edge)
                                                     40.000    40.000 r  
    E3                                                0.000    40.000 r  clk (IN)
                         net (fo=0)                   0.000    40.000    pll/inst/clk_in1
    E3                   IBUF (Prop_ibuf_I_O)         1.411    41.411 r  pll/inst/clkin1_ibufg/O
                         net (fo=1, routed)           1.181    42.592    pll/inst/clk_in1_clk_wiz_0
    PLLE2_ADV_X1Y2       PLLE2_ADV (Prop_plle2_adv_CLKIN1_CLKOUT0)
                                                     -3.253    39.339 r  pll/inst/plle2_adv_inst/CLKOUT0
                         net (fo=1, routed)           1.634    40.973    pll/inst/clk_out1_clk_wiz_0
    BUFGCTRL_X0Y16       BUFG (Prop_bufg_I_O)         0.091    41.064 r  pll/inst/clkout1_buf/O
                         net (fo=40, routed)          1.596    42.660    Display/clk_out1
    SLICE_X86Y103        FDCE                                         r  Display/vPos_reg[2]/C
                         clock pessimism              0.116    42.776    
                         clock uncertainty           -0.180    42.596    
    SLICE_X86Y103        FDCE (Setup_fdce_C_CE)      -0.205    42.391    Display/vPos_reg[2]
  -------------------------------------------------------------------
                         required time                         42.391    
                         arrival time                          -6.199    
  -------------------------------------------------------------------
                         slack                                 36.193    

Slack (MET) :             36.193ns  (required time - arrival time)
  Source:                 Display/hPos_reg[1]/C
                            (rising edge-triggered cell FDCE clocked by clk_out1_clk_wiz_0  {rise@0.000ns fall@20.000ns period=40.000ns})
  Destination:            Display/vPos_reg[3]/CE
                            (rising edge-triggered cell FDCE clocked by clk_out1_clk_wiz_0  {rise@0.000ns fall@20.000ns period=40.000ns})
  Path Group:             clk_out1_clk_wiz_0
  Path Type:              Setup (Max at Slow Process Corner)
  Requirement:            40.000ns  (clk_out1_clk_wiz_0 rise@40.000ns - clk_out1_clk_wiz_0 rise@0.000ns)
  Data Path Delay:        3.398ns  (logic 1.127ns (33.169%)  route 2.271ns (66.831%))
  Logic Levels:           2  (LUT5=1 LUT6=1)
  Clock Path Skew:        -0.025ns (DCD - SCD + CPR)
    Destination Clock Delay (DCD):    2.660ns = ( 42.660 - 40.000 ) 
    Source Clock Delay      (SCD):    2.801ns
    Clock Pessimism Removal (CPR):    0.116ns
  Clock Uncertainty:      0.180ns  ((TSJ^2 + DJ^2)^1/2) / 2 + PE
    Total System Jitter     (TSJ):    0.071ns
    Discrete Jitter          (DJ):    0.352ns
    Phase Error              (PE):    0.000ns

    Location             Delay type                Incr(ns)  Path(ns)    Netlist Resource(s)
  -------------------------------------------------------------------    -------------------
                         (clock clk_out1_clk_wiz_0 rise edge)
                                                      0.000     0.000 r  
    E3                                                0.000     0.000 r  clk (IN)
                         net (fo=0)                   0.000     0.000    pll/inst/clk_in1
    E3                   IBUF (Prop_ibuf_I_O)         1.482     1.482 r  pll/inst/clkin1_ibufg/O
                         net (fo=1, routed)           1.253     2.735    pll/inst/clk_in1_clk_wiz_0
    PLLE2_ADV_X1Y2       PLLE2_ADV (Prop_plle2_adv_CLKIN1_CLKOUT0)
                                                     -3.459    -0.724 r  pll/inst/plle2_adv_inst/CLKOUT0
                         net (fo=1, routed)           1.713     0.989    pll/inst/clk_out1_clk_wiz_0
    BUFGCTRL_X0Y16       BUFG (Prop_bufg_I_O)         0.096     1.085 r  pll/inst/clkout1_buf/O
                         net (fo=40, routed)          1.716     2.801    Display/clk_out1
    SLICE_X88Y103        FDCE                                         r  Display/hPos_reg[1]/C
  -------------------------------------------------------------------    -------------------
    SLICE_X88Y103        FDCE (Prop_fdce_C_Q)         0.478     3.279 r  Display/hPos_reg[1]/Q
                         net (fo=6, routed)           0.991     4.270    Display/hPos_reg[6]_0[1]
    SLICE_X87Y102        LUT5 (Prop_lut5_I1_O)        0.323     4.593 f  Display/hPos[9]_i_2/O
                         net (fo=6, routed)           0.459     5.052    Display/hPos[9]_i_2_n_0
    SLICE_X86Y102        LUT6 (Prop_lut6_I5_O)        0.326     5.378 r  Display/vPos[9]_i_1/O
                         net (fo=10, routed)          0.820     6.199    Display/vPos
    SLICE_X86Y103        FDCE                                         r  Display/vPos_reg[3]/CE
  -------------------------------------------------------------------    -------------------

                         (clock clk_out1_clk_wiz_0 rise edge)
                                                     40.000    40.000 r  
    E3                                                0.000    40.000 r  clk (IN)
                         net (fo=0)                   0.000    40.000    pll/inst/clk_in1
    E3                   IBUF (Prop_ibuf_I_O)         1.411    41.411 r  pll/inst/clkin1_ibufg/O
                         net (fo=1, routed)           1.181    42.592    pll/inst/clk_in1_clk_wiz_0
    PLLE2_ADV_X1Y2       PLLE2_ADV (Prop_plle2_adv_CLKIN1_CLKOUT0)
                                                     -3.253    39.339 r  pll/inst/plle2_adv_inst/CLKOUT0
                         net (fo=1, routed)           1.634    40.973    pll/inst/clk_out1_clk_wiz_0
    BUFGCTRL_X0Y16       BUFG (Prop_bufg_I_O)         0.091    41.064 r  pll/inst/clkout1_buf/O
                         net (fo=40, routed)          1.596    42.660    Display/clk_out1
    SLICE_X86Y103        FDCE                                         r  Display/vPos_reg[3]/C
                         clock pessimism              0.116    42.776    
                         clock uncertainty           -0.180    42.596    
    SLICE_X86Y103        FDCE (Setup_fdce_C_CE)      -0.205    42.391    Display/vPos_reg[3]
  -------------------------------------------------------------------
                         required time                         42.391    
                         arrival time                          -6.199    
  -------------------------------------------------------------------
                         slack                                 36.193    

Slack (MET) :             36.193ns  (required time - arrival time)
  Source:                 Display/hPos_reg[1]/C
                            (rising edge-triggered cell FDCE clocked by clk_out1_clk_wiz_0  {rise@0.000ns fall@20.000ns period=40.000ns})
  Destination:            Display/vPos_reg[4]/CE
                            (rising edge-triggered cell FDCE clocked by clk_out1_clk_wiz_0  {rise@0.000ns fall@20.000ns period=40.000ns})
  Path Group:             clk_out1_clk_wiz_0
  Path Type:              Setup (Max at Slow Process Corner)
  Requirement:            40.000ns  (clk_out1_clk_wiz_0 rise@40.000ns - clk_out1_clk_wiz_0 rise@0.000ns)
  Data Path Delay:        3.398ns  (logic 1.127ns (33.169%)  route 2.271ns (66.831%))
  Logic Levels:           2  (LUT5=1 LUT6=1)
  Clock Path Skew:        -0.025ns (DCD - SCD + CPR)
    Destination Clock Delay (DCD):    2.660ns = ( 42.660 - 40.000 ) 
    Source Clock Delay      (SCD):    2.801ns
    Clock Pessimism Removal (CPR):    0.116ns
  Clock Uncertainty:      0.180ns  ((TSJ^2 + DJ^2)^1/2) / 2 + PE
    Total System Jitter     (TSJ):    0.071ns
    Discrete Jitter          (DJ):    0.352ns
    Phase Error              (PE):    0.000ns

    Location             Delay type                Incr(ns)  Path(ns)    Netlist Resource(s)
  -------------------------------------------------------------------    -------------------
                         (clock clk_out1_clk_wiz_0 rise edge)
                                                      0.000     0.000 r  
    E3                                                0.000     0.000 r  clk (IN)
                         net (fo=0)                   0.000     0.000    pll/inst/clk_in1
    E3                   IBUF (Prop_ibuf_I_O)         1.482     1.482 r  pll/inst/clkin1_ibufg/O
                         net (fo=1, routed)           1.253     2.735    pll/inst/clk_in1_clk_wiz_0
    PLLE2_ADV_X1Y2       PLLE2_ADV (Prop_plle2_adv_CLKIN1_CLKOUT0)
                                                     -3.459    -0.724 r  pll/inst/plle2_adv_inst/CLKOUT0
                         net (fo=1, routed)           1.713     0.989    pll/inst/clk_out1_clk_wiz_0
    BUFGCTRL_X0Y16       BUFG (Prop_bufg_I_O)         0.096     1.085 r  pll/inst/clkout1_buf/O
                         net (fo=40, routed)          1.716     2.801    Display/clk_out1
    SLICE_X88Y103        FDCE                                         r  Display/hPos_reg[1]/C
  -------------------------------------------------------------------    -------------------
    SLICE_X88Y103        FDCE (Prop_fdce_C_Q)         0.478     3.279 r  Display/hPos_reg[1]/Q
                         net (fo=6, routed)           0.991     4.270    Display/hPos_reg[6]_0[1]
    SLICE_X87Y102        LUT5 (Prop_lut5_I1_O)        0.323     4.593 f  Display/hPos[9]_i_2/O
                         net (fo=6, routed)           0.459     5.052    Display/hPos[9]_i_2_n_0
    SLICE_X86Y102        LUT6 (Prop_lut6_I5_O)        0.326     5.378 r  Display/vPos[9]_i_1/O
                         net (fo=10, routed)          0.820     6.199    Display/vPos
    SLICE_X86Y103        FDCE                                         r  Display/vPos_reg[4]/CE
  -------------------------------------------------------------------    -------------------

                         (clock clk_out1_clk_wiz_0 rise edge)
                                                     40.000    40.000 r  
    E3                                                0.000    40.000 r  clk (IN)
                         net (fo=0)                   0.000    40.000    pll/inst/clk_in1
    E3                   IBUF (Prop_ibuf_I_O)         1.411    41.411 r  pll/inst/clkin1_ibufg/O
                         net (fo=1, routed)           1.181    42.592    pll/inst/clk_in1_clk_wiz_0
    PLLE2_ADV_X1Y2       PLLE2_ADV (Prop_plle2_adv_CLKIN1_CLKOUT0)
                                                     -3.253    39.339 r  pll/inst/plle2_adv_inst/CLKOUT0
                         net (fo=1, routed)           1.634    40.973    pll/inst/clk_out1_clk_wiz_0
    BUFGCTRL_X0Y16       BUFG (Prop_bufg_I_O)         0.091    41.064 r  pll/inst/clkout1_buf/O
                         net (fo=40, routed)          1.596    42.660    Display/clk_out1
    SLICE_X86Y103        FDCE                                         r  Display/vPos_reg[4]/C
                         clock pessimism              0.116    42.776    
                         clock uncertainty           -0.180    42.596    
    SLICE_X86Y103        FDCE (Setup_fdce_C_CE)      -0.205    42.391    Display/vPos_reg[4]
  -------------------------------------------------------------------
                         required time                         42.391    
                         arrival time                          -6.199    
  -------------------------------------------------------------------
                         slack                                 36.193    

Slack (MET) :             36.193ns  (required time - arrival time)
  Source:                 Display/hPos_reg[1]/C
                            (rising edge-triggered cell FDCE clocked by clk_out1_clk_wiz_0  {rise@0.000ns fall@20.000ns period=40.000ns})
  Destination:            Display/vPos_reg[5]/CE
                            (rising edge-triggered cell FDCE clocked by clk_out1_clk_wiz_0  {rise@0.000ns fall@20.000ns period=40.000ns})
  Path Group:             clk_out1_clk_wiz_0
  Path Type:              Setup (Max at Slow Process Corner)
  Requirement:            40.000ns  (clk_out1_clk_wiz_0 rise@40.000ns - clk_out1_clk_wiz_0 rise@0.000ns)
  Data Path Delay:        3.398ns  (logic 1.127ns (33.169%)  route 2.271ns (66.831%))
  Logic Levels:           2  (LUT5=1 LUT6=1)
  Clock Path Skew:        -0.025ns (DCD - SCD + CPR)
    Destination Clock Delay (DCD):    2.660ns = ( 42.660 - 40.000 ) 
    Source Clock Delay      (SCD):    2.801ns
    Clock Pessimism Removal (CPR):    0.116ns
  Clock Uncertainty:      0.180ns  ((TSJ^2 + DJ^2)^1/2) / 2 + PE
    Total System Jitter     (TSJ):    0.071ns
    Discrete Jitter          (DJ):    0.352ns
    Phase Error              (PE):    0.000ns

    Location             Delay type                Incr(ns)  Path(ns)    Netlist Resource(s)
  -------------------------------------------------------------------    -------------------
                         (clock clk_out1_clk_wiz_0 rise edge)
                                                      0.000     0.000 r  
    E3                                                0.000     0.000 r  clk (IN)
                         net (fo=0)                   0.000     0.000    pll/inst/clk_in1
    E3                   IBUF (Prop_ibuf_I_O)         1.482     1.482 r  pll/inst/clkin1_ibufg/O
                         net (fo=1, routed)           1.253     2.735    pll/inst/clk_in1_clk_wiz_0
    PLLE2_ADV_X1Y2       PLLE2_ADV (Prop_plle2_adv_CLKIN1_CLKOUT0)
                                                     -3.459    -0.724 r  pll/inst/plle2_adv_inst/CLKOUT0
                         net (fo=1, routed)           1.713     0.989    pll/inst/clk_out1_clk_wiz_0
    BUFGCTRL_X0Y16       BUFG (Prop_bufg_I_O)         0.096     1.085 r  pll/inst/clkout1_buf/O
                         net (fo=40, routed)          1.716     2.801    Display/clk_out1
    SLICE_X88Y103        FDCE                                         r  Display/hPos_reg[1]/C
  -------------------------------------------------------------------    -------------------
    SLICE_X88Y103        FDCE (Prop_fdce_C_Q)         0.478     3.279 r  Display/hPos_reg[1]/Q
                         net (fo=6, routed)           0.991     4.270    Display/hPos_reg[6]_0[1]
    SLICE_X87Y102        LUT5 (Prop_lut5_I1_O)        0.323     4.593 f  Display/hPos[9]_i_2/O
                         net (fo=6, routed)           0.459     5.052    Display/hPos[9]_i_2_n_0
    SLICE_X86Y102        LUT6 (Prop_lut6_I5_O)        0.326     5.378 r  Display/vPos[9]_i_1/O
                         net (fo=10, routed)          0.820     6.199    Display/vPos
    SLICE_X86Y103        FDCE                                         r  Display/vPos_reg[5]/CE
  -------------------------------------------------------------------    -------------------

                         (clock clk_out1_clk_wiz_0 rise edge)
                                                     40.000    40.000 r  
    E3                                                0.000    40.000 r  clk (IN)
                         net (fo=0)                   0.000    40.000    pll/inst/clk_in1
    E3                   IBUF (Prop_ibuf_I_O)         1.411    41.411 r  pll/inst/clkin1_ibufg/O
                         net (fo=1, routed)           1.181    42.592    pll/inst/clk_in1_clk_wiz_0
    PLLE2_ADV_X1Y2       PLLE2_ADV (Prop_plle2_adv_CLKIN1_CLKOUT0)
                                                     -3.253    39.339 r  pll/inst/plle2_adv_inst/CLKOUT0
                         net (fo=1, routed)           1.634    40.973    pll/inst/clk_out1_clk_wiz_0
    BUFGCTRL_X0Y16       BUFG (Prop_bufg_I_O)         0.091    41.064 r  pll/inst/clkout1_buf/O
                         net (fo=40, routed)          1.596    42.660    Display/clk_out1
    SLICE_X86Y103        FDCE                                         r  Display/vPos_reg[5]/C
                         clock pessimism              0.116    42.776    
                         clock uncertainty           -0.180    42.596    
    SLICE_X86Y103        FDCE (Setup_fdce_C_CE)      -0.205    42.391    Display/vPos_reg[5]
  -------------------------------------------------------------------
                         required time                         42.391    
                         arrival time                          -6.199    
  -------------------------------------------------------------------
                         slack                                 36.193    

Slack (MET) :             36.193ns  (required time - arrival time)
  Source:                 Display/hPos_reg[1]/C
                            (rising edge-triggered cell FDCE clocked by clk_out1_clk_wiz_0  {rise@0.000ns fall@20.000ns period=40.000ns})
  Destination:            Display/vPos_reg[9]/CE
                            (rising edge-triggered cell FDCE clocked by clk_out1_clk_wiz_0  {rise@0.000ns fall@20.000ns period=40.000ns})
  Path Group:             clk_out1_clk_wiz_0
  Path Type:              Setup (Max at Slow Process Corner)
  Requirement:            40.000ns  (clk_out1_clk_wiz_0 rise@40.000ns - clk_out1_clk_wiz_0 rise@0.000ns)
  Data Path Delay:        3.398ns  (logic 1.127ns (33.169%)  route 2.271ns (66.831%))
  Logic Levels:           2  (LUT5=1 LUT6=1)
  Clock Path Skew:        -0.025ns (DCD - SCD + CPR)
    Destination Clock Delay (DCD):    2.660ns = ( 42.660 - 40.000 ) 
    Source Clock Delay      (SCD):    2.801ns
    Clock Pessimism Removal (CPR):    0.116ns
  Clock Uncertainty:      0.180ns  ((TSJ^2 + DJ^2)^1/2) / 2 + PE
    Total System Jitter     (TSJ):    0.071ns
    Discrete Jitter          (DJ):    0.352ns
    Phase Error              (PE):    0.000ns

    Location             Delay type                Incr(ns)  Path(ns)    Netlist Resource(s)
  -------------------------------------------------------------------    -------------------
                         (clock clk_out1_clk_wiz_0 rise edge)
                                                      0.000     0.000 r  
    E3                                                0.000     0.000 r  clk (IN)
                         net (fo=0)                   0.000     0.000    pll/inst/clk_in1
    E3                   IBUF (Prop_ibuf_I_O)         1.482     1.482 r  pll/inst/clkin1_ibufg/O
                         net (fo=1, routed)           1.253     2.735    pll/inst/clk_in1_clk_wiz_0
    PLLE2_ADV_X1Y2       PLLE2_ADV (Prop_plle2_adv_CLKIN1_CLKOUT0)
                                                     -3.459    -0.724 r  pll/inst/plle2_adv_inst/CLKOUT0
                         net (fo=1, routed)           1.713     0.989    pll/inst/clk_out1_clk_wiz_0
    BUFGCTRL_X0Y16       BUFG (Prop_bufg_I_O)         0.096     1.085 r  pll/inst/clkout1_buf/O
                         net (fo=40, routed)          1.716     2.801    Display/clk_out1
    SLICE_X88Y103        FDCE                                         r  Display/hPos_reg[1]/C
  -------------------------------------------------------------------    -------------------
    SLICE_X88Y103        FDCE (Prop_fdce_C_Q)         0.478     3.279 r  Display/hPos_reg[1]/Q
                         net (fo=6, routed)           0.991     4.270    Display/hPos_reg[6]_0[1]
    SLICE_X87Y102        LUT5 (Prop_lut5_I1_O)        0.323     4.593 f  Display/hPos[9]_i_2/O
                         net (fo=6, routed)           0.459     5.052    Display/hPos[9]_i_2_n_0
    SLICE_X86Y102        LUT6 (Prop_lut6_I5_O)        0.326     5.378 r  Display/vPos[9]_i_1/O
                         net (fo=10, routed)          0.820     6.199    Display/vPos
    SLICE_X86Y103        FDCE                                         r  Display/vPos_reg[9]/CE
  -------------------------------------------------------------------    -------------------

                         (clock clk_out1_clk_wiz_0 rise edge)
                                                     40.000    40.000 r  
    E3                                                0.000    40.000 r  clk (IN)
                         net (fo=0)                   0.000    40.000    pll/inst/clk_in1
    E3                   IBUF (Prop_ibuf_I_O)         1.411    41.411 r  pll/inst/clkin1_ibufg/O
                         net (fo=1, routed)           1.181    42.592    pll/inst/clk_in1_clk_wiz_0
    PLLE2_ADV_X1Y2       PLLE2_ADV (Prop_plle2_adv_CLKIN1_CLKOUT0)
                                                     -3.253    39.339 r  pll/inst/plle2_adv_inst/CLKOUT0
                         net (fo=1, routed)           1.634    40.973    pll/inst/clk_out1_clk_wiz_0
    BUFGCTRL_X0Y16       BUFG (Prop_bufg_I_O)         0.091    41.064 r  pll/inst/clkout1_buf/O
                         net (fo=40, routed)          1.596    42.660    Display/clk_out1
    SLICE_X86Y103        FDCE                                         r  Display/vPos_reg[9]/C
                         clock pessimism              0.116    42.776    
                         clock uncertainty           -0.180    42.596    
    SLICE_X86Y103        FDCE (Setup_fdce_C_CE)      -0.205    42.391    Display/vPos_reg[9]
  -------------------------------------------------------------------
                         required time                         42.391    
                         arrival time                          -6.199    
  -------------------------------------------------------------------
                         slack                                 36.193    

Slack (MET) :             36.484ns  (required time - arrival time)
  Source:                 Display/hPos_reg[1]/C
                            (rising edge-triggered cell FDCE clocked by clk_out1_clk_wiz_0  {rise@0.000ns fall@20.000ns period=40.000ns})
  Destination:            Display/vPos_reg[0]/CE
                            (rising edge-triggered cell FDCE clocked by clk_out1_clk_wiz_0  {rise@0.000ns fall@20.000ns period=40.000ns})
  Path Group:             clk_out1_clk_wiz_0
  Path Type:              Setup (Max at Slow Process Corner)
  Requirement:            40.000ns  (clk_out1_clk_wiz_0 rise@40.000ns - clk_out1_clk_wiz_0 rise@0.000ns)
  Data Path Delay:        3.088ns  (logic 1.127ns (36.498%)  route 1.961ns (63.502%))
  Logic Levels:           2  (LUT5=1 LUT6=1)
  Clock Path Skew:        -0.043ns (DCD - SCD + CPR)
    Destination Clock Delay (DCD):    2.658ns = ( 42.658 - 40.000 ) 
    Source Clock Delay      (SCD):    2.801ns
    Clock Pessimism Removal (CPR):    0.100ns
  Clock Uncertainty:      0.180ns  ((TSJ^2 + DJ^2)^1/2) / 2 + PE
    Total System Jitter     (TSJ):    0.071ns
    Discrete Jitter          (DJ):    0.352ns
    Phase Error              (PE):    0.000ns

    Location             Delay type                Incr(ns)  Path(ns)    Netlist Resource(s)
  -------------------------------------------------------------------    -------------------
                         (clock clk_out1_clk_wiz_0 rise edge)
                                                      0.000     0.000 r  
    E3                                                0.000     0.000 r  clk (IN)
                         net (fo=0)                   0.000     0.000    pll/inst/clk_in1
    E3                   IBUF (Prop_ibuf_I_O)         1.482     1.482 r  pll/inst/clkin1_ibufg/O
                         net (fo=1, routed)           1.253     2.735    pll/inst/clk_in1_clk_wiz_0
    PLLE2_ADV_X1Y2       PLLE2_ADV (Prop_plle2_adv_CLKIN1_CLKOUT0)
                                                     -3.459    -0.724 r  pll/inst/plle2_adv_inst/CLKOUT0
                         net (fo=1, routed)           1.713     0.989    pll/inst/clk_out1_clk_wiz_0
    BUFGCTRL_X0Y16       BUFG (Prop_bufg_I_O)         0.096     1.085 r  pll/inst/clkout1_buf/O
                         net (fo=40, routed)          1.716     2.801    Display/clk_out1
    SLICE_X88Y103        FDCE                                         r  Display/hPos_reg[1]/C
  -------------------------------------------------------------------    -------------------
    SLICE_X88Y103        FDCE (Prop_fdce_C_Q)         0.478     3.279 r  Display/hPos_reg[1]/Q
                         net (fo=6, routed)           0.991     4.270    Display/hPos_reg[6]_0[1]
    SLICE_X87Y102        LUT5 (Prop_lut5_I1_O)        0.323     4.593 f  Display/hPos[9]_i_2/O
                         net (fo=6, routed)           0.459     5.052    Display/hPos[9]_i_2_n_0
    SLICE_X86Y102        LUT6 (Prop_lut6_I5_O)        0.326     5.378 r  Display/vPos[9]_i_1/O
                         net (fo=10, routed)          0.511     5.889    Display/vPos
    SLICE_X83Y103        FDCE                                         r  Display/vPos_reg[0]/CE
  -------------------------------------------------------------------    -------------------

                         (clock clk_out1_clk_wiz_0 rise edge)
                                                     40.000    40.000 r  
    E3                                                0.000    40.000 r  clk (IN)
                         net (fo=0)                   0.000    40.000    pll/inst/clk_in1
    E3                   IBUF (Prop_ibuf_I_O)         1.411    41.411 r  pll/inst/clkin1_ibufg/O
                         net (fo=1, routed)           1.181    42.592    pll/inst/clk_in1_clk_wiz_0
    PLLE2_ADV_X1Y2       PLLE2_ADV (Prop_plle2_adv_CLKIN1_CLKOUT0)
                                                     -3.253    39.339 r  pll/inst/plle2_adv_inst/CLKOUT0
                         net (fo=1, routed)           1.634    40.973    pll/inst/clk_out1_clk_wiz_0
    BUFGCTRL_X0Y16       BUFG (Prop_bufg_I_O)         0.091    41.064 r  pll/inst/clkout1_buf/O
                         net (fo=40, routed)          1.594    42.658    Display/clk_out1
    SLICE_X83Y103        FDCE                                         r  Display/vPos_reg[0]/C
                         clock pessimism              0.100    42.758    
                         clock uncertainty           -0.180    42.578    
    SLICE_X83Y103        FDCE (Setup_fdce_C_CE)      -0.205    42.373    Display/vPos_reg[0]
  -------------------------------------------------------------------
                         required time                         42.373    
                         arrival time                          -5.889    
  -------------------------------------------------------------------
                         slack                                 36.484    

Slack (MET) :             36.641ns  (required time - arrival time)
  Source:                 Display/hPos_reg[1]/C
                            (rising edge-triggered cell FDCE clocked by clk_out1_clk_wiz_0  {rise@0.000ns fall@20.000ns period=40.000ns})
  Destination:            Display/vPos_reg[6]/CE
                            (rising edge-triggered cell FDCE clocked by clk_out1_clk_wiz_0  {rise@0.000ns fall@20.000ns period=40.000ns})
  Path Group:             clk_out1_clk_wiz_0
  Path Type:              Setup (Max at Slow Process Corner)
  Requirement:            40.000ns  (clk_out1_clk_wiz_0 rise@40.000ns - clk_out1_clk_wiz_0 rise@0.000ns)
  Data Path Delay:        2.932ns  (logic 1.127ns (38.434%)  route 1.805ns (61.566%))
  Logic Levels:           2  (LUT5=1 LUT6=1)
  Clock Path Skew:        -0.042ns (DCD - SCD + CPR)
    Destination Clock Delay (DCD):    2.659ns = ( 42.659 - 40.000 ) 
    Source Clock Delay      (SCD):    2.801ns
    Clock Pessimism Removal (CPR):    0.100ns
  Clock Uncertainty:      0.180ns  ((TSJ^2 + DJ^2)^1/2) / 2 + PE
    Total System Jitter     (TSJ):    0.071ns
    Discrete Jitter          (DJ):    0.352ns
    Phase Error              (PE):    0.000ns

    Location             Delay type                Incr(ns)  Path(ns)    Netlist Resource(s)
  -------------------------------------------------------------------    -------------------
                         (clock clk_out1_clk_wiz_0 rise edge)
                                                      0.000     0.000 r  
    E3                                                0.000     0.000 r  clk (IN)
                         net (fo=0)                   0.000     0.000    pll/inst/clk_in1
    E3                   IBUF (Prop_ibuf_I_O)         1.482     1.482 r  pll/inst/clkin1_ibufg/O
                         net (fo=1, routed)           1.253     2.735    pll/inst/clk_in1_clk_wiz_0
    PLLE2_ADV_X1Y2       PLLE2_ADV (Prop_plle2_adv_CLKIN1_CLKOUT0)
                                                     -3.459    -0.724 r  pll/inst/plle2_adv_inst/CLKOUT0
                         net (fo=1, routed)           1.713     0.989    pll/inst/clk_out1_clk_wiz_0
    BUFGCTRL_X0Y16       BUFG (Prop_bufg_I_O)         0.096     1.085 r  pll/inst/clkout1_buf/O
                         net (fo=40, routed)          1.716     2.801    Display/clk_out1
    SLICE_X88Y103        FDCE                                         r  Display/hPos_reg[1]/C
  -------------------------------------------------------------------    -------------------
    SLICE_X88Y103        FDCE (Prop_fdce_C_Q)         0.478     3.279 r  Display/hPos_reg[1]/Q
                         net (fo=6, routed)           0.991     4.270    Display/hPos_reg[6]_0[1]
    SLICE_X87Y102        LUT5 (Prop_lut5_I1_O)        0.323     4.593 f  Display/hPos[9]_i_2/O
                         net (fo=6, routed)           0.459     5.052    Display/hPos[9]_i_2_n_0
    SLICE_X86Y102        LUT6 (Prop_lut6_I5_O)        0.326     5.378 r  Display/vPos[9]_i_1/O
                         net (fo=10, routed)          0.355     5.733    Display/vPos
    SLICE_X83Y102        FDCE                                         r  Display/vPos_reg[6]/CE
  -------------------------------------------------------------------    -------------------

                         (clock clk_out1_clk_wiz_0 rise edge)
                                                     40.000    40.000 r  
    E3                                                0.000    40.000 r  clk (IN)
                         net (fo=0)                   0.000    40.000    pll/inst/clk_in1
    E3                   IBUF (Prop_ibuf_I_O)         1.411    41.411 r  pll/inst/clkin1_ibufg/O
                         net (fo=1, routed)           1.181    42.592    pll/inst/clk_in1_clk_wiz_0
    PLLE2_ADV_X1Y2       PLLE2_ADV (Prop_plle2_adv_CLKIN1_CLKOUT0)
                                                     -3.253    39.339 r  pll/inst/plle2_adv_inst/CLKOUT0
                         net (fo=1, routed)           1.634    40.973    pll/inst/clk_out1_clk_wiz_0
    BUFGCTRL_X0Y16       BUFG (Prop_bufg_I_O)         0.091    41.064 r  pll/inst/clkout1_buf/O
                         net (fo=40, routed)          1.595    42.659    Display/clk_out1
    SLICE_X83Y102        FDCE                                         r  Display/vPos_reg[6]/C
                         clock pessimism              0.100    42.759    
                         clock uncertainty           -0.180    42.579    
    SLICE_X83Y102        FDCE (Setup_fdce_C_CE)      -0.205    42.374    Display/vPos_reg[6]
  -------------------------------------------------------------------
                         required time                         42.374    
                         arrival time                          -5.733    
  -------------------------------------------------------------------
                         slack                                 36.641    





Min Delay Paths
--------------------------------------------------------------------------------------
Slack (MET) :             0.185ns  (arrival time - required time)
  Source:                 Display/vPos_reg[5]/C
                            (rising edge-triggered cell FDCE clocked by clk_out1_clk_wiz_0  {rise@0.000ns fall@20.000ns period=40.000ns})
  Destination:            y_d_reg[5]/D
                            (rising edge-triggered cell FDRE clocked by clk_out1_clk_wiz_0  {rise@0.000ns fall@20.000ns period=40.000ns})
  Path Group:             clk_out1_clk_wiz_0
  Path Type:              Hold (Min at Fast Process Corner)
  Requirement:            0.000ns  (clk_out1_clk_wiz_0 rise@0.000ns - clk_out1_clk_wiz_0 rise@0.000ns)
  Data Path Delay:        0.294ns  (logic 0.141ns (47.902%)  route 0.153ns (52.098%))
  Logic Levels:           0  
  Clock Path Skew:        0.037ns (DCD - SCD - CPR)
    Destination Clock Delay (DCD):    0.962ns
    Source Clock Delay      (SCD):    0.731ns
    Clock Pessimism Removal (CPR):    0.194ns

    Location             Delay type                Incr(ns)  Path(ns)    Netlist Resource(s)
  -------------------------------------------------------------------    -------------------
                         (clock clk_out1_clk_wiz_0 rise edge)
                                                      0.000     0.000 r  
    E3                                                0.000     0.000 r  clk (IN)
                         net (fo=0)                   0.000     0.000    pll/inst/clk_in1
    E3                   IBUF (Prop_ibuf_I_O)         0.250     0.250 r  pll/inst/clkin1_ibufg/O
                         net (fo=1, routed)           0.440     0.690    pll/inst/clk_in1_clk_wiz_0
    PLLE2_ADV_X1Y2       PLLE2_ADV (Prop_plle2_adv_CLKIN1_CLKOUT0)
                                                     -1.100    -0.410 r  pll/inst/plle2_adv_inst/CLKOUT0
                         net (fo=1, routed)           0.514     0.104    pll/inst/clk_out1_clk_wiz_0
    BUFGCTRL_X0Y16       BUFG (Prop_bufg_I_O)         0.026     0.130 r  pll/inst/clkout1_buf/O
                         net (fo=40, routed)          0.601     0.731    Display/clk_out1
    SLICE_X86Y103        FDCE                                         r  Display/vPos_reg[5]/C
  -------------------------------------------------------------------    -------------------
    SLICE_X86Y103        FDCE (Prop_fdce_C_Q)         0.141     0.872 r  Display/vPos_reg[5]/Q
                         net (fo=10, routed)          0.153     1.025    Display_n_5
    SLICE_X85Y103        FDRE                                         r  y_d_reg[5]/D
  -------------------------------------------------------------------    -------------------

                         (clock clk_out1_clk_wiz_0 rise edge)
                                                      0.000     0.000 r  
    E3                                                0.000     0.000 r  clk (IN)
                         net (fo=0)                   0.000     0.000    pll/inst/clk_in1
    E3                   IBUF (Prop_ibuf_I_O)         0.438     0.438 r  pll/inst/clkin1_ibufg/O
                         net (fo=1, routed)           0.481     0.919    pll/inst/clk_in1_clk_wiz_0
    PLLE2_ADV_X1Y2       PLLE2_ADV (Prop_plle2_adv_CLKIN1_CLKOUT0)
                                                     -1.417    -0.498 r  pll/inst/plle2_adv_inst/CLKOUT0
                         net (fo=1, routed)           0.560     0.061    pll/inst/clk_out1_clk_wiz_0
    BUFGCTRL_X0Y16       BUFG (Prop_bufg_I_O)         0.029     0.090 r  pll/inst/clkout1_buf/O
                         net (fo=40, routed)          0.871     0.962    clk25
    SLICE_X85Y103        FDRE                                         r  y_d_reg[5]/C
                         clock pessimism             -0.194     0.768    
    SLICE_X85Y103        FDRE (Hold_fdre_C_D)         0.072     0.840    y_d_reg[5]
  -------------------------------------------------------------------
                         required time                         -0.840    
                         arrival time                           1.025    
  -------------------------------------------------------------------
                         slack                                  0.185    

Slack (MET) :             0.193ns  (arrival time - required time)
  Source:                 Display/hPos_reg[6]/C
                            (rising edge-triggered cell FDCE clocked by clk_out1_clk_wiz_0  {rise@0.000ns fall@20.000ns period=40.000ns})
  Destination:            x_d_reg[-1111111111]/D
                            (rising edge-triggered cell FDRE clocked by clk_out1_clk_wiz_0  {rise@0.000ns fall@20.000ns period=40.000ns})
  Path Group:             clk_out1_clk_wiz_0
  Path Type:              Hold (Min at Fast Process Corner)
  Requirement:            0.000ns  (clk_out1_clk_wiz_0 rise@0.000ns - clk_out1_clk_wiz_0 rise@0.000ns)
  Data Path Delay:        0.279ns  (logic 0.141ns (50.613%)  route 0.138ns (49.387%))
  Logic Levels:           0  
  Clock Path Skew:        0.016ns (DCD - SCD - CPR)
    Destination Clock Delay (DCD):    0.964ns
    Source Clock Delay      (SCD):    0.732ns
    Clock Pessimism Removal (CPR):    0.216ns

    Location             Delay type                Incr(ns)  Path(ns)    Netlist Resource(s)
  -------------------------------------------------------------------    -------------------
                         (clock clk_out1_clk_wiz_0 rise edge)
                                                      0.000     0.000 r  
    E3                                                0.000     0.000 r  clk (IN)
                         net (fo=0)                   0.000     0.000    pll/inst/clk_in1
    E3                   IBUF (Prop_ibuf_I_O)         0.250     0.250 r  pll/inst/clkin1_ibufg/O
                         net (fo=1, routed)           0.440     0.690    pll/inst/clk_in1_clk_wiz_0
    PLLE2_ADV_X1Y2       PLLE2_ADV (Prop_plle2_adv_CLKIN1_CLKOUT0)
                                                     -1.100    -0.410 r  pll/inst/plle2_adv_inst/CLKOUT0
                         net (fo=1, routed)           0.514     0.104    pll/inst/clk_out1_clk_wiz_0
    BUFGCTRL_X0Y16       BUFG (Prop_bufg_I_O)         0.026     0.130 r  pll/inst/clkout1_buf/O
                         net (fo=40, routed)          0.602     0.732    Display/clk_out1
    SLICE_X86Y101        FDCE                                         r  Display/hPos_reg[6]/C
  -------------------------------------------------------------------    -------------------
    SLICE_X86Y101        FDCE (Prop_fdce_C_Q)         0.141     0.873 r  Display/hPos_reg[6]/Q
                         net (fo=8, routed)           0.138     1.010    Display_n_13
    SLICE_X87Y102        FDRE                                         r  x_d_reg[-1111111111]/D
  -------------------------------------------------------------------    -------------------

                         (clock clk_out1_clk_wiz_0 rise edge)
                                                      0.000     0.000 r  
    E3                                                0.000     0.000 r  clk (IN)
                         net (fo=0)                   0.000     0.000    pll/inst/clk_in1
    E3                   IBUF (Prop_ibuf_I_O)         0.438     0.438 r  pll/inst/clkin1_ibufg/O
                         net (fo=1, routed)           0.481     0.919    pll/inst/clk_in1_clk_wiz_0
    PLLE2_ADV_X1Y2       PLLE2_ADV (Prop_plle2_adv_CLKIN1_CLKOUT0)
                                                     -1.417    -0.498 r  pll/inst/plle2_adv_inst/CLKOUT0
                         net (fo=1, routed)           0.560     0.061    pll/inst/clk_out1_clk_wiz_0
    BUFGCTRL_X0Y16       BUFG (Prop_bufg_I_O)         0.029     0.090 r  pll/inst/clkout1_buf/O
                         net (fo=40, routed)          0.873     0.964    clk25
    SLICE_X87Y102        FDRE                                         r  x_d_reg[-1111111111]/C
                         clock pessimism             -0.216     0.748    
    SLICE_X87Y102        FDRE (Hold_fdre_C_D)         0.070     0.818    x_d_reg[-1111111111]
  -------------------------------------------------------------------
                         required time                         -0.818    
                         arrival time                           1.010    
  -------------------------------------------------------------------
                         slack                                  0.193    

Slack (MET) :             0.196ns  (arrival time - required time)
  Source:                 Display/hPos_reg[4]/C
                            (rising edge-triggered cell FDCE clocked by clk_out1_clk_wiz_0  {rise@0.000ns fall@20.000ns period=40.000ns})
  Destination:            x_d_reg[4]/D
                            (rising edge-triggered cell FDRE clocked by clk_out1_clk_wiz_0  {rise@0.000ns fall@20.000ns period=40.000ns})
  Path Group:             clk_out1_clk_wiz_0
  Path Type:              Hold (Min at Fast Process Corner)
  Requirement:            0.000ns  (clk_out1_clk_wiz_0 rise@0.000ns - clk_out1_clk_wiz_0 rise@0.000ns)
  Data Path Delay:        0.283ns  (logic 0.141ns (49.819%)  route 0.142ns (50.181%))
  Logic Levels:           0  
  Clock Path Skew:        0.015ns (DCD - SCD - CPR)
    Destination Clock Delay (DCD):    0.963ns
    Source Clock Delay      (SCD):    0.732ns
    Clock Pessimism Removal (CPR):    0.216ns

    Location             Delay type                Incr(ns)  Path(ns)    Netlist Resource(s)
  -------------------------------------------------------------------    -------------------
                         (clock clk_out1_clk_wiz_0 rise edge)
                                                      0.000     0.000 r  
    E3                                                0.000     0.000 r  clk (IN)
                         net (fo=0)                   0.000     0.000    pll/inst/clk_in1
    E3                   IBUF (Prop_ibuf_I_O)         0.250     0.250 r  pll/inst/clkin1_ibufg/O
                         net (fo=1, routed)           0.440     0.690    pll/inst/clk_in1_clk_wiz_0
    PLLE2_ADV_X1Y2       PLLE2_ADV (Prop_plle2_adv_CLKIN1_CLKOUT0)
                                                     -1.100    -0.410 r  pll/inst/plle2_adv_inst/CLKOUT0
                         net (fo=1, routed)           0.514     0.104    pll/inst/clk_out1_clk_wiz_0
    BUFGCTRL_X0Y16       BUFG (Prop_bufg_I_O)         0.026     0.130 r  pll/inst/clkout1_buf/O
                         net (fo=40, routed)          0.602     0.732    Display/clk_out1
    SLICE_X86Y102        FDCE                                         r  Display/hPos_reg[4]/C
  -------------------------------------------------------------------    -------------------
    SLICE_X86Y102        FDCE (Prop_fdce_C_Q)         0.141     0.873 r  Display/hPos_reg[4]/Q
                         net (fo=4, routed)           0.142     1.015    Display_n_15
    SLICE_X87Y103        FDRE                                         r  x_d_reg[4]/D
  -------------------------------------------------------------------    -------------------

                         (clock clk_out1_clk_wiz_0 rise edge)
                                                      0.000     0.000 r  
    E3                                                0.000     0.000 r  clk (IN)
                         net (fo=0)                   0.000     0.000    pll/inst/clk_in1
    E3                   IBUF (Prop_ibuf_I_O)         0.438     0.438 r  pll/inst/clkin1_ibufg/O
                         net (fo=1, routed)           0.481     0.919    pll/inst/clk_in1_clk_wiz_0
    PLLE2_ADV_X1Y2       PLLE2_ADV (Prop_plle2_adv_CLKIN1_CLKOUT0)
                                                     -1.417    -0.498 r  pll/inst/plle2_adv_inst/CLKOUT0
                         net (fo=1, routed)           0.560     0.061    pll/inst/clk_out1_clk_wiz_0
    BUFGCTRL_X0Y16       BUFG (Prop_bufg_I_O)         0.029     0.090 r  pll/inst/clkout1_buf/O
                         net (fo=40, routed)          0.872     0.963    clk25
    SLICE_X87Y103        FDRE                                         r  x_d_reg[4]/C
                         clock pessimism             -0.216     0.747    
    SLICE_X87Y103        FDRE (Hold_fdre_C_D)         0.072     0.819    x_d_reg[4]
  -------------------------------------------------------------------
                         required time                         -0.819    
                         arrival time                           1.015    
  -------------------------------------------------------------------
                         slack                                  0.196    

Slack (MET) :             0.197ns  (arrival time - required time)
  Source:                 Display/vPos_reg[2]/C
                            (rising edge-triggered cell FDCE clocked by clk_out1_clk_wiz_0  {rise@0.000ns fall@20.000ns period=40.000ns})
  Destination:            y_d_reg[2]/D
                            (rising edge-triggered cell FDRE clocked by clk_out1_clk_wiz_0  {rise@0.000ns fall@20.000ns period=40.000ns})
  Path Group:             clk_out1_clk_wiz_0
  Path Type:              Hold (Min at Fast Process Corner)
  Requirement:            0.000ns  (clk_out1_clk_wiz_0 rise@0.000ns - clk_out1_clk_wiz_0 rise@0.000ns)
  Data Path Delay:        0.305ns  (logic 0.141ns (46.252%)  route 0.164ns (53.748%))
  Logic Levels:           0  
  Clock Path Skew:        0.038ns (DCD - SCD - CPR)
    Destination Clock Delay (DCD):    0.963ns
    Source Clock Delay      (SCD):    0.731ns
    Clock Pessimism Removal (CPR):    0.194ns

    Location             Delay type                Incr(ns)  Path(ns)    Netlist Resource(s)
  -------------------------------------------------------------------    -------------------
                         (clock clk_out1_clk_wiz_0 rise edge)
                                                      0.000     0.000 r  
    E3                                                0.000     0.000 r  clk (IN)
                         net (fo=0)                   0.000     0.000    pll/inst/clk_in1
    E3                   IBUF (Prop_ibuf_I_O)         0.250     0.250 r  pll/inst/clkin1_ibufg/O
                         net (fo=1, routed)           0.440     0.690    pll/inst/clk_in1_clk_wiz_0
    PLLE2_ADV_X1Y2       PLLE2_ADV (Prop_plle2_adv_CLKIN1_CLKOUT0)
                                                     -1.100    -0.410 r  pll/inst/plle2_adv_inst/CLKOUT0
                         net (fo=1, routed)           0.514     0.104    pll/inst/clk_out1_clk_wiz_0
    BUFGCTRL_X0Y16       BUFG (Prop_bufg_I_O)         0.026     0.130 r  pll/inst/clkout1_buf/O
                         net (fo=40, routed)          0.601     0.731    Display/clk_out1
    SLICE_X86Y103        FDCE                                         r  Display/vPos_reg[2]/C
  -------------------------------------------------------------------    -------------------
    SLICE_X86Y103        FDCE (Prop_fdce_C_Q)         0.141     0.872 r  Display/vPos_reg[2]/Q
                         net (fo=8, routed)           0.164     1.036    Display_n_8
    SLICE_X85Y102        FDRE                                         r  y_d_reg[2]/D
  -------------------------------------------------------------------    -------------------

                         (clock clk_out1_clk_wiz_0 rise edge)
                                                      0.000     0.000 r  
    E3                                                0.000     0.000 r  clk (IN)
                         net (fo=0)                   0.000     0.000    pll/inst/clk_in1
    E3                   IBUF (Prop_ibuf_I_O)         0.438     0.438 r  pll/inst/clkin1_ibufg/O
                         net (fo=1, routed)           0.481     0.919    pll/inst/clk_in1_clk_wiz_0
    PLLE2_ADV_X1Y2       PLLE2_ADV (Prop_plle2_adv_CLKIN1_CLKOUT0)
                                                     -1.417    -0.498 r  pll/inst/plle2_adv_inst/CLKOUT0
                         net (fo=1, routed)           0.560     0.061    pll/inst/clk_out1_clk_wiz_0
    BUFGCTRL_X0Y16       BUFG (Prop_bufg_I_O)         0.029     0.090 r  pll/inst/clkout1_buf/O
                         net (fo=40, routed)          0.873     0.963    clk25
    SLICE_X85Y102        FDRE                                         r  y_d_reg[2]/C
                         clock pessimism             -0.194     0.769    
    SLICE_X85Y102        FDRE (Hold_fdre_C_D)         0.070     0.839    y_d_reg[2]
  -------------------------------------------------------------------
                         required time                         -0.839    
                         arrival time                           1.036    
  -------------------------------------------------------------------
                         slack                                  0.197    

Slack (MET) :             0.227ns  (arrival time - required time)
  Source:                 Display/hPos_reg[0]/C
                            (rising edge-triggered cell FDCE clocked by clk_out1_clk_wiz_0  {rise@0.000ns fall@20.000ns period=40.000ns})
  Destination:            Display/hPos_reg[3]/D
                            (rising edge-triggered cell FDCE clocked by clk_out1_clk_wiz_0  {rise@0.000ns fall@20.000ns period=40.000ns})
  Path Group:             clk_out1_clk_wiz_0
  Path Type:              Hold (Min at Fast Process Corner)
  Requirement:            0.000ns  (clk_out1_clk_wiz_0 rise@0.000ns - clk_out1_clk_wiz_0 rise@0.000ns)
  Data Path Delay:        0.375ns  (logic 0.212ns (56.496%)  route 0.163ns (43.504%))
  Logic Levels:           1  (LUT4=1)
  Clock Path Skew:        0.017ns (DCD - SCD - CPR)
    Destination Clock Delay (DCD):    0.964ns
    Source Clock Delay      (SCD):    0.731ns
    Clock Pessimism Removal (CPR):    0.216ns

    Location             Delay type                Incr(ns)  Path(ns)    Netlist Resource(s)
  -------------------------------------------------------------------    -------------------
                         (clock clk_out1_clk_wiz_0 rise edge)
                                                      0.000     0.000 r  
    E3                                                0.000     0.000 r  clk (IN)
                         net (fo=0)                   0.000     0.000    pll/inst/clk_in1
    E3                   IBUF (Prop_ibuf_I_O)         0.250     0.250 r  pll/inst/clkin1_ibufg/O
                         net (fo=1, routed)           0.440     0.690    pll/inst/clk_in1_clk_wiz_0
    PLLE2_ADV_X1Y2       PLLE2_ADV (Prop_plle2_adv_CLKIN1_CLKOUT0)
                                                     -1.100    -0.410 r  pll/inst/plle2_adv_inst/CLKOUT0
                         net (fo=1, routed)           0.514     0.104    pll/inst/clk_out1_clk_wiz_0
    BUFGCTRL_X0Y16       BUFG (Prop_bufg_I_O)         0.026     0.130 r  pll/inst/clkout1_buf/O
                         net (fo=40, routed)          0.601     0.731    Display/clk_out1
    SLICE_X88Y103        FDCE                                         r  Display/hPos_reg[0]/C
  -------------------------------------------------------------------    -------------------
    SLICE_X88Y103        FDCE (Prop_fdce_C_Q)         0.164     0.895 r  Display/hPos_reg[0]/Q
                         net (fo=7, routed)           0.163     1.058    Display/hPos_reg[6]_0[0]
    SLICE_X88Y102        LUT4 (Prop_lut4_I1_O)        0.048     1.106 r  Display/hPos[3]_i_1/O
                         net (fo=1, routed)           0.000     1.106    Display/hPos[3]
    SLICE_X88Y102        FDCE                                         r  Display/hPos_reg[3]/D
  -------------------------------------------------------------------    -------------------

                         (clock clk_out1_clk_wiz_0 rise edge)
                                                      0.000     0.000 r  
    E3                                                0.000     0.000 r  clk (IN)
                         net (fo=0)                   0.000     0.000    pll/inst/clk_in1
    E3                   IBUF (Prop_ibuf_I_O)         0.438     0.438 r  pll/inst/clkin1_ibufg/O
                         net (fo=1, routed)           0.481     0.919    pll/inst/clk_in1_clk_wiz_0
    PLLE2_ADV_X1Y2       PLLE2_ADV (Prop_plle2_adv_CLKIN1_CLKOUT0)
                                                     -1.417    -0.498 r  pll/inst/plle2_adv_inst/CLKOUT0
                         net (fo=1, routed)           0.560     0.061    pll/inst/clk_out1_clk_wiz_0
    BUFGCTRL_X0Y16       BUFG (Prop_bufg_I_O)         0.029     0.090 r  pll/inst/clkout1_buf/O
                         net (fo=40, routed)          0.873     0.964    Display/clk_out1
    SLICE_X88Y102        FDCE                                         r  Display/hPos_reg[3]/C
                         clock pessimism             -0.216     0.748    
    SLICE_X88Y102        FDCE (Hold_fdce_C_D)         0.131     0.879    Display/hPos_reg[3]
  -------------------------------------------------------------------
                         required time                         -0.879    
                         arrival time                           1.106    
  -------------------------------------------------------------------
                         slack                                  0.227    

Slack (MET) :             0.231ns  (arrival time - required time)
  Source:                 Display/vPos_reg[0]/C
                            (rising edge-triggered cell FDCE clocked by clk_out1_clk_wiz_0  {rise@0.000ns fall@20.000ns period=40.000ns})
  Destination:            y_d_reg[0]/D
                            (rising edge-triggered cell FDRE clocked by clk_out1_clk_wiz_0  {rise@0.000ns fall@20.000ns period=40.000ns})
  Path Group:             clk_out1_clk_wiz_0
  Path Type:              Hold (Min at Fast Process Corner)
  Requirement:            0.000ns  (clk_out1_clk_wiz_0 rise@0.000ns - clk_out1_clk_wiz_0 rise@0.000ns)
  Data Path Delay:        0.317ns  (logic 0.141ns (44.418%)  route 0.176ns (55.582%))
  Logic Levels:           0  
  Clock Path Skew:        0.016ns (DCD - SCD - CPR)
    Destination Clock Delay (DCD):    0.962ns
    Source Clock Delay      (SCD):    0.730ns
    Clock Pessimism Removal (CPR):    0.216ns

    Location             Delay type                Incr(ns)  Path(ns)    Netlist Resource(s)
  -------------------------------------------------------------------    -------------------
                         (clock clk_out1_clk_wiz_0 rise edge)
                                                      0.000     0.000 r  
    E3                                                0.000     0.000 r  clk (IN)
                         net (fo=0)                   0.000     0.000    pll/inst/clk_in1
    E3                   IBUF (Prop_ibuf_I_O)         0.250     0.250 r  pll/inst/clkin1_ibufg/O
                         net (fo=1, routed)           0.440     0.690    pll/inst/clk_in1_clk_wiz_0
    PLLE2_ADV_X1Y2       PLLE2_ADV (Prop_plle2_adv_CLKIN1_CLKOUT0)
                                                     -1.100    -0.410 r  pll/inst/plle2_adv_inst/CLKOUT0
                         net (fo=1, routed)           0.514     0.104    pll/inst/clk_out1_clk_wiz_0
    BUFGCTRL_X0Y16       BUFG (Prop_bufg_I_O)         0.026     0.130 r  pll/inst/clkout1_buf/O
                         net (fo=40, routed)          0.600     0.730    Display/clk_out1
    SLICE_X83Y103        FDCE                                         r  Display/vPos_reg[0]/C
  -------------------------------------------------------------------    -------------------
    SLICE_X83Y103        FDCE (Prop_fdce_C_Q)         0.141     0.871 r  Display/vPos_reg[0]/Q
                         net (fo=10, routed)          0.176     1.047    Display_n_10
    SLICE_X85Y103        FDRE                                         r  y_d_reg[0]/D
  -------------------------------------------------------------------    -------------------

                         (clock clk_out1_clk_wiz_0 rise edge)
                                                      0.000     0.000 r  
    E3                                                0.000     0.000 r  clk (IN)
                         net (fo=0)                   0.000     0.000    pll/inst/clk_in1
    E3                   IBUF (Prop_ibuf_I_O)         0.438     0.438 r  pll/inst/clkin1_ibufg/O
                         net (fo=1, routed)           0.481     0.919    pll/inst/clk_in1_clk_wiz_0
    PLLE2_ADV_X1Y2       PLLE2_ADV (Prop_plle2_adv_CLKIN1_CLKOUT0)
                                                     -1.417    -0.498 r  pll/inst/plle2_adv_inst/CLKOUT0
                         net (fo=1, routed)           0.560     0.061    pll/inst/clk_out1_clk_wiz_0
    BUFGCTRL_X0Y16       BUFG (Prop_bufg_I_O)         0.029     0.090 r  pll/inst/clkout1_buf/O
                         net (fo=40, routed)          0.871     0.962    clk25
    SLICE_X85Y103        FDRE                                         r  y_d_reg[0]/C
                         clock pessimism             -0.216     0.746    
    SLICE_X85Y103        FDRE (Hold_fdre_C_D)         0.070     0.816    y_d_reg[0]
  -------------------------------------------------------------------
                         required time                         -0.816    
                         arrival time                           1.047    
  -------------------------------------------------------------------
                         slack                                  0.231    

Slack (MET) :             0.235ns  (arrival time - required time)
  Source:                 Display/hPos_reg[0]/C
                            (rising edge-triggered cell FDCE clocked by clk_out1_clk_wiz_0  {rise@0.000ns fall@20.000ns period=40.000ns})
  Destination:            Display/hPos_reg[2]/D
                            (rising edge-triggered cell FDCE clocked by clk_out1_clk_wiz_0  {rise@0.000ns fall@20.000ns period=40.000ns})
  Path Group:             clk_out1_clk_wiz_0
  Path Type:              Hold (Min at Fast Process Corner)
  Requirement:            0.000ns  (clk_out1_clk_wiz_0 rise@0.000ns - clk_out1_clk_wiz_0 rise@0.000ns)
  Data Path Delay:        0.372ns  (logic 0.209ns (56.146%)  route 0.163ns (43.854%))
  Logic Levels:           1  (LUT3=1)
  Clock Path Skew:        0.017ns (DCD - SCD - CPR)
    Destination Clock Delay (DCD):    0.964ns
    Source Clock Delay      (SCD):    0.731ns
    Clock Pessimism Removal (CPR):    0.216ns

    Location             Delay type                Incr(ns)  Path(ns)    Netlist Resource(s)
  -------------------------------------------------------------------    -------------------
                         (clock clk_out1_clk_wiz_0 rise edge)
                                                      0.000     0.000 r  
    E3                                                0.000     0.000 r  clk (IN)
                         net (fo=0)                   0.000     0.000    pll/inst/clk_in1
    E3                   IBUF (Prop_ibuf_I_O)         0.250     0.250 r  pll/inst/clkin1_ibufg/O
                         net (fo=1, routed)           0.440     0.690    pll/inst/clk_in1_clk_wiz_0
    PLLE2_ADV_X1Y2       PLLE2_ADV (Prop_plle2_adv_CLKIN1_CLKOUT0)
                                                     -1.100    -0.410 r  pll/inst/plle2_adv_inst/CLKOUT0
                         net (fo=1, routed)           0.514     0.104    pll/inst/clk_out1_clk_wiz_0
    BUFGCTRL_X0Y16       BUFG (Prop_bufg_I_O)         0.026     0.130 r  pll/inst/clkout1_buf/O
                         net (fo=40, routed)          0.601     0.731    Display/clk_out1
    SLICE_X88Y103        FDCE                                         r  Display/hPos_reg[0]/C
  -------------------------------------------------------------------    -------------------
    SLICE_X88Y103        FDCE (Prop_fdce_C_Q)         0.164     0.895 r  Display/hPos_reg[0]/Q
                         net (fo=7, routed)           0.163     1.058    Display/hPos_reg[6]_0[0]
    SLICE_X88Y102        LUT3 (Prop_lut3_I1_O)        0.045     1.103 r  Display/hPos[2]_i_1/O
                         net (fo=1, routed)           0.000     1.103    Display/hPos[2]
    SLICE_X88Y102        FDCE                                         r  Display/hPos_reg[2]/D
  -------------------------------------------------------------------    -------------------

                         (clock clk_out1_clk_wiz_0 rise edge)
                                                      0.000     0.000 r  
    E3                                                0.000     0.000 r  clk (IN)
                         net (fo=0)                   0.000     0.000    pll/inst/clk_in1
    E3                   IBUF (Prop_ibuf_I_O)         0.438     0.438 r  pll/inst/clkin1_ibufg/O
                         net (fo=1, routed)           0.481     0.919    pll/inst/clk_in1_clk_wiz_0
    PLLE2_ADV_X1Y2       PLLE2_ADV (Prop_plle2_adv_CLKIN1_CLKOUT0)
                                                     -1.417    -0.498 r  pll/inst/plle2_adv_inst/CLKOUT0
                         net (fo=1, routed)           0.560     0.061    pll/inst/clk_out1_clk_wiz_0
    BUFGCTRL_X0Y16       BUFG (Prop_bufg_I_O)         0.029     0.090 r  pll/inst/clkout1_buf/O
                         net (fo=40, routed)          0.873     0.964    Display/clk_out1
    SLICE_X88Y102        FDCE                                         r  Display/hPos_reg[2]/C
                         clock pessimism             -0.216     0.748    
    SLICE_X88Y102        FDCE (Hold_fdce_C_D)         0.120     0.868    Display/hPos_reg[2]
  -------------------------------------------------------------------
                         required time                         -0.868    
                         arrival time                           1.103    
  -------------------------------------------------------------------
                         slack                                  0.235    

Slack (MET) :             0.243ns  (arrival time - required time)
  Source:                 Display/hPos_reg[0]/C
                            (rising edge-triggered cell FDCE clocked by clk_out1_clk_wiz_0  {rise@0.000ns fall@20.000ns period=40.000ns})
  Destination:            x_d_reg[0]/D
                            (rising edge-triggered cell FDRE clocked by clk_out1_clk_wiz_0  {rise@0.000ns fall@20.000ns period=40.000ns})
  Path Group:             clk_out1_clk_wiz_0
  Path Type:              Hold (Min at Fast Process Corner)
  Requirement:            0.000ns  (clk_out1_clk_wiz_0 rise@0.000ns - clk_out1_clk_wiz_0 rise@0.000ns)
  Data Path Delay:        0.329ns  (logic 0.164ns (49.807%)  route 0.165ns (50.193%))
  Logic Levels:           0  
  Clock Path Skew:        0.016ns (DCD - SCD - CPR)
    Destination Clock Delay (DCD):    0.963ns
    Source Clock Delay      (SCD):    0.731ns
    Clock Pessimism Removal (CPR):    0.216ns

    Location             Delay type                Incr(ns)  Path(ns)    Netlist Resource(s)
  -------------------------------------------------------------------    -------------------
                         (clock clk_out1_clk_wiz_0 rise edge)
                                                      0.000     0.000 r  
    E3                                                0.000     0.000 r  clk (IN)
                         net (fo=0)                   0.000     0.000    pll/inst/clk_in1
    E3                   IBUF (Prop_ibuf_I_O)         0.250     0.250 r  pll/inst/clkin1_ibufg/O
                         net (fo=1, routed)           0.440     0.690    pll/inst/clk_in1_clk_wiz_0
    PLLE2_ADV_X1Y2       PLLE2_ADV (Prop_plle2_adv_CLKIN1_CLKOUT0)
                                                     -1.100    -0.410 r  pll/inst/plle2_adv_inst/CLKOUT0
                         net (fo=1, routed)           0.514     0.104    pll/inst/clk_out1_clk_wiz_0
    BUFGCTRL_X0Y16       BUFG (Prop_bufg_I_O)         0.026     0.130 r  pll/inst/clkout1_buf/O
                         net (fo=40, routed)          0.601     0.731    Display/clk_out1
    SLICE_X88Y103        FDCE                                         r  Display/hPos_reg[0]/C
  -------------------------------------------------------------------    -------------------
    SLICE_X88Y103        FDCE (Prop_fdce_C_Q)         0.164     0.895 r  Display/hPos_reg[0]/Q
                         net (fo=7, routed)           0.165     1.060    Display_n_19
    SLICE_X87Y103        FDRE                                         r  x_d_reg[0]/D
  -------------------------------------------------------------------    -------------------

                         (clock clk_out1_clk_wiz_0 rise edge)
                                                      0.000     0.000 r  
    E3                                                0.000     0.000 r  clk (IN)
                         net (fo=0)                   0.000     0.000    pll/inst/clk_in1
    E3                   IBUF (Prop_ibuf_I_O)         0.438     0.438 r  pll/inst/clkin1_ibufg/O
                         net (fo=1, routed)           0.481     0.919    pll/inst/clk_in1_clk_wiz_0
    PLLE2_ADV_X1Y2       PLLE2_ADV (Prop_plle2_adv_CLKIN1_CLKOUT0)
                                                     -1.417    -0.498 r  pll/inst/plle2_adv_inst/CLKOUT0
                         net (fo=1, routed)           0.560     0.061    pll/inst/clk_out1_clk_wiz_0
    BUFGCTRL_X0Y16       BUFG (Prop_bufg_I_O)         0.029     0.090 r  pll/inst/clkout1_buf/O
                         net (fo=40, routed)          0.872     0.963    clk25
    SLICE_X87Y103        FDRE                                         r  x_d_reg[0]/C
                         clock pessimism             -0.216     0.747    
    SLICE_X87Y103        FDRE (Hold_fdre_C_D)         0.070     0.817    x_d_reg[0]
  -------------------------------------------------------------------
                         required time                         -0.817    
                         arrival time                           1.060    
  -------------------------------------------------------------------
                         slack                                  0.243    

Slack (MET) :             0.244ns  (arrival time - required time)
  Source:                 Display/vPos_reg[7]/C
                            (rising edge-triggered cell FDCE clocked by clk_out1_clk_wiz_0  {rise@0.000ns fall@20.000ns period=40.000ns})
  Destination:            Display/vPos_reg[8]/D
                            (rising edge-triggered cell FDCE clocked by clk_out1_clk_wiz_0  {rise@0.000ns fall@20.000ns period=40.000ns})
  Path Group:             clk_out1_clk_wiz_0
  Path Type:              Hold (Min at Fast Process Corner)
  Requirement:            0.000ns  (clk_out1_clk_wiz_0 rise@0.000ns - clk_out1_clk_wiz_0 rise@0.000ns)
  Data Path Delay:        0.351ns  (logic 0.183ns (52.101%)  route 0.168ns (47.899%))
  Logic Levels:           1  (LUT5=1)
  Clock Path Skew:        0.000ns (DCD - SCD - CPR)
    Destination Clock Delay (DCD):    0.963ns
    Source Clock Delay      (SCD):    0.731ns
    Clock Pessimism Removal (CPR):    0.232ns

    Location             Delay type                Incr(ns)  Path(ns)    Netlist Resource(s)
  -------------------------------------------------------------------    -------------------
                         (clock clk_out1_clk_wiz_0 rise edge)
                                                      0.000     0.000 r  
    E3                                                0.000     0.000 r  clk (IN)
                         net (fo=0)                   0.000     0.000    pll/inst/clk_in1
    E3                   IBUF (Prop_ibuf_I_O)         0.250     0.250 r  pll/inst/clkin1_ibufg/O
                         net (fo=1, routed)           0.440     0.690    pll/inst/clk_in1_clk_wiz_0
    PLLE2_ADV_X1Y2       PLLE2_ADV (Prop_plle2_adv_CLKIN1_CLKOUT0)
                                                     -1.100    -0.410 r  pll/inst/plle2_adv_inst/CLKOUT0
                         net (fo=1, routed)           0.514     0.104    pll/inst/clk_out1_clk_wiz_0
    BUFGCTRL_X0Y16       BUFG (Prop_bufg_I_O)         0.026     0.130 r  pll/inst/clkout1_buf/O
                         net (fo=40, routed)          0.601     0.731    Display/clk_out1
    SLICE_X83Y102        FDCE                                         r  Display/vPos_reg[7]/C
  -------------------------------------------------------------------    -------------------
    SLICE_X83Y102        FDCE (Prop_fdce_C_Q)         0.141     0.872 r  Display/vPos_reg[7]/Q
                         net (fo=8, routed)           0.168     1.040    Display/Q[7]
    SLICE_X83Y102        LUT5 (Prop_lut5_I2_O)        0.042     1.082 r  Display/vPos[8]_i_1/O
                         net (fo=1, routed)           0.000     1.082    Display/vPos[8]_i_1_n_0
    SLICE_X83Y102        FDCE                                         r  Display/vPos_reg[8]/D
  -------------------------------------------------------------------    -------------------

                         (clock clk_out1_clk_wiz_0 rise edge)
                                                      0.000     0.000 r  
    E3                                                0.000     0.000 r  clk (IN)
                         net (fo=0)                   0.000     0.000    pll/inst/clk_in1
    E3                   IBUF (Prop_ibuf_I_O)         0.438     0.438 r  pll/inst/clkin1_ibufg/O
                         net (fo=1, routed)           0.481     0.919    pll/inst/clk_in1_clk_wiz_0
    PLLE2_ADV_X1Y2       PLLE2_ADV (Prop_plle2_adv_CLKIN1_CLKOUT0)
                                                     -1.417    -0.498 r  pll/inst/plle2_adv_inst/CLKOUT0
                         net (fo=1, routed)           0.560     0.061    pll/inst/clk_out1_clk_wiz_0
    BUFGCTRL_X0Y16       BUFG (Prop_bufg_I_O)         0.029     0.090 r  pll/inst/clkout1_buf/O
                         net (fo=40, routed)          0.873     0.963    Display/clk_out1
    SLICE_X83Y102        FDCE                                         r  Display/vPos_reg[8]/C
                         clock pessimism             -0.232     0.731    
    SLICE_X83Y102        FDCE (Hold_fdce_C_D)         0.107     0.838    Display/vPos_reg[8]
  -------------------------------------------------------------------
                         required time                         -0.838    
                         arrival time                           1.082    
  -------------------------------------------------------------------
                         slack                                  0.244    

Slack (MET) :             0.245ns  (arrival time - required time)
  Source:                 Display/hPos_reg[3]/C
                            (rising edge-triggered cell FDCE clocked by clk_out1_clk_wiz_0  {rise@0.000ns fall@20.000ns period=40.000ns})
  Destination:            x_d_reg[3]/D
                            (rising edge-triggered cell FDRE clocked by clk_out1_clk_wiz_0  {rise@0.000ns fall@20.000ns period=40.000ns})
  Path Group:             clk_out1_clk_wiz_0
  Path Type:              Hold (Min at Fast Process Corner)
  Requirement:            0.000ns  (clk_out1_clk_wiz_0 rise@0.000ns - clk_out1_clk_wiz_0 rise@0.000ns)
  Data Path Delay:        0.274ns  (logic 0.148ns (53.920%)  route 0.126ns (46.080%))
  Logic Levels:           0  
  Clock Path Skew:        0.016ns (DCD - SCD - CPR)
    Destination Clock Delay (DCD):    0.964ns
    Source Clock Delay      (SCD):    0.732ns
    Clock Pessimism Removal (CPR):    0.216ns

    Location             Delay type                Incr(ns)  Path(ns)    Netlist Resource(s)
  -------------------------------------------------------------------    -------------------
                         (clock clk_out1_clk_wiz_0 rise edge)
                                                      0.000     0.000 r  
    E3                                                0.000     0.000 r  clk (IN)
                         net (fo=0)                   0.000     0.000    pll/inst/clk_in1
    E3                   IBUF (Prop_ibuf_I_O)         0.250     0.250 r  pll/inst/clkin1_ibufg/O
                         net (fo=1, routed)           0.440     0.690    pll/inst/clk_in1_clk_wiz_0
    PLLE2_ADV_X1Y2       PLLE2_ADV (Prop_plle2_adv_CLKIN1_CLKOUT0)
                                                     -1.100    -0.410 r  pll/inst/plle2_adv_inst/CLKOUT0
                         net (fo=1, routed)           0.514     0.104    pll/inst/clk_out1_clk_wiz_0
    BUFGCTRL_X0Y16       BUFG (Prop_bufg_I_O)         0.026     0.130 r  pll/inst/clkout1_buf/O
                         net (fo=40, routed)          0.602     0.732    Display/clk_out1
    SLICE_X88Y102        FDCE                                         r  Display/hPos_reg[3]/C
  -------------------------------------------------------------------    -------------------
    SLICE_X88Y102        FDCE (Prop_fdce_C_Q)         0.148     0.880 r  Display/hPos_reg[3]/Q
                         net (fo=4, routed)           0.126     1.006    Display_n_16
    SLICE_X87Y102        FDRE                                         r  x_d_reg[3]/D
  -------------------------------------------------------------------    -------------------

                         (clock clk_out1_clk_wiz_0 rise edge)
                                                      0.000     0.000 r  
    E3                                                0.000     0.000 r  clk (IN)
                         net (fo=0)                   0.000     0.000    pll/inst/clk_in1
    E3                   IBUF (Prop_ibuf_I_O)         0.438     0.438 r  pll/inst/clkin1_ibufg/O
                         net (fo=1, routed)           0.481     0.919    pll/inst/clk_in1_clk_wiz_0
    PLLE2_ADV_X1Y2       PLLE2_ADV (Prop_plle2_adv_CLKIN1_CLKOUT0)
                                                     -1.417    -0.498 r  pll/inst/plle2_adv_inst/CLKOUT0
                         net (fo=1, routed)           0.560     0.061    pll/inst/clk_out1_clk_wiz_0
    BUFGCTRL_X0Y16       BUFG (Prop_bufg_I_O)         0.029     0.090 r  pll/inst/clkout1_buf/O
                         net (fo=40, routed)          0.873     0.964    clk25
    SLICE_X87Y102        FDRE                                         r  x_d_reg[3]/C
                         clock pessimism             -0.216     0.748    
    SLICE_X87Y102        FDRE (Hold_fdre_C_D)         0.013     0.761    x_d_reg[3]
  -------------------------------------------------------------------
                         required time                         -0.761    
                         arrival time                           1.006    
  -------------------------------------------------------------------
                         slack                                  0.245    





Pulse Width Checks
--------------------------------------------------------------------------------------
Clock Name:         clk_out1_clk_wiz_0
Waveform(ns):       { 0.000 20.000 }
Period(ns):         40.000
Sources:            { pll/inst/plle2_adv_inst/CLKOUT0 }

Check Type        Corner  Lib Pin            Reference Pin  Required(ns)  Actual(ns)  Slack(ns)  Location        Pin
Min Period        n/a     BUFG/I             n/a            2.155         40.000      37.845     BUFGCTRL_X0Y16  pll/inst/clkout1_buf/I
Min Period        n/a     PLLE2_ADV/CLKOUT0  n/a            1.249         40.000      38.751     PLLE2_ADV_X1Y2  pll/inst/plle2_adv_inst/CLKOUT0
Min Period        n/a     FDRE/C             n/a            1.000         40.000      39.000     SLICE_X86Y104   active_d_reg/C
Min Period        n/a     FDRE/C             n/a            1.000         40.000      39.000     SLICE_X88Y101   x_d_reg[-1111111108]/C
Min Period        n/a     FDRE/C             n/a            1.000         40.000      39.000     SLICE_X88Y101   x_d_reg[-1111111109]/C
Min Period        n/a     FDRE/C             n/a            1.000         40.000      39.000     SLICE_X84Y101   x_d_reg[-1111111110]/C
Min Period        n/a     FDRE/C             n/a            1.000         40.000      39.000     SLICE_X87Y102   x_d_reg[-1111111111]/C
Min Period        n/a     FDRE/C             n/a            1.000         40.000      39.000     SLICE_X87Y103   x_d_reg[0]/C
Min Period        n/a     FDRE/C             n/a            1.000         40.000      39.000     SLICE_X87Y103   x_d_reg[1]/C
Min Period        n/a     FDRE/C             n/a            1.000         40.000      39.000     SLICE_X87Y103   x_d_reg[2]/C
Max Period        n/a     PLLE2_ADV/CLKOUT0  n/a            160.000       40.000      120.000    PLLE2_ADV_X1Y2  pll/inst/plle2_adv_inst/CLKOUT0
Low Pulse Width   Slow    FDRE/C             n/a            0.500         20.000      19.500     SLICE_X86Y104   active_d_reg/C
Low Pulse Width   Fast    FDRE/C             n/a            0.500         20.000      19.500     SLICE_X86Y104   active_d_reg/C
Low Pulse Width   Slow    FDRE/C             n/a            0.500         20.000      19.500     SLICE_X88Y101   x_d_reg[-1111111108]/C
Low Pulse Width   Fast    FDRE/C             n/a            0.500         20.000      19.500     SLICE_X88Y101   x_d_reg[-1111111108]/C
Low Pulse Width   Slow    FDRE/C             n/a            0.500         20.000      19.500     SLICE_X88Y101   x_d_reg[-1111111109]/C
Low Pulse Width   Fast    FDRE/C             n/a            0.500         20.000      19.500     SLICE_X88Y101   x_d_reg[-1111111109]/C
Low Pulse Width   Slow    FDRE/C             n/a            0.500         20.000      19.500     SLICE_X84Y101   x_d_reg[-1111111110]/C
Low Pulse Width   Fast    FDRE/C             n/a            0.500         20.000      19.500     SLICE_X84Y101   x_d_reg[-1111111110]/C
Low Pulse Width   Slow    FDRE/C             n/a            0.500         20.000      19.500     SLICE_X87Y102   x_d_reg[-1111111111]/C
Low Pulse Width   Fast    FDRE/C             n/a            0.500         20.000      19.500     SLICE_X87Y102   x_d_reg[-1111111111]/C
High Pulse Width  Slow    FDRE/C             n/a            0.500         20.000      19.500     SLICE_X86Y104   active_d_reg/C
High Pulse Width  Fast    FDRE/C             n/a            0.500         20.000      19.500     SLICE_X86Y104   active_d_reg/C
High Pulse Width  Slow    FDRE/C             n/a            0.500         20.000      19.500     SLICE_X88Y101   x_d_reg[-1111111108]/C
High Pulse Width  Fast    FDRE/C             n/a            0.500         20.000      19.500     SLICE_X88Y101   x_d_reg[-1111111108]/C
High Pulse Width  Slow    FDRE/C             n/a            0.500         20.000      19.500     SLICE_X88Y101   x_d_reg[-1111111109]/C
High Pulse Width  Fast    FDRE/C             n/a            0.500         20.000      19.500     SLICE_X88Y101   x_d_reg[-1111111109]/C
High Pulse Width  Slow    FDRE/C             n/a            0.500         20.000      19.500     SLICE_X84Y101   x_d_reg[-1111111110]/C
High Pulse Width  Fast    FDRE/C             n/a            0.500         20.000      19.500     SLICE_X84Y101   x_d_reg[-1111111110]/C
High Pulse Width  Slow    FDRE/C             n/a            0.500         20.000      19.500     SLICE_X87Y102   x_d_reg[-1111111111]/C
High Pulse Width  Fast    FDRE/C             n/a            0.500         20.000      19.500     SLICE_X87Y102   x_d_reg[-1111111111]/C



---------------------------------------------------------------------------------------------------
From Clock:  clkfbout_clk_wiz_0
  To Clock:  clkfbout_clk_wiz_0

Setup :           NA  Failing Endpoints,  Worst Slack           NA  ,  Total Violation           NA
Hold  :           NA  Failing Endpoints,  Worst Slack           NA  ,  Total Violation           NA
PW    :            0  Failing Endpoints,  Worst Slack       12.633ns,  Total Violation        0.000ns
---------------------------------------------------------------------------------------------------


Pulse Width Checks
--------------------------------------------------------------------------------------
Clock Name:         clkfbout_clk_wiz_0
Waveform(ns):       { 0.000 20.000 }
Period(ns):         40.000
Sources:            { pll/inst/plle2_adv_inst/CLKFBOUT }

Check Type  Corner  Lib Pin             Reference Pin  Required(ns)  Actual(ns)  Slack(ns)  Location        Pin
Min Period  n/a     BUFG/I              n/a            2.155         40.000      37.845     BUFGCTRL_X0Y17  pll/inst/clkf_buf/I
Min Period  n/a     PLLE2_ADV/CLKFBOUT  n/a            1.249         40.000      38.751     PLLE2_ADV_X1Y2  pll/inst/plle2_adv_inst/CLKFBOUT
Min Period  n/a     PLLE2_ADV/CLKFBIN   n/a            1.249         40.000      38.751     PLLE2_ADV_X1Y2  pll/inst/plle2_adv_inst/CLKFBIN
Max Period  n/a     PLLE2_ADV/CLKFBIN   n/a            52.633        40.000      12.633     PLLE2_ADV_X1Y2  pll/inst/plle2_adv_inst/CLKFBIN
Max Period  n/a     PLLE2_ADV/CLKFBOUT  n/a            160.000       40.000      120.000    PLLE2_ADV_X1Y2  pll/inst/plle2_adv_inst/CLKFBOUT



