Copyright 1986-2021 Xilinx, Inc. All Rights Reserved.
--------------------------------------------------------------------------------------------------------------------------------------------------------------------------------------------
| Tool Version : Vivado v.2021.1 (win64) Build 3247384 Thu Jun 10 19:36:33 MDT 2021
| Date         : Sun Apr 12 17:34:46 2026
| Host         : P1-04 running 64-bit major release  (build 9200)
| Command      : report_timing_summary -max_paths 10 -file Wrapper_timing_summary_routed.rpt -pb Wrapper_timing_summary_routed.pb -rpx Wrapper_timing_summary_routed.rpx -warn_on_violation
| Design       : Wrapper
| Device       : 7a100t-csg324
| Speed File   : -1  PRODUCTION 1.23 2018-06-13
--------------------------------------------------------------------------------------------------------------------------------------------------------------------------------------------

Timing Summary Report

------------------------------------------------------------------------------------------------
| Timer Settings
| --------------
------------------------------------------------------------------------------------------------

  Enable Multi Corner Analysis               :  Yes
  Enable Pessimism Removal                   :  Yes
  Pessimism Removal Resolution               :  Nearest Common Node
  Enable Input Delay Default Clock           :  No
  Enable Preset / Clear Arcs                 :  No
  Disable Flight Delays                      :  No
  Ignore I/O Paths                           :  No
  Timing Early Launch at Borrowing Latches   :  No
  Borrow Time for Max Delay Exceptions       :  Yes
  Merge Timing Exceptions                    :  Yes

  Corner  Analyze    Analyze    
  Name    Max Paths  Min Paths  
  ------  ---------  ---------  
  Slow    Yes        Yes        
  Fast    Yes        Yes        


------------------------------------------------------------------------------------------------
| Report Methodology
| ------------------
------------------------------------------------------------------------------------------------

Rule       Severity          Description                                                       Violations  
---------  ----------------  ----------------------------------------------------------------  ----------  
TIMING-6   Critical Warning  No common primary clock between related clocks                    2           
TIMING-14  Critical Warning  LUT on the clock tree                                             1           
TIMING-56  Warning           Missing logically or physically excluded clock groups constraint  2           

Note: This report is based on the most recent report_methodology run and may not be up-to-date. Run report_methodology on the current design for the latest report.



check_timing report

Table of Contents
-----------------
1. checking no_clock (0)
2. checking constant_clock (0)
3. checking pulse_width_clock (0)
4. checking unconstrained_internal_endpoints (0)
5. checking no_input_delay (4)
6. checking no_output_delay (30)
7. checking multiple_clock (1708)
8. checking generated_clocks (0)
9. checking loops (0)
10. checking partial_input_delay (0)
11. checking partial_output_delay (0)
12. checking latch_loops (0)

1. checking no_clock (0)
------------------------
 There are 0 register/latch pins with no clock.


2. checking constant_clock (0)
------------------------------
 There are 0 register/latch pins with constant_clock.


3. checking pulse_width_clock (0)
---------------------------------
 There are 0 register/latch pins which need pulse_width check


4. checking unconstrained_internal_endpoints (0)
------------------------------------------------
 There are 0 pins that are not constrained for maximum delay.

 There are 0 pins that are not constrained for maximum delay due to constant clock.


5. checking no_input_delay (4)
------------------------------
 There are 4 input ports with no input delay specified. (HIGH)

 There are 0 input ports with no input delay but user has a false path constraint.


6. checking no_output_delay (30)
--------------------------------
 There are 30 ports with no output delay specified. (HIGH)

 There are 0 ports with no output delay but user has a false path constraint

 There are 0 ports with no output delay but with a timing clock defined on it or propagating through it


7. checking multiple_clock (1708)
---------------------------------
 There are 1708 register/latch pins with multiple clocks. (HIGH)


8. checking generated_clocks (0)
--------------------------------
 There are 0 generated clocks that are not connected to a clock source.


9. checking loops (0)
---------------------
 There are 0 combinational loops in the design.


10. checking partial_input_delay (0)
------------------------------------
 There are 0 input ports with partial input delay specified.


11. checking partial_output_delay (0)
-------------------------------------
 There are 0 ports with partial output delay specified.


12. checking latch_loops (0)
----------------------------
 There are 0 combinational latch loops in the design through latch input



------------------------------------------------------------------------------------------------
| Design Timing Summary
| ---------------------
------------------------------------------------------------------------------------------------

    WNS(ns)      TNS(ns)  TNS Failing Endpoints  TNS Total Endpoints      WHS(ns)      THS(ns)  THS Failing Endpoints  THS Total Endpoints     WPWS(ns)     TPWS(ns)  TPWS Failing Endpoints  TPWS Total Endpoints  
    -------      -------  ---------------------  -------------------      -------      -------  ---------------------  -------------------     --------     --------  ----------------------  --------------------  
      3.298        0.000                      0                 3419        0.029        0.000                      0                 3419        3.000        0.000                       0                  1715  


All user specified timing constraints are met.


------------------------------------------------------------------------------------------------
| Clock Summary
| -------------
------------------------------------------------------------------------------------------------

Clock                   Waveform(ns)       Period(ns)      Frequency(MHz)
-----                   ------------       ----------      --------------
clk_100mhz              {0.000 5.000}      10.000          100.000         
  clk_out1_clk_wiz_0    {0.000 20.000}     40.000          25.000          
  clkfbout_clk_wiz_0    {0.000 20.000}     40.000          25.000          
sys_clk_pin             {0.000 5.000}      10.000          100.000         
  clk_out1_clk_wiz_0_1  {0.000 20.000}     40.000          25.000          
  clkfbout_clk_wiz_0_1  {0.000 20.000}     40.000          25.000          


------------------------------------------------------------------------------------------------
| Intra Clock Table
| -----------------
------------------------------------------------------------------------------------------------

Clock                       WNS(ns)      TNS(ns)  TNS Failing Endpoints  TNS Total Endpoints      WHS(ns)      THS(ns)  THS Failing Endpoints  THS Total Endpoints     WPWS(ns)     TPWS(ns)  TPWS Failing Endpoints  TPWS Total Endpoints  
-----                       -------      -------  ---------------------  -------------------      -------      -------  ---------------------  -------------------     --------     --------  ----------------------  --------------------  
clk_100mhz                                                                                                                                                                3.000        0.000                       0                     1  
  clk_out1_clk_wiz_0          3.298        0.000                      0                 3419        0.208        0.000                      0                 3419       19.500        0.000                       0                  1711  
  clkfbout_clk_wiz_0                                                                                                                                                     12.633        0.000                       0                     3  
sys_clk_pin                                                                                                                                                               3.000        0.000                       0                     1  
  clk_out1_clk_wiz_0_1        3.317        0.000                      0                 3419        0.208        0.000                      0                 3419       19.500        0.000                       0                  1711  
  clkfbout_clk_wiz_0_1                                                                                                                                                   12.633        0.000                       0                     3  


------------------------------------------------------------------------------------------------
| Inter Clock Table
| -----------------
------------------------------------------------------------------------------------------------

From Clock            To Clock                  WNS(ns)      TNS(ns)  TNS Failing Endpoints  TNS Total Endpoints      WHS(ns)      THS(ns)  THS Failing Endpoints  THS Total Endpoints  
----------            --------                  -------      -------  ---------------------  -------------------      -------      -------  ---------------------  -------------------  
clk_out1_clk_wiz_0_1  clk_out1_clk_wiz_0          3.298        0.000                      0                 3419        0.029        0.000                      0                 3419  
clk_out1_clk_wiz_0    clk_out1_clk_wiz_0_1        3.298        0.000                      0                 3419        0.029        0.000                      0                 3419  


------------------------------------------------------------------------------------------------
| Other Path Groups Table
| -----------------------
------------------------------------------------------------------------------------------------

Path Group    From Clock    To Clock          WNS(ns)      TNS(ns)  TNS Failing Endpoints  TNS Total Endpoints      WHS(ns)      THS(ns)  THS Failing Endpoints  THS Total Endpoints  
----------    ----------    --------          -------      -------  ---------------------  -------------------      -------      -------  ---------------------  -------------------  


------------------------------------------------------------------------------------------------
| Timing Details
| --------------
------------------------------------------------------------------------------------------------


---------------------------------------------------------------------------------------------------
From Clock:  clk_100mhz
  To Clock:  clk_100mhz

Setup :           NA  Failing Endpoints,  Worst Slack           NA  ,  Total Violation           NA
Hold  :           NA  Failing Endpoints,  Worst Slack           NA  ,  Total Violation           NA
PW    :            0  Failing Endpoints,  Worst Slack        3.000ns,  Total Violation        0.000ns
---------------------------------------------------------------------------------------------------


Pulse Width Checks
--------------------------------------------------------------------------------------
Clock Name:         clk_100mhz
Waveform(ns):       { 0.000 5.000 }
Period(ns):         10.000
Sources:            { clk_100mhz }

Check Type        Corner  Lib Pin           Reference Pin  Required(ns)  Actual(ns)  Slack(ns)  Location        Pin
Min Period        n/a     PLLE2_ADV/CLKIN1  n/a            1.249         10.000      8.751      PLLE2_ADV_X1Y2  clk25/inst/plle2_adv_inst/CLKIN1
Max Period        n/a     PLLE2_ADV/CLKIN1  n/a            52.633        10.000      42.633     PLLE2_ADV_X1Y2  clk25/inst/plle2_adv_inst/CLKIN1
Low Pulse Width   Slow    PLLE2_ADV/CLKIN1  n/a            2.000         5.000       3.000      PLLE2_ADV_X1Y2  clk25/inst/plle2_adv_inst/CLKIN1
Low Pulse Width   Fast    PLLE2_ADV/CLKIN1  n/a            2.000         5.000       3.000      PLLE2_ADV_X1Y2  clk25/inst/plle2_adv_inst/CLKIN1
High Pulse Width  Slow    PLLE2_ADV/CLKIN1  n/a            2.000         5.000       3.000      PLLE2_ADV_X1Y2  clk25/inst/plle2_adv_inst/CLKIN1
High Pulse Width  Fast    PLLE2_ADV/CLKIN1  n/a            2.000         5.000       3.000      PLLE2_ADV_X1Y2  clk25/inst/plle2_adv_inst/CLKIN1



---------------------------------------------------------------------------------------------------
From Clock:  clk_out1_clk_wiz_0
  To Clock:  clk_out1_clk_wiz_0

Setup :            0  Failing Endpoints,  Worst Slack        3.298ns,  Total Violation        0.000ns
Hold  :            0  Failing Endpoints,  Worst Slack        0.208ns,  Total Violation        0.000ns
PW    :            0  Failing Endpoints,  Worst Slack       19.500ns,  Total Violation        0.000ns
---------------------------------------------------------------------------------------------------


Max Delay Paths
--------------------------------------------------------------------------------------
Slack (MET) :             3.298ns  (required time - arrival time)
  Source:                 CPU/dx_insn_reg/dff_loop[29].dff/q_reg/C
                            (rising edge-triggered cell FDCE clocked by clk_out1_clk_wiz_0'  {rise@0.000ns fall@20.000ns period=40.000ns})
  Destination:            CPU/MULTDIV/reg_udividend/dff_loop[31].dff/q_reg/D
                            (rising edge-triggered cell FDRE clocked by clk_out1_clk_wiz_0  {rise@0.000ns fall@20.000ns period=40.000ns})
  Path Group:             clk_out1_clk_wiz_0
  Path Type:              Setup (Max at Slow Process Corner)
  Requirement:            20.000ns  (clk_out1_clk_wiz_0 rise@40.000ns - clk_out1_clk_wiz_0 fall@20.000ns)
  Data Path Delay:        13.412ns  (logic 2.523ns (18.812%)  route 10.889ns (81.188%))
  Logic Levels:           13  (LUT3=2 LUT4=2 LUT5=3 LUT6=6)
  Clock Path Skew:        -2.841ns (DCD - SCD + CPR)
    Destination Clock Delay (DCD):    2.561ns = ( 42.561 - 40.000 ) 
    Source Clock Delay      (SCD):    5.423ns = ( 25.423 - 20.000 ) 
    Clock Pessimism Removal (CPR):    0.020ns
  Clock Uncertainty:      0.180ns  ((TSJ^2 + DJ^2)^1/2) / 2 + PE
    Total System Jitter     (TSJ):    0.071ns
    Discrete Jitter          (DJ):    0.352ns
    Phase Error              (PE):    0.000ns

    Location             Delay type                Incr(ns)  Path(ns)    Netlist Resource(s)
  -------------------------------------------------------------------    -------------------
                         (clock clk_out1_clk_wiz_0 fall edge)
                                                     20.000    20.000 f  
    E3                                                0.000    20.000 f  clk_100mhz (IN)
                         net (fo=0)                   0.000    20.000    clk25/inst/clk_in1
    E3                   IBUF (Prop_ibuf_I_O)         1.482    21.482 f  clk25/inst/clkin1_ibufg/O
                         net (fo=1, routed)           1.253    22.735    clk25/inst/clk_in1_clk_wiz_0
    PLLE2_ADV_X1Y2       PLLE2_ADV (Prop_plle2_adv_CLKIN1_CLKOUT0)
                                                     -3.459    19.276 f  clk25/inst/plle2_adv_inst/CLKOUT0
                         net (fo=1, routed)           1.713    20.989    clk25/inst/clk_out1_clk_wiz_0
    BUFGCTRL_X0Y16       BUFG (Prop_bufg_I_O)         0.096    21.085 f  clk25/inst/clkout1_buf/O
                         net (fo=1332, routed)        1.784    22.868    clock
    SLICE_X52Y96         LUT1 (Prop_lut1_I0_O)        0.124    22.992 r  q_reg_i_10/O
                         net (fo=1, routed)           0.720    23.713    q_reg_i_10_n_0
    BUFGCTRL_X0Y0        BUFG (Prop_bufg_I_O)         0.096    23.809 r  q_reg_i_3/O
                         net (fo=377, routed)         1.614    25.423    CPU/dx_insn_reg/dff_loop[29].dff/clk0
    SLICE_X31Y129        FDCE                                         r  CPU/dx_insn_reg/dff_loop[29].dff/q_reg/C
  -------------------------------------------------------------------    -------------------
    SLICE_X31Y129        FDCE (Prop_fdce_C_Q)         0.456    25.879 r  CPU/dx_insn_reg/dff_loop[29].dff/q_reg/Q
                         net (fo=31, routed)          1.580    27.459    CPU/dx_insn_reg/dff_loop[28].dff/q_i_18__14_2
    SLICE_X36Y130        LUT5 (Prop_lut5_I3_O)        0.154    27.613 f  CPU/dx_insn_reg/dff_loop[28].dff/q_i_17__15/O
                         net (fo=7, routed)           0.772    28.385    CPU/dx_insn_reg/dff_loop[28].dff/q_i_17__15_n_0
    SLICE_X36Y134        LUT4 (Prop_lut4_I0_O)        0.327    28.712 f  CPU/dx_insn_reg/dff_loop[28].dff/q_i_14__21/O
                         net (fo=3, routed)           0.631    29.342    CPU/dx_insn_reg/dff_loop[28].dff/q_i_14__21_n_0
    SLICE_X36Y133        LUT6 (Prop_lut6_I0_O)        0.124    29.466 r  CPU/dx_insn_reg/dff_loop[28].dff/q_i_6__50/O
                         net (fo=2, routed)           0.584    30.050    CPU/dx_insn_reg/dff_loop[28].dff/q_i_6__50_n_0
    SLICE_X37Y134        LUT6 (Prop_lut6_I0_O)        0.124    30.174 r  CPU/dx_insn_reg/dff_loop[28].dff/q_i_4__89/O
                         net (fo=32, routed)          1.090    31.264    CPU/dx_insn_reg/dff_loop[28].dff/q_i_4__89_n_0
    SLICE_X44Y136        LUT5 (Prop_lut5_I1_O)        0.124    31.388 f  CPU/dx_insn_reg/dff_loop[28].dff/q_i_2__143/O
                         net (fo=22, routed)          1.329    32.717    CPU/dx_insn_reg/dff_loop[28].dff/bypass_readDataA[0]
    SLICE_X51Y125        LUT3 (Prop_lut3_I1_O)        0.150    32.867 r  CPU/dx_insn_reg/dff_loop[28].dff/q_i_2__45/O
                         net (fo=5, routed)           0.635    33.501    CPU/dx_insn_reg/dff_loop[28].dff/q_i_2__45_n_0
    SLICE_X52Y123        LUT5 (Prop_lut5_I0_O)        0.326    33.827 r  CPU/dx_insn_reg/dff_loop[28].dff/q_i_2__218/O
                         net (fo=6, routed)           0.499    34.327    CPU/dx_insn_reg/dff_loop[28].dff/q_i_2__218_n_0
    SLICE_X52Y125        LUT6 (Prop_lut6_I3_O)        0.124    34.451 r  CPU/dx_insn_reg/dff_loop[28].dff/q_i_2__43/O
                         net (fo=4, routed)           0.561    35.012    CPU/dx_insn_reg/dff_loop[28].dff/q_i_2__43_n_0
    SLICE_X55Y127        LUT6 (Prop_lut6_I1_O)        0.124    35.136 r  CPU/dx_insn_reg/dff_loop[28].dff/q_i_3__31/O
                         net (fo=2, routed)           0.471    35.607    CPU/dx_insn_reg/dff_loop[28].dff/q_i_3__31_n_0
    SLICE_X56Y128        LUT6 (Prop_lut6_I2_O)        0.124    35.731 r  CPU/dx_insn_reg/dff_loop[28].dff/q_i_2__38/O
                         net (fo=6, routed)           0.583    36.313    CPU/dx_insn_reg/dff_loop[28].dff/q_i_2__38_n_0
    SLICE_X57Y132        LUT6 (Prop_lut6_I2_O)        0.124    36.437 r  CPU/dx_insn_reg/dff_loop[28].dff/q_i_2__36/O
                         net (fo=6, routed)           0.631    37.068    CPU/dx_insn_reg/dff_loop[28].dff/q_i_2__36_n_0
    SLICE_X56Y132        LUT4 (Prop_lut4_I1_O)        0.124    37.192 r  CPU/dx_insn_reg/dff_loop[28].dff/q_i_3__30/O
                         net (fo=2, routed)           0.711    37.904    CPU/dx_insn_reg/dff_loop[28].dff/q_i_3__30_n_0
    SLICE_X52Y134        LUT3 (Prop_lut3_I0_O)        0.118    38.022 r  CPU/dx_insn_reg/dff_loop[28].dff/q_i_1__39/O
                         net (fo=1, routed)           0.813    38.834    CPU/MULTDIV/reg_udividend/dff_loop[31].dff/q_reg_0
    SLICE_X39Y135        FDRE                                         r  CPU/MULTDIV/reg_udividend/dff_loop[31].dff/q_reg/D
  -------------------------------------------------------------------    -------------------

                         (clock clk_out1_clk_wiz_0 rise edge)
                                                     40.000    40.000 r  
    E3                                                0.000    40.000 r  clk_100mhz (IN)
                         net (fo=0)                   0.000    40.000    clk25/inst/clk_in1
    E3                   IBUF (Prop_ibuf_I_O)         1.411    41.411 r  clk25/inst/clkin1_ibufg/O
                         net (fo=1, routed)           1.181    42.592    clk25/inst/clk_in1_clk_wiz_0
    PLLE2_ADV_X1Y2       PLLE2_ADV (Prop_plle2_adv_CLKIN1_CLKOUT0)
                                                     -3.253    39.339 r  clk25/inst/plle2_adv_inst/CLKOUT0
                         net (fo=1, routed)           1.634    40.973    clk25/inst/clk_out1_clk_wiz_0
    BUFGCTRL_X0Y16       BUFG (Prop_bufg_I_O)         0.091    41.064 r  clk25/inst/clkout1_buf/O
                         net (fo=1332, routed)        1.497    42.561    CPU/MULTDIV/reg_udividend/dff_loop[31].dff/clk_out1
    SLICE_X39Y135        FDRE                                         r  CPU/MULTDIV/reg_udividend/dff_loop[31].dff/q_reg/C
                         clock pessimism              0.020    42.582    
                         clock uncertainty           -0.180    42.402    
    SLICE_X39Y135        FDRE (Setup_fdre_C_D)       -0.269    42.133    CPU/MULTDIV/reg_udividend/dff_loop[31].dff/q_reg
  -------------------------------------------------------------------
                         required time                         42.133    
                         arrival time                         -38.834    
  -------------------------------------------------------------------
                         slack                                  3.298    

Slack (MET) :             4.028ns  (required time - arrival time)
  Source:                 CPU/dx_insn_reg/dff_loop[29].dff/q_reg/C
                            (rising edge-triggered cell FDCE clocked by clk_out1_clk_wiz_0'  {rise@0.000ns fall@20.000ns period=40.000ns})
  Destination:            CPU/MULTDIV/reg_udividend/dff_loop[29].dff/q_reg/D
                            (rising edge-triggered cell FDRE clocked by clk_out1_clk_wiz_0  {rise@0.000ns fall@20.000ns period=40.000ns})
  Path Group:             clk_out1_clk_wiz_0
  Path Type:              Setup (Max at Slow Process Corner)
  Requirement:            20.000ns  (clk_out1_clk_wiz_0 rise@40.000ns - clk_out1_clk_wiz_0 fall@20.000ns)
  Data Path Delay:        12.705ns  (logic 2.740ns (21.566%)  route 9.965ns (78.434%))
  Logic Levels:           13  (LUT3=3 LUT4=1 LUT5=3 LUT6=6)
  Clock Path Skew:        -2.857ns (DCD - SCD + CPR)
    Destination Clock Delay (DCD):    2.545ns = ( 42.545 - 40.000 ) 
    Source Clock Delay      (SCD):    5.423ns = ( 25.423 - 20.000 ) 
    Clock Pessimism Removal (CPR):    0.020ns
  Clock Uncertainty:      0.180ns  ((TSJ^2 + DJ^2)^1/2) / 2 + PE
    Total System Jitter     (TSJ):    0.071ns
    Discrete Jitter          (DJ):    0.352ns
    Phase Error              (PE):    0.000ns

    Location             Delay type                Incr(ns)  Path(ns)    Netlist Resource(s)
  -------------------------------------------------------------------    -------------------
                         (clock clk_out1_clk_wiz_0 fall edge)
                                                     20.000    20.000 f  
    E3                                                0.000    20.000 f  clk_100mhz (IN)
                         net (fo=0)                   0.000    20.000    clk25/inst/clk_in1
    E3                   IBUF (Prop_ibuf_I_O)         1.482    21.482 f  clk25/inst/clkin1_ibufg/O
                         net (fo=1, routed)           1.253    22.735    clk25/inst/clk_in1_clk_wiz_0
    PLLE2_ADV_X1Y2       PLLE2_ADV (Prop_plle2_adv_CLKIN1_CLKOUT0)
                                                     -3.459    19.276 f  clk25/inst/plle2_adv_inst/CLKOUT0
                         net (fo=1, routed)           1.713    20.989    clk25/inst/clk_out1_clk_wiz_0
    BUFGCTRL_X0Y16       BUFG (Prop_bufg_I_O)         0.096    21.085 f  clk25/inst/clkout1_buf/O
                         net (fo=1332, routed)        1.784    22.868    clock
    SLICE_X52Y96         LUT1 (Prop_lut1_I0_O)        0.124    22.992 r  q_reg_i_10/O
                         net (fo=1, routed)           0.720    23.713    q_reg_i_10_n_0
    BUFGCTRL_X0Y0        BUFG (Prop_bufg_I_O)         0.096    23.809 r  q_reg_i_3/O
                         net (fo=377, routed)         1.614    25.423    CPU/dx_insn_reg/dff_loop[29].dff/clk0
    SLICE_X31Y129        FDCE                                         r  CPU/dx_insn_reg/dff_loop[29].dff/q_reg/C
  -------------------------------------------------------------------    -------------------
    SLICE_X31Y129        FDCE (Prop_fdce_C_Q)         0.456    25.879 r  CPU/dx_insn_reg/dff_loop[29].dff/q_reg/Q
                         net (fo=31, routed)          1.580    27.459    CPU/dx_insn_reg/dff_loop[28].dff/q_i_18__14_2
    SLICE_X36Y130        LUT5 (Prop_lut5_I3_O)        0.154    27.613 f  CPU/dx_insn_reg/dff_loop[28].dff/q_i_17__15/O
                         net (fo=7, routed)           0.772    28.385    CPU/dx_insn_reg/dff_loop[28].dff/q_i_17__15_n_0
    SLICE_X36Y134        LUT4 (Prop_lut4_I0_O)        0.327    28.712 f  CPU/dx_insn_reg/dff_loop[28].dff/q_i_14__21/O
                         net (fo=3, routed)           0.631    29.342    CPU/dx_insn_reg/dff_loop[28].dff/q_i_14__21_n_0
    SLICE_X36Y133        LUT6 (Prop_lut6_I0_O)        0.124    29.466 r  CPU/dx_insn_reg/dff_loop[28].dff/q_i_6__50/O
                         net (fo=2, routed)           0.584    30.050    CPU/dx_insn_reg/dff_loop[28].dff/q_i_6__50_n_0
    SLICE_X37Y134        LUT6 (Prop_lut6_I0_O)        0.124    30.174 r  CPU/dx_insn_reg/dff_loop[28].dff/q_i_4__89/O
                         net (fo=32, routed)          1.090    31.264    CPU/dx_insn_reg/dff_loop[28].dff/q_i_4__89_n_0
    SLICE_X44Y136        LUT5 (Prop_lut5_I1_O)        0.124    31.388 f  CPU/dx_insn_reg/dff_loop[28].dff/q_i_2__143/O
                         net (fo=22, routed)          1.329    32.717    CPU/dx_insn_reg/dff_loop[28].dff/bypass_readDataA[0]
    SLICE_X51Y125        LUT3 (Prop_lut3_I1_O)        0.150    32.867 r  CPU/dx_insn_reg/dff_loop[28].dff/q_i_2__45/O
                         net (fo=5, routed)           0.635    33.501    CPU/dx_insn_reg/dff_loop[28].dff/q_i_2__45_n_0
    SLICE_X52Y123        LUT5 (Prop_lut5_I0_O)        0.326    33.827 r  CPU/dx_insn_reg/dff_loop[28].dff/q_i_2__218/O
                         net (fo=6, routed)           0.499    34.327    CPU/dx_insn_reg/dff_loop[28].dff/q_i_2__218_n_0
    SLICE_X52Y125        LUT6 (Prop_lut6_I3_O)        0.124    34.451 r  CPU/dx_insn_reg/dff_loop[28].dff/q_i_2__43/O
                         net (fo=4, routed)           0.561    35.012    CPU/dx_insn_reg/dff_loop[28].dff/q_i_2__43_n_0
    SLICE_X55Y127        LUT6 (Prop_lut6_I1_O)        0.124    35.136 r  CPU/dx_insn_reg/dff_loop[28].dff/q_i_3__31/O
                         net (fo=2, routed)           0.471    35.607    CPU/dx_insn_reg/dff_loop[28].dff/q_i_3__31_n_0
    SLICE_X56Y128        LUT6 (Prop_lut6_I2_O)        0.124    35.731 r  CPU/dx_insn_reg/dff_loop[28].dff/q_i_2__38/O
                         net (fo=6, routed)           0.583    36.313    CPU/dx_insn_reg/dff_loop[28].dff/q_i_2__38_n_0
    SLICE_X57Y132        LUT6 (Prop_lut6_I2_O)        0.124    36.437 r  CPU/dx_insn_reg/dff_loop[28].dff/q_i_2__36/O
                         net (fo=6, routed)           0.631    37.068    CPU/dx_insn_reg/dff_loop[28].dff/q_i_2__36_n_0
    SLICE_X56Y132        LUT3 (Prop_lut3_I1_O)        0.117    37.185 r  CPU/dx_insn_reg/dff_loop[28].dff/q_i_4__47/O
                         net (fo=2, routed)           0.407    37.593    CPU/dx_insn_reg/dff_loop[28].dff/q_i_4__47_n_0
    SLICE_X57Y132        LUT3 (Prop_lut3_I1_O)        0.342    37.935 r  CPU/dx_insn_reg/dff_loop[28].dff/q_i_1__56/O
                         net (fo=1, routed)           0.193    38.128    CPU/MULTDIV/reg_udividend/dff_loop[29].dff/q_reg_1
    SLICE_X56Y132        FDRE                                         r  CPU/MULTDIV/reg_udividend/dff_loop[29].dff/q_reg/D
  -------------------------------------------------------------------    -------------------

                         (clock clk_out1_clk_wiz_0 rise edge)
                                                     40.000    40.000 r  
    E3                                                0.000    40.000 r  clk_100mhz (IN)
                         net (fo=0)                   0.000    40.000    clk25/inst/clk_in1
    E3                   IBUF (Prop_ibuf_I_O)         1.411    41.411 r  clk25/inst/clkin1_ibufg/O
                         net (fo=1, routed)           1.181    42.592    clk25/inst/clk_in1_clk_wiz_0
    PLLE2_ADV_X1Y2       PLLE2_ADV (Prop_plle2_adv_CLKIN1_CLKOUT0)
                                                     -3.253    39.339 r  clk25/inst/plle2_adv_inst/CLKOUT0
                         net (fo=1, routed)           1.634    40.973    clk25/inst/clk_out1_clk_wiz_0
    BUFGCTRL_X0Y16       BUFG (Prop_bufg_I_O)         0.091    41.064 r  clk25/inst/clkout1_buf/O
                         net (fo=1332, routed)        1.481    42.545    CPU/MULTDIV/reg_udividend/dff_loop[29].dff/clk_out1
    SLICE_X56Y132        FDRE                                         r  CPU/MULTDIV/reg_udividend/dff_loop[29].dff/q_reg/C
                         clock pessimism              0.020    42.566    
                         clock uncertainty           -0.180    42.386    
    SLICE_X56Y132        FDRE (Setup_fdre_C_D)       -0.230    42.156    CPU/MULTDIV/reg_udividend/dff_loop[29].dff/q_reg
  -------------------------------------------------------------------
                         required time                         42.156    
                         arrival time                         -38.128    
  -------------------------------------------------------------------
                         slack                                  4.028    

Slack (MET) :             4.388ns  (required time - arrival time)
  Source:                 CPU/dx_insn_reg/dff_loop[29].dff/q_reg/C
                            (rising edge-triggered cell FDCE clocked by clk_out1_clk_wiz_0'  {rise@0.000ns fall@20.000ns period=40.000ns})
  Destination:            CPU/MULTDIV/reg_q/dff_loop[31].dff/q_reg/D
                            (rising edge-triggered cell FDRE clocked by clk_out1_clk_wiz_0  {rise@0.000ns fall@20.000ns period=40.000ns})
  Path Group:             clk_out1_clk_wiz_0
  Path Type:              Setup (Max at Slow Process Corner)
  Requirement:            20.000ns  (clk_out1_clk_wiz_0 rise@40.000ns - clk_out1_clk_wiz_0 fall@20.000ns)
  Data Path Delay:        12.605ns  (logic 2.529ns (20.063%)  route 10.076ns (79.937%))
  Logic Levels:           13  (LUT3=1 LUT4=2 LUT5=4 LUT6=6)
  Clock Path Skew:        -2.856ns (DCD - SCD + CPR)
    Destination Clock Delay (DCD):    2.546ns = ( 42.546 - 40.000 ) 
    Source Clock Delay      (SCD):    5.423ns = ( 25.423 - 20.000 ) 
    Clock Pessimism Removal (CPR):    0.020ns
  Clock Uncertainty:      0.180ns  ((TSJ^2 + DJ^2)^1/2) / 2 + PE
    Total System Jitter     (TSJ):    0.071ns
    Discrete Jitter          (DJ):    0.352ns
    Phase Error              (PE):    0.000ns

    Location             Delay type                Incr(ns)  Path(ns)    Netlist Resource(s)
  -------------------------------------------------------------------    -------------------
                         (clock clk_out1_clk_wiz_0 fall edge)
                                                     20.000    20.000 f  
    E3                                                0.000    20.000 f  clk_100mhz (IN)
                         net (fo=0)                   0.000    20.000    clk25/inst/clk_in1
    E3                   IBUF (Prop_ibuf_I_O)         1.482    21.482 f  clk25/inst/clkin1_ibufg/O
                         net (fo=1, routed)           1.253    22.735    clk25/inst/clk_in1_clk_wiz_0
    PLLE2_ADV_X1Y2       PLLE2_ADV (Prop_plle2_adv_CLKIN1_CLKOUT0)
                                                     -3.459    19.276 f  clk25/inst/plle2_adv_inst/CLKOUT0
                         net (fo=1, routed)           1.713    20.989    clk25/inst/clk_out1_clk_wiz_0
    BUFGCTRL_X0Y16       BUFG (Prop_bufg_I_O)         0.096    21.085 f  clk25/inst/clkout1_buf/O
                         net (fo=1332, routed)        1.784    22.868    clock
    SLICE_X52Y96         LUT1 (Prop_lut1_I0_O)        0.124    22.992 r  q_reg_i_10/O
                         net (fo=1, routed)           0.720    23.713    q_reg_i_10_n_0
    BUFGCTRL_X0Y0        BUFG (Prop_bufg_I_O)         0.096    23.809 r  q_reg_i_3/O
                         net (fo=377, routed)         1.614    25.423    CPU/dx_insn_reg/dff_loop[29].dff/clk0
    SLICE_X31Y129        FDCE                                         r  CPU/dx_insn_reg/dff_loop[29].dff/q_reg/C
  -------------------------------------------------------------------    -------------------
    SLICE_X31Y129        FDCE (Prop_fdce_C_Q)         0.456    25.879 r  CPU/dx_insn_reg/dff_loop[29].dff/q_reg/Q
                         net (fo=31, routed)          1.580    27.459    CPU/dx_insn_reg/dff_loop[28].dff/q_i_18__14_2
    SLICE_X36Y130        LUT5 (Prop_lut5_I3_O)        0.154    27.613 f  CPU/dx_insn_reg/dff_loop[28].dff/q_i_17__15/O
                         net (fo=7, routed)           0.772    28.385    CPU/dx_insn_reg/dff_loop[28].dff/q_i_17__15_n_0
    SLICE_X36Y134        LUT4 (Prop_lut4_I0_O)        0.327    28.712 f  CPU/dx_insn_reg/dff_loop[28].dff/q_i_14__21/O
                         net (fo=3, routed)           0.631    29.342    CPU/dx_insn_reg/dff_loop[28].dff/q_i_14__21_n_0
    SLICE_X36Y133        LUT6 (Prop_lut6_I0_O)        0.124    29.466 r  CPU/dx_insn_reg/dff_loop[28].dff/q_i_6__50/O
                         net (fo=2, routed)           0.584    30.050    CPU/dx_insn_reg/dff_loop[28].dff/q_i_6__50_n_0
    SLICE_X37Y134        LUT6 (Prop_lut6_I0_O)        0.124    30.174 r  CPU/dx_insn_reg/dff_loop[28].dff/q_i_4__89/O
                         net (fo=32, routed)          1.090    31.264    CPU/dx_insn_reg/dff_loop[28].dff/q_i_4__89_n_0
    SLICE_X44Y136        LUT5 (Prop_lut5_I1_O)        0.124    31.388 f  CPU/dx_insn_reg/dff_loop[28].dff/q_i_2__143/O
                         net (fo=22, routed)          1.329    32.717    CPU/dx_insn_reg/dff_loop[28].dff/bypass_readDataA[0]
    SLICE_X51Y125        LUT3 (Prop_lut3_I1_O)        0.150    32.867 r  CPU/dx_insn_reg/dff_loop[28].dff/q_i_2__45/O
                         net (fo=5, routed)           0.635    33.501    CPU/dx_insn_reg/dff_loop[28].dff/q_i_2__45_n_0
    SLICE_X52Y123        LUT5 (Prop_lut5_I0_O)        0.326    33.827 r  CPU/dx_insn_reg/dff_loop[28].dff/q_i_2__218/O
                         net (fo=6, routed)           0.499    34.327    CPU/dx_insn_reg/dff_loop[28].dff/q_i_2__218_n_0
    SLICE_X52Y125        LUT6 (Prop_lut6_I3_O)        0.124    34.451 r  CPU/dx_insn_reg/dff_loop[28].dff/q_i_2__43/O
                         net (fo=4, routed)           0.561    35.012    CPU/dx_insn_reg/dff_loop[28].dff/q_i_2__43_n_0
    SLICE_X55Y127        LUT6 (Prop_lut6_I1_O)        0.124    35.136 r  CPU/dx_insn_reg/dff_loop[28].dff/q_i_3__31/O
                         net (fo=2, routed)           0.471    35.607    CPU/dx_insn_reg/dff_loop[28].dff/q_i_3__31_n_0
    SLICE_X56Y128        LUT6 (Prop_lut6_I2_O)        0.124    35.731 r  CPU/dx_insn_reg/dff_loop[28].dff/q_i_2__38/O
                         net (fo=6, routed)           0.583    36.313    CPU/dx_insn_reg/dff_loop[28].dff/q_i_2__38_n_0
    SLICE_X57Y132        LUT6 (Prop_lut6_I2_O)        0.124    36.437 r  CPU/dx_insn_reg/dff_loop[28].dff/q_i_2__36/O
                         net (fo=6, routed)           0.631    37.068    CPU/dx_insn_reg/dff_loop[28].dff/q_i_2__36_n_0
    SLICE_X56Y132        LUT4 (Prop_lut4_I1_O)        0.124    37.192 r  CPU/dx_insn_reg/dff_loop[28].dff/q_i_3__30/O
                         net (fo=2, routed)           0.711    37.904    CPU/dx_insn_reg/dff_loop[28].dff/q_i_3__30_n_0
    SLICE_X52Y134        LUT5 (Prop_lut5_I2_O)        0.124    38.028 r  CPU/dx_insn_reg/dff_loop[28].dff/q_i_1__1/O
                         net (fo=1, routed)           0.000    38.028    CPU/MULTDIV/reg_q/dff_loop[31].dff/q_reg_5[0]
    SLICE_X52Y134        FDRE                                         r  CPU/MULTDIV/reg_q/dff_loop[31].dff/q_reg/D
  -------------------------------------------------------------------    -------------------

                         (clock clk_out1_clk_wiz_0 rise edge)
                                                     40.000    40.000 r  
    E3                                                0.000    40.000 r  clk_100mhz (IN)
                         net (fo=0)                   0.000    40.000    clk25/inst/clk_in1
    E3                   IBUF (Prop_ibuf_I_O)         1.411    41.411 r  clk25/inst/clkin1_ibufg/O
                         net (fo=1, routed)           1.181    42.592    clk25/inst/clk_in1_clk_wiz_0
    PLLE2_ADV_X1Y2       PLLE2_ADV (Prop_plle2_adv_CLKIN1_CLKOUT0)
                                                     -3.253    39.339 r  clk25/inst/plle2_adv_inst/CLKOUT0
                         net (fo=1, routed)           1.634    40.973    clk25/inst/clk_out1_clk_wiz_0
    BUFGCTRL_X0Y16       BUFG (Prop_bufg_I_O)         0.091    41.064 r  clk25/inst/clkout1_buf/O
                         net (fo=1332, routed)        1.482    42.546    CPU/MULTDIV/reg_q/dff_loop[31].dff/clk_out1
    SLICE_X52Y134        FDRE                                         r  CPU/MULTDIV/reg_q/dff_loop[31].dff/q_reg/C
                         clock pessimism              0.020    42.567    
                         clock uncertainty           -0.180    42.387    
    SLICE_X52Y134        FDRE (Setup_fdre_C_D)        0.029    42.416    CPU/MULTDIV/reg_q/dff_loop[31].dff/q_reg
  -------------------------------------------------------------------
                         required time                         42.416    
                         arrival time                         -38.028    
  -------------------------------------------------------------------
                         slack                                  4.388    

Slack (MET) :             4.474ns  (required time - arrival time)
  Source:                 CPU/dx_insn_reg/dff_loop[29].dff/q_reg/C
                            (rising edge-triggered cell FDCE clocked by clk_out1_clk_wiz_0'  {rise@0.000ns fall@20.000ns period=40.000ns})
  Destination:            CPU/MULTDIV/reg_q/dff_loop[29].dff/q_reg/D
                            (rising edge-triggered cell FDRE clocked by clk_out1_clk_wiz_0  {rise@0.000ns fall@20.000ns period=40.000ns})
  Path Group:             clk_out1_clk_wiz_0
  Path Type:              Setup (Max at Slow Process Corner)
  Requirement:            20.000ns  (clk_out1_clk_wiz_0 rise@40.000ns - clk_out1_clk_wiz_0 fall@20.000ns)
  Data Path Delay:        12.518ns  (logic 2.746ns (21.936%)  route 9.772ns (78.064%))
  Logic Levels:           13  (LUT3=2 LUT4=1 LUT5=4 LUT6=6)
  Clock Path Skew:        -2.857ns (DCD - SCD + CPR)
    Destination Clock Delay (DCD):    2.545ns = ( 42.545 - 40.000 ) 
    Source Clock Delay      (SCD):    5.423ns = ( 25.423 - 20.000 ) 
    Clock Pessimism Removal (CPR):    0.020ns
  Clock Uncertainty:      0.180ns  ((TSJ^2 + DJ^2)^1/2) / 2 + PE
    Total System Jitter     (TSJ):    0.071ns
    Discrete Jitter          (DJ):    0.352ns
    Phase Error              (PE):    0.000ns

    Location             Delay type                Incr(ns)  Path(ns)    Netlist Resource(s)
  -------------------------------------------------------------------    -------------------
                         (clock clk_out1_clk_wiz_0 fall edge)
                                                     20.000    20.000 f  
    E3                                                0.000    20.000 f  clk_100mhz (IN)
                         net (fo=0)                   0.000    20.000    clk25/inst/clk_in1
    E3                   IBUF (Prop_ibuf_I_O)         1.482    21.482 f  clk25/inst/clkin1_ibufg/O
                         net (fo=1, routed)           1.253    22.735    clk25/inst/clk_in1_clk_wiz_0
    PLLE2_ADV_X1Y2       PLLE2_ADV (Prop_plle2_adv_CLKIN1_CLKOUT0)
                                                     -3.459    19.276 f  clk25/inst/plle2_adv_inst/CLKOUT0
                         net (fo=1, routed)           1.713    20.989    clk25/inst/clk_out1_clk_wiz_0
    BUFGCTRL_X0Y16       BUFG (Prop_bufg_I_O)         0.096    21.085 f  clk25/inst/clkout1_buf/O
                         net (fo=1332, routed)        1.784    22.868    clock
    SLICE_X52Y96         LUT1 (Prop_lut1_I0_O)        0.124    22.992 r  q_reg_i_10/O
                         net (fo=1, routed)           0.720    23.713    q_reg_i_10_n_0
    BUFGCTRL_X0Y0        BUFG (Prop_bufg_I_O)         0.096    23.809 r  q_reg_i_3/O
                         net (fo=377, routed)         1.614    25.423    CPU/dx_insn_reg/dff_loop[29].dff/clk0
    SLICE_X31Y129        FDCE                                         r  CPU/dx_insn_reg/dff_loop[29].dff/q_reg/C
  -------------------------------------------------------------------    -------------------
    SLICE_X31Y129        FDCE (Prop_fdce_C_Q)         0.456    25.879 r  CPU/dx_insn_reg/dff_loop[29].dff/q_reg/Q
                         net (fo=31, routed)          1.580    27.459    CPU/dx_insn_reg/dff_loop[28].dff/q_i_18__14_2
    SLICE_X36Y130        LUT5 (Prop_lut5_I3_O)        0.154    27.613 f  CPU/dx_insn_reg/dff_loop[28].dff/q_i_17__15/O
                         net (fo=7, routed)           0.772    28.385    CPU/dx_insn_reg/dff_loop[28].dff/q_i_17__15_n_0
    SLICE_X36Y134        LUT4 (Prop_lut4_I0_O)        0.327    28.712 f  CPU/dx_insn_reg/dff_loop[28].dff/q_i_14__21/O
                         net (fo=3, routed)           0.631    29.342    CPU/dx_insn_reg/dff_loop[28].dff/q_i_14__21_n_0
    SLICE_X36Y133        LUT6 (Prop_lut6_I0_O)        0.124    29.466 r  CPU/dx_insn_reg/dff_loop[28].dff/q_i_6__50/O
                         net (fo=2, routed)           0.584    30.050    CPU/dx_insn_reg/dff_loop[28].dff/q_i_6__50_n_0
    SLICE_X37Y134        LUT6 (Prop_lut6_I0_O)        0.124    30.174 r  CPU/dx_insn_reg/dff_loop[28].dff/q_i_4__89/O
                         net (fo=32, routed)          1.090    31.264    CPU/dx_insn_reg/dff_loop[28].dff/q_i_4__89_n_0
    SLICE_X44Y136        LUT5 (Prop_lut5_I1_O)        0.124    31.388 f  CPU/dx_insn_reg/dff_loop[28].dff/q_i_2__143/O
                         net (fo=22, routed)          1.329    32.717    CPU/dx_insn_reg/dff_loop[28].dff/bypass_readDataA[0]
    SLICE_X51Y125        LUT3 (Prop_lut3_I1_O)        0.150    32.867 r  CPU/dx_insn_reg/dff_loop[28].dff/q_i_2__45/O
                         net (fo=5, routed)           0.635    33.501    CPU/dx_insn_reg/dff_loop[28].dff/q_i_2__45_n_0
    SLICE_X52Y123        LUT5 (Prop_lut5_I0_O)        0.326    33.827 r  CPU/dx_insn_reg/dff_loop[28].dff/q_i_2__218/O
                         net (fo=6, routed)           0.499    34.327    CPU/dx_insn_reg/dff_loop[28].dff/q_i_2__218_n_0
    SLICE_X52Y125        LUT6 (Prop_lut6_I3_O)        0.124    34.451 r  CPU/dx_insn_reg/dff_loop[28].dff/q_i_2__43/O
                         net (fo=4, routed)           0.561    35.012    CPU/dx_insn_reg/dff_loop[28].dff/q_i_2__43_n_0
    SLICE_X55Y127        LUT6 (Prop_lut6_I1_O)        0.124    35.136 r  CPU/dx_insn_reg/dff_loop[28].dff/q_i_3__31/O
                         net (fo=2, routed)           0.471    35.607    CPU/dx_insn_reg/dff_loop[28].dff/q_i_3__31_n_0
    SLICE_X56Y128        LUT6 (Prop_lut6_I2_O)        0.124    35.731 r  CPU/dx_insn_reg/dff_loop[28].dff/q_i_2__38/O
                         net (fo=6, routed)           0.583    36.313    CPU/dx_insn_reg/dff_loop[28].dff/q_i_2__38_n_0
    SLICE_X57Y132        LUT6 (Prop_lut6_I2_O)        0.124    36.437 r  CPU/dx_insn_reg/dff_loop[28].dff/q_i_2__36/O
                         net (fo=6, routed)           0.631    37.068    CPU/dx_insn_reg/dff_loop[28].dff/q_i_2__36_n_0
    SLICE_X56Y132        LUT3 (Prop_lut3_I1_O)        0.117    37.185 r  CPU/dx_insn_reg/dff_loop[28].dff/q_i_4__47/O
                         net (fo=2, routed)           0.407    37.593    CPU/dx_insn_reg/dff_loop[28].dff/q_i_4__47_n_0
    SLICE_X57Y132        LUT5 (Prop_lut5_I3_O)        0.348    37.941 r  CPU/dx_insn_reg/dff_loop[28].dff/q_i_1__3/O
                         net (fo=1, routed)           0.000    37.941    CPU/MULTDIV/reg_q/dff_loop[29].dff/q_reg_4[0]
    SLICE_X57Y132        FDRE                                         r  CPU/MULTDIV/reg_q/dff_loop[29].dff/q_reg/D
  -------------------------------------------------------------------    -------------------

                         (clock clk_out1_clk_wiz_0 rise edge)
                                                     40.000    40.000 r  
    E3                                                0.000    40.000 r  clk_100mhz (IN)
                         net (fo=0)                   0.000    40.000    clk25/inst/clk_in1
    E3                   IBUF (Prop_ibuf_I_O)         1.411    41.411 r  clk25/inst/clkin1_ibufg/O
                         net (fo=1, routed)           1.181    42.592    clk25/inst/clk_in1_clk_wiz_0
    PLLE2_ADV_X1Y2       PLLE2_ADV (Prop_plle2_adv_CLKIN1_CLKOUT0)
                                                     -3.253    39.339 r  clk25/inst/plle2_adv_inst/CLKOUT0
                         net (fo=1, routed)           1.634    40.973    clk25/inst/clk_out1_clk_wiz_0
    BUFGCTRL_X0Y16       BUFG (Prop_bufg_I_O)         0.091    41.064 r  clk25/inst/clkout1_buf/O
                         net (fo=1332, routed)        1.481    42.545    CPU/MULTDIV/reg_q/dff_loop[29].dff/clk_out1
    SLICE_X57Y132        FDRE                                         r  CPU/MULTDIV/reg_q/dff_loop[29].dff/q_reg/C
                         clock pessimism              0.020    42.566    
                         clock uncertainty           -0.180    42.386    
    SLICE_X57Y132        FDRE (Setup_fdre_C_D)        0.029    42.415    CPU/MULTDIV/reg_q/dff_loop[29].dff/q_reg
  -------------------------------------------------------------------
                         required time                         42.415    
                         arrival time                         -37.941    
  -------------------------------------------------------------------
                         slack                                  4.474    

Slack (MET) :             4.513ns  (required time - arrival time)
  Source:                 CPU/dx_insn_reg/dff_loop[29].dff/q_reg/C
                            (rising edge-triggered cell FDCE clocked by clk_out1_clk_wiz_0'  {rise@0.000ns fall@20.000ns period=40.000ns})
  Destination:            CPU/MULTDIV/reg_q/dff_loop[27].dff/q_reg/D
                            (rising edge-triggered cell FDRE clocked by clk_out1_clk_wiz_0  {rise@0.000ns fall@20.000ns period=40.000ns})
  Path Group:             clk_out1_clk_wiz_0
  Path Type:              Setup (Max at Slow Process Corner)
  Requirement:            20.000ns  (clk_out1_clk_wiz_0 rise@40.000ns - clk_out1_clk_wiz_0 fall@20.000ns)
  Data Path Delay:        12.477ns  (logic 2.737ns (21.937%)  route 9.740ns (78.063%))
  Logic Levels:           13  (LUT3=2 LUT4=1 LUT5=4 LUT6=6)
  Clock Path Skew:        -2.860ns (DCD - SCD + CPR)
    Destination Clock Delay (DCD):    2.542ns = ( 42.542 - 40.000 ) 
    Source Clock Delay      (SCD):    5.423ns = ( 25.423 - 20.000 ) 
    Clock Pessimism Removal (CPR):    0.020ns
  Clock Uncertainty:      0.180ns  ((TSJ^2 + DJ^2)^1/2) / 2 + PE
    Total System Jitter     (TSJ):    0.071ns
    Discrete Jitter          (DJ):    0.352ns
    Phase Error              (PE):    0.000ns

    Location             Delay type                Incr(ns)  Path(ns)    Netlist Resource(s)
  -------------------------------------------------------------------    -------------------
                         (clock clk_out1_clk_wiz_0 fall edge)
                                                     20.000    20.000 f  
    E3                                                0.000    20.000 f  clk_100mhz (IN)
                         net (fo=0)                   0.000    20.000    clk25/inst/clk_in1
    E3                   IBUF (Prop_ibuf_I_O)         1.482    21.482 f  clk25/inst/clkin1_ibufg/O
                         net (fo=1, routed)           1.253    22.735    clk25/inst/clk_in1_clk_wiz_0
    PLLE2_ADV_X1Y2       PLLE2_ADV (Prop_plle2_adv_CLKIN1_CLKOUT0)
                                                     -3.459    19.276 f  clk25/inst/plle2_adv_inst/CLKOUT0
                         net (fo=1, routed)           1.713    20.989    clk25/inst/clk_out1_clk_wiz_0
    BUFGCTRL_X0Y16       BUFG (Prop_bufg_I_O)         0.096    21.085 f  clk25/inst/clkout1_buf/O
                         net (fo=1332, routed)        1.784    22.868    clock
    SLICE_X52Y96         LUT1 (Prop_lut1_I0_O)        0.124    22.992 r  q_reg_i_10/O
                         net (fo=1, routed)           0.720    23.713    q_reg_i_10_n_0
    BUFGCTRL_X0Y0        BUFG (Prop_bufg_I_O)         0.096    23.809 r  q_reg_i_3/O
                         net (fo=377, routed)         1.614    25.423    CPU/dx_insn_reg/dff_loop[29].dff/clk0
    SLICE_X31Y129        FDCE                                         r  CPU/dx_insn_reg/dff_loop[29].dff/q_reg/C
  -------------------------------------------------------------------    -------------------
    SLICE_X31Y129        FDCE (Prop_fdce_C_Q)         0.456    25.879 r  CPU/dx_insn_reg/dff_loop[29].dff/q_reg/Q
                         net (fo=31, routed)          1.580    27.459    CPU/dx_insn_reg/dff_loop[28].dff/q_i_18__14_2
    SLICE_X36Y130        LUT5 (Prop_lut5_I3_O)        0.154    27.613 f  CPU/dx_insn_reg/dff_loop[28].dff/q_i_17__15/O
                         net (fo=7, routed)           0.772    28.385    CPU/dx_insn_reg/dff_loop[28].dff/q_i_17__15_n_0
    SLICE_X36Y134        LUT4 (Prop_lut4_I0_O)        0.327    28.712 f  CPU/dx_insn_reg/dff_loop[28].dff/q_i_14__21/O
                         net (fo=3, routed)           0.631    29.342    CPU/dx_insn_reg/dff_loop[28].dff/q_i_14__21_n_0
    SLICE_X36Y133        LUT6 (Prop_lut6_I0_O)        0.124    29.466 r  CPU/dx_insn_reg/dff_loop[28].dff/q_i_6__50/O
                         net (fo=2, routed)           0.584    30.050    CPU/dx_insn_reg/dff_loop[28].dff/q_i_6__50_n_0
    SLICE_X37Y134        LUT6 (Prop_lut6_I0_O)        0.124    30.174 r  CPU/dx_insn_reg/dff_loop[28].dff/q_i_4__89/O
                         net (fo=32, routed)          1.090    31.264    CPU/dx_insn_reg/dff_loop[28].dff/q_i_4__89_n_0
    SLICE_X44Y136        LUT5 (Prop_lut5_I1_O)        0.124    31.388 f  CPU/dx_insn_reg/dff_loop[28].dff/q_i_2__143/O
                         net (fo=22, routed)          1.329    32.717    CPU/dx_insn_reg/dff_loop[28].dff/bypass_readDataA[0]
    SLICE_X51Y125        LUT3 (Prop_lut3_I1_O)        0.150    32.867 r  CPU/dx_insn_reg/dff_loop[28].dff/q_i_2__45/O
                         net (fo=5, routed)           0.635    33.501    CPU/dx_insn_reg/dff_loop[28].dff/q_i_2__45_n_0
    SLICE_X52Y123        LUT5 (Prop_lut5_I0_O)        0.326    33.827 r  CPU/dx_insn_reg/dff_loop[28].dff/q_i_2__218/O
                         net (fo=6, routed)           0.499    34.327    CPU/dx_insn_reg/dff_loop[28].dff/q_i_2__218_n_0
    SLICE_X52Y125        LUT6 (Prop_lut6_I3_O)        0.124    34.451 r  CPU/dx_insn_reg/dff_loop[28].dff/q_i_2__43/O
                         net (fo=4, routed)           0.561    35.012    CPU/dx_insn_reg/dff_loop[28].dff/q_i_2__43_n_0
    SLICE_X55Y127        LUT6 (Prop_lut6_I1_O)        0.124    35.136 r  CPU/dx_insn_reg/dff_loop[28].dff/q_i_3__31/O
                         net (fo=2, routed)           0.471    35.607    CPU/dx_insn_reg/dff_loop[28].dff/q_i_3__31_n_0
    SLICE_X56Y128        LUT6 (Prop_lut6_I2_O)        0.124    35.731 r  CPU/dx_insn_reg/dff_loop[28].dff/q_i_2__38/O
                         net (fo=6, routed)           0.583    36.313    CPU/dx_insn_reg/dff_loop[28].dff/q_i_2__38_n_0
    SLICE_X57Y132        LUT6 (Prop_lut6_I2_O)        0.124    36.437 r  CPU/dx_insn_reg/dff_loop[28].dff/q_i_2__36/O
                         net (fo=6, routed)           0.707    37.144    CPU/dx_insn_reg/dff_loop[28].dff/q_i_2__36_n_0
    SLICE_X56Y132        LUT3 (Prop_lut3_I1_O)        0.116    37.260 r  CPU/dx_insn_reg/dff_loop[28].dff/q_i_1__55/O
                         net (fo=2, routed)           0.299    37.559    CPU/MULTDIV/reg_q/dff_loop[27].dff/q_reg_8
    SLICE_X57Y130        LUT5 (Prop_lut5_I4_O)        0.340    37.899 r  CPU/MULTDIV/reg_q/dff_loop[27].dff/q_i_1__4/O
                         net (fo=1, routed)           0.000    37.899    CPU/MULTDIV/reg_q/dff_loop[27].dff/q_next[27]
    SLICE_X57Y130        FDRE                                         r  CPU/MULTDIV/reg_q/dff_loop[27].dff/q_reg/D
  -------------------------------------------------------------------    -------------------

                         (clock clk_out1_clk_wiz_0 rise edge)
                                                     40.000    40.000 r  
    E3                                                0.000    40.000 r  clk_100mhz (IN)
                         net (fo=0)                   0.000    40.000    clk25/inst/clk_in1
    E3                   IBUF (Prop_ibuf_I_O)         1.411    41.411 r  clk25/inst/clkin1_ibufg/O
                         net (fo=1, routed)           1.181    42.592    clk25/inst/clk_in1_clk_wiz_0
    PLLE2_ADV_X1Y2       PLLE2_ADV (Prop_plle2_adv_CLKIN1_CLKOUT0)
                                                     -3.253    39.339 r  clk25/inst/plle2_adv_inst/CLKOUT0
                         net (fo=1, routed)           1.634    40.973    clk25/inst/clk_out1_clk_wiz_0
    BUFGCTRL_X0Y16       BUFG (Prop_bufg_I_O)         0.091    41.064 r  clk25/inst/clkout1_buf/O
                         net (fo=1332, routed)        1.478    42.542    CPU/MULTDIV/reg_q/dff_loop[27].dff/clk_out1
    SLICE_X57Y130        FDRE                                         r  CPU/MULTDIV/reg_q/dff_loop[27].dff/q_reg/C
                         clock pessimism              0.020    42.563    
                         clock uncertainty           -0.180    42.383    
    SLICE_X57Y130        FDRE (Setup_fdre_C_D)        0.029    42.412    CPU/MULTDIV/reg_q/dff_loop[27].dff/q_reg
  -------------------------------------------------------------------
                         required time                         42.412    
                         arrival time                         -37.899    
  -------------------------------------------------------------------
                         slack                                  4.513    

Slack (MET) :             4.552ns  (required time - arrival time)
  Source:                 CPU/dx_insn_reg/dff_loop[29].dff/q_reg/C
                            (rising edge-triggered cell FDCE clocked by clk_out1_clk_wiz_0'  {rise@0.000ns fall@20.000ns period=40.000ns})
  Destination:            CPU/MULTDIV/reg_udividend/dff_loop[28].dff/q_reg/D
                            (rising edge-triggered cell FDRE clocked by clk_out1_clk_wiz_0  {rise@0.000ns fall@20.000ns period=40.000ns})
  Path Group:             clk_out1_clk_wiz_0
  Path Type:              Setup (Max at Slow Process Corner)
  Requirement:            20.000ns  (clk_out1_clk_wiz_0 rise@40.000ns - clk_out1_clk_wiz_0 fall@20.000ns)
  Data Path Delay:        12.366ns  (logic 2.405ns (19.448%)  route 9.961ns (80.552%))
  Logic Levels:           12  (LUT3=1 LUT4=2 LUT5=3 LUT6=6)
  Clock Path Skew:        -2.857ns (DCD - SCD + CPR)
    Destination Clock Delay (DCD):    2.545ns = ( 42.545 - 40.000 ) 
    Source Clock Delay      (SCD):    5.423ns = ( 25.423 - 20.000 ) 
    Clock Pessimism Removal (CPR):    0.020ns
  Clock Uncertainty:      0.180ns  ((TSJ^2 + DJ^2)^1/2) / 2 + PE
    Total System Jitter     (TSJ):    0.071ns
    Discrete Jitter          (DJ):    0.352ns
    Phase Error              (PE):    0.000ns

    Location             Delay type                Incr(ns)  Path(ns)    Netlist Resource(s)
  -------------------------------------------------------------------    -------------------
                         (clock clk_out1_clk_wiz_0 fall edge)
                                                     20.000    20.000 f  
    E3                                                0.000    20.000 f  clk_100mhz (IN)
                         net (fo=0)                   0.000    20.000    clk25/inst/clk_in1
    E3                   IBUF (Prop_ibuf_I_O)         1.482    21.482 f  clk25/inst/clkin1_ibufg/O
                         net (fo=1, routed)           1.253    22.735    clk25/inst/clk_in1_clk_wiz_0
    PLLE2_ADV_X1Y2       PLLE2_ADV (Prop_plle2_adv_CLKIN1_CLKOUT0)
                                                     -3.459    19.276 f  clk25/inst/plle2_adv_inst/CLKOUT0
                         net (fo=1, routed)           1.713    20.989    clk25/inst/clk_out1_clk_wiz_0
    BUFGCTRL_X0Y16       BUFG (Prop_bufg_I_O)         0.096    21.085 f  clk25/inst/clkout1_buf/O
                         net (fo=1332, routed)        1.784    22.868    clock
    SLICE_X52Y96         LUT1 (Prop_lut1_I0_O)        0.124    22.992 r  q_reg_i_10/O
                         net (fo=1, routed)           0.720    23.713    q_reg_i_10_n_0
    BUFGCTRL_X0Y0        BUFG (Prop_bufg_I_O)         0.096    23.809 r  q_reg_i_3/O
                         net (fo=377, routed)         1.614    25.423    CPU/dx_insn_reg/dff_loop[29].dff/clk0
    SLICE_X31Y129        FDCE                                         r  CPU/dx_insn_reg/dff_loop[29].dff/q_reg/C
  -------------------------------------------------------------------    -------------------
    SLICE_X31Y129        FDCE (Prop_fdce_C_Q)         0.456    25.879 r  CPU/dx_insn_reg/dff_loop[29].dff/q_reg/Q
                         net (fo=31, routed)          1.580    27.459    CPU/dx_insn_reg/dff_loop[28].dff/q_i_18__14_2
    SLICE_X36Y130        LUT5 (Prop_lut5_I3_O)        0.154    27.613 f  CPU/dx_insn_reg/dff_loop[28].dff/q_i_17__15/O
                         net (fo=7, routed)           0.772    28.385    CPU/dx_insn_reg/dff_loop[28].dff/q_i_17__15_n_0
    SLICE_X36Y134        LUT4 (Prop_lut4_I0_O)        0.327    28.712 f  CPU/dx_insn_reg/dff_loop[28].dff/q_i_14__21/O
                         net (fo=3, routed)           0.631    29.342    CPU/dx_insn_reg/dff_loop[28].dff/q_i_14__21_n_0
    SLICE_X36Y133        LUT6 (Prop_lut6_I0_O)        0.124    29.466 r  CPU/dx_insn_reg/dff_loop[28].dff/q_i_6__50/O
                         net (fo=2, routed)           0.584    30.050    CPU/dx_insn_reg/dff_loop[28].dff/q_i_6__50_n_0
    SLICE_X37Y134        LUT6 (Prop_lut6_I0_O)        0.124    30.174 r  CPU/dx_insn_reg/dff_loop[28].dff/q_i_4__89/O
                         net (fo=32, routed)          1.090    31.264    CPU/dx_insn_reg/dff_loop[28].dff/q_i_4__89_n_0
    SLICE_X44Y136        LUT5 (Prop_lut5_I1_O)        0.124    31.388 f  CPU/dx_insn_reg/dff_loop[28].dff/q_i_2__143/O
                         net (fo=22, routed)          1.329    32.717    CPU/dx_insn_reg/dff_loop[28].dff/bypass_readDataA[0]
    SLICE_X51Y125        LUT3 (Prop_lut3_I1_O)        0.150    32.867 r  CPU/dx_insn_reg/dff_loop[28].dff/q_i_2__45/O
                         net (fo=5, routed)           0.635    33.501    CPU/dx_insn_reg/dff_loop[28].dff/q_i_2__45_n_0
    SLICE_X52Y123        LUT5 (Prop_lut5_I0_O)        0.326    33.827 r  CPU/dx_insn_reg/dff_loop[28].dff/q_i_2__218/O
                         net (fo=6, routed)           0.499    34.327    CPU/dx_insn_reg/dff_loop[28].dff/q_i_2__218_n_0
    SLICE_X52Y125        LUT6 (Prop_lut6_I3_O)        0.124    34.451 r  CPU/dx_insn_reg/dff_loop[28].dff/q_i_2__43/O
                         net (fo=4, routed)           0.561    35.012    CPU/dx_insn_reg/dff_loop[28].dff/q_i_2__43_n_0
    SLICE_X55Y127        LUT6 (Prop_lut6_I1_O)        0.124    35.136 r  CPU/dx_insn_reg/dff_loop[28].dff/q_i_3__31/O
                         net (fo=2, routed)           0.471    35.607    CPU/dx_insn_reg/dff_loop[28].dff/q_i_3__31_n_0
    SLICE_X56Y128        LUT6 (Prop_lut6_I2_O)        0.124    35.731 r  CPU/dx_insn_reg/dff_loop[28].dff/q_i_2__38/O
                         net (fo=6, routed)           0.583    36.313    CPU/dx_insn_reg/dff_loop[28].dff/q_i_2__38_n_0
    SLICE_X57Y132        LUT6 (Prop_lut6_I2_O)        0.124    36.437 r  CPU/dx_insn_reg/dff_loop[28].dff/q_i_2__36/O
                         net (fo=6, routed)           0.707    37.144    CPU/dx_insn_reg/dff_loop[28].dff/q_i_2__36_n_0
    SLICE_X56Y132        LUT4 (Prop_lut4_I0_O)        0.124    37.268 r  CPU/dx_insn_reg/dff_loop[28].dff/q_i_1__336/O
                         net (fo=1, routed)           0.521    37.789    CPU/MULTDIV/reg_udividend/dff_loop[28].dff/q_reg_0
    SLICE_X56Y132        FDRE                                         r  CPU/MULTDIV/reg_udividend/dff_loop[28].dff/q_reg/D
  -------------------------------------------------------------------    -------------------

                         (clock clk_out1_clk_wiz_0 rise edge)
                                                     40.000    40.000 r  
    E3                                                0.000    40.000 r  clk_100mhz (IN)
                         net (fo=0)                   0.000    40.000    clk25/inst/clk_in1
    E3                   IBUF (Prop_ibuf_I_O)         1.411    41.411 r  clk25/inst/clkin1_ibufg/O
                         net (fo=1, routed)           1.181    42.592    clk25/inst/clk_in1_clk_wiz_0
    PLLE2_ADV_X1Y2       PLLE2_ADV (Prop_plle2_adv_CLKIN1_CLKOUT0)
                                                     -3.253    39.339 r  clk25/inst/plle2_adv_inst/CLKOUT0
                         net (fo=1, routed)           1.634    40.973    clk25/inst/clk_out1_clk_wiz_0
    BUFGCTRL_X0Y16       BUFG (Prop_bufg_I_O)         0.091    41.064 r  clk25/inst/clkout1_buf/O
                         net (fo=1332, routed)        1.481    42.545    CPU/MULTDIV/reg_udividend/dff_loop[28].dff/clk_out1
    SLICE_X56Y132        FDRE                                         r  CPU/MULTDIV/reg_udividend/dff_loop[28].dff/q_reg/C
                         clock pessimism              0.020    42.566    
                         clock uncertainty           -0.180    42.386    
    SLICE_X56Y132        FDRE (Setup_fdre_C_D)       -0.045    42.341    CPU/MULTDIV/reg_udividend/dff_loop[28].dff/q_reg
  -------------------------------------------------------------------
                         required time                         42.341    
                         arrival time                         -37.789    
  -------------------------------------------------------------------
                         slack                                  4.552    

Slack (MET) :             4.632ns  (required time - arrival time)
  Source:                 CPU/dx_insn_reg/dff_loop[29].dff/q_reg/C
                            (rising edge-triggered cell FDCE clocked by clk_out1_clk_wiz_0'  {rise@0.000ns fall@20.000ns period=40.000ns})
  Destination:            CPU/MULTDIV/reg_udividend/dff_loop[30].dff/q_reg/D
                            (rising edge-triggered cell FDRE clocked by clk_out1_clk_wiz_0  {rise@0.000ns fall@20.000ns period=40.000ns})
  Path Group:             clk_out1_clk_wiz_0
  Path Type:              Setup (Max at Slow Process Corner)
  Requirement:            20.000ns  (clk_out1_clk_wiz_0 rise@40.000ns - clk_out1_clk_wiz_0 fall@20.000ns)
  Data Path Delay:        12.304ns  (logic 2.405ns (19.547%)  route 9.899ns (80.453%))
  Logic Levels:           12  (LUT3=1 LUT4=1 LUT5=3 LUT6=7)
  Clock Path Skew:        -2.857ns (DCD - SCD + CPR)
    Destination Clock Delay (DCD):    2.545ns = ( 42.545 - 40.000 ) 
    Source Clock Delay      (SCD):    5.423ns = ( 25.423 - 20.000 ) 
    Clock Pessimism Removal (CPR):    0.020ns
  Clock Uncertainty:      0.180ns  ((TSJ^2 + DJ^2)^1/2) / 2 + PE
    Total System Jitter     (TSJ):    0.071ns
    Discrete Jitter          (DJ):    0.352ns
    Phase Error              (PE):    0.000ns

    Location             Delay type                Incr(ns)  Path(ns)    Netlist Resource(s)
  -------------------------------------------------------------------    -------------------
                         (clock clk_out1_clk_wiz_0 fall edge)
                                                     20.000    20.000 f  
    E3                                                0.000    20.000 f  clk_100mhz (IN)
                         net (fo=0)                   0.000    20.000    clk25/inst/clk_in1
    E3                   IBUF (Prop_ibuf_I_O)         1.482    21.482 f  clk25/inst/clkin1_ibufg/O
                         net (fo=1, routed)           1.253    22.735    clk25/inst/clk_in1_clk_wiz_0
    PLLE2_ADV_X1Y2       PLLE2_ADV (Prop_plle2_adv_CLKIN1_CLKOUT0)
                                                     -3.459    19.276 f  clk25/inst/plle2_adv_inst/CLKOUT0
                         net (fo=1, routed)           1.713    20.989    clk25/inst/clk_out1_clk_wiz_0
    BUFGCTRL_X0Y16       BUFG (Prop_bufg_I_O)         0.096    21.085 f  clk25/inst/clkout1_buf/O
                         net (fo=1332, routed)        1.784    22.868    clock
    SLICE_X52Y96         LUT1 (Prop_lut1_I0_O)        0.124    22.992 r  q_reg_i_10/O
                         net (fo=1, routed)           0.720    23.713    q_reg_i_10_n_0
    BUFGCTRL_X0Y0        BUFG (Prop_bufg_I_O)         0.096    23.809 r  q_reg_i_3/O
                         net (fo=377, routed)         1.614    25.423    CPU/dx_insn_reg/dff_loop[29].dff/clk0
    SLICE_X31Y129        FDCE                                         r  CPU/dx_insn_reg/dff_loop[29].dff/q_reg/C
  -------------------------------------------------------------------    -------------------
    SLICE_X31Y129        FDCE (Prop_fdce_C_Q)         0.456    25.879 r  CPU/dx_insn_reg/dff_loop[29].dff/q_reg/Q
                         net (fo=31, routed)          1.580    27.459    CPU/dx_insn_reg/dff_loop[28].dff/q_i_18__14_2
    SLICE_X36Y130        LUT5 (Prop_lut5_I3_O)        0.154    27.613 f  CPU/dx_insn_reg/dff_loop[28].dff/q_i_17__15/O
                         net (fo=7, routed)           0.772    28.385    CPU/dx_insn_reg/dff_loop[28].dff/q_i_17__15_n_0
    SLICE_X36Y134        LUT4 (Prop_lut4_I0_O)        0.327    28.712 f  CPU/dx_insn_reg/dff_loop[28].dff/q_i_14__21/O
                         net (fo=3, routed)           0.631    29.342    CPU/dx_insn_reg/dff_loop[28].dff/q_i_14__21_n_0
    SLICE_X36Y133        LUT6 (Prop_lut6_I0_O)        0.124    29.466 r  CPU/dx_insn_reg/dff_loop[28].dff/q_i_6__50/O
                         net (fo=2, routed)           0.584    30.050    CPU/dx_insn_reg/dff_loop[28].dff/q_i_6__50_n_0
    SLICE_X37Y134        LUT6 (Prop_lut6_I0_O)        0.124    30.174 r  CPU/dx_insn_reg/dff_loop[28].dff/q_i_4__89/O
                         net (fo=32, routed)          1.090    31.264    CPU/dx_insn_reg/dff_loop[28].dff/q_i_4__89_n_0
    SLICE_X44Y136        LUT5 (Prop_lut5_I1_O)        0.124    31.388 f  CPU/dx_insn_reg/dff_loop[28].dff/q_i_2__143/O
                         net (fo=22, routed)          1.329    32.717    CPU/dx_insn_reg/dff_loop[28].dff/bypass_readDataA[0]
    SLICE_X51Y125        LUT3 (Prop_lut3_I1_O)        0.150    32.867 r  CPU/dx_insn_reg/dff_loop[28].dff/q_i_2__45/O
                         net (fo=5, routed)           0.635    33.501    CPU/dx_insn_reg/dff_loop[28].dff/q_i_2__45_n_0
    SLICE_X52Y123        LUT5 (Prop_lut5_I0_O)        0.326    33.827 r  CPU/dx_insn_reg/dff_loop[28].dff/q_i_2__218/O
                         net (fo=6, routed)           0.499    34.327    CPU/dx_insn_reg/dff_loop[28].dff/q_i_2__218_n_0
    SLICE_X52Y125        LUT6 (Prop_lut6_I3_O)        0.124    34.451 r  CPU/dx_insn_reg/dff_loop[28].dff/q_i_2__43/O
                         net (fo=4, routed)           0.561    35.012    CPU/dx_insn_reg/dff_loop[28].dff/q_i_2__43_n_0
    SLICE_X55Y127        LUT6 (Prop_lut6_I1_O)        0.124    35.136 r  CPU/dx_insn_reg/dff_loop[28].dff/q_i_3__31/O
                         net (fo=2, routed)           0.471    35.607    CPU/dx_insn_reg/dff_loop[28].dff/q_i_3__31_n_0
    SLICE_X56Y128        LUT6 (Prop_lut6_I2_O)        0.124    35.731 r  CPU/dx_insn_reg/dff_loop[28].dff/q_i_2__38/O
                         net (fo=6, routed)           0.583    36.313    CPU/dx_insn_reg/dff_loop[28].dff/q_i_2__38_n_0
    SLICE_X57Y132        LUT6 (Prop_lut6_I2_O)        0.124    36.437 r  CPU/dx_insn_reg/dff_loop[28].dff/q_i_2__36/O
                         net (fo=6, routed)           0.541    36.978    CPU/dx_insn_reg/dff_loop[28].dff/q_i_2__36_n_0
    SLICE_X56Y132        LUT6 (Prop_lut6_I2_O)        0.124    37.102 r  CPU/dx_insn_reg/dff_loop[28].dff/q_i_1__57/O
                         net (fo=2, routed)           0.624    37.726    CPU/MULTDIV/reg_udividend/dff_loop[30].dff/q_reg_1
    SLICE_X56Y132        FDRE                                         r  CPU/MULTDIV/reg_udividend/dff_loop[30].dff/q_reg/D
  -------------------------------------------------------------------    -------------------

                         (clock clk_out1_clk_wiz_0 rise edge)
                                                     40.000    40.000 r  
    E3                                                0.000    40.000 r  clk_100mhz (IN)
                         net (fo=0)                   0.000    40.000    clk25/inst/clk_in1
    E3                   IBUF (Prop_ibuf_I_O)         1.411    41.411 r  clk25/inst/clkin1_ibufg/O
                         net (fo=1, routed)           1.181    42.592    clk25/inst/clk_in1_clk_wiz_0
    PLLE2_ADV_X1Y2       PLLE2_ADV (Prop_plle2_adv_CLKIN1_CLKOUT0)
                                                     -3.253    39.339 r  clk25/inst/plle2_adv_inst/CLKOUT0
                         net (fo=1, routed)           1.634    40.973    clk25/inst/clk_out1_clk_wiz_0
    BUFGCTRL_X0Y16       BUFG (Prop_bufg_I_O)         0.091    41.064 r  clk25/inst/clkout1_buf/O
                         net (fo=1332, routed)        1.481    42.545    CPU/MULTDIV/reg_udividend/dff_loop[30].dff/clk_out1
    SLICE_X56Y132        FDRE                                         r  CPU/MULTDIV/reg_udividend/dff_loop[30].dff/q_reg/C
                         clock pessimism              0.020    42.566    
                         clock uncertainty           -0.180    42.386    
    SLICE_X56Y132        FDRE (Setup_fdre_C_D)       -0.028    42.358    CPU/MULTDIV/reg_udividend/dff_loop[30].dff/q_reg
  -------------------------------------------------------------------
                         required time                         42.358    
                         arrival time                         -37.726    
  -------------------------------------------------------------------
                         slack                                  4.632    

Slack (MET) :             4.741ns  (required time - arrival time)
  Source:                 CPU/dx_insn_reg/dff_loop[29].dff/q_reg/C
                            (rising edge-triggered cell FDCE clocked by clk_out1_clk_wiz_0'  {rise@0.000ns fall@20.000ns period=40.000ns})
  Destination:            CPU/MULTDIV/reg_q/dff_loop[26].dff/q_reg/D
                            (rising edge-triggered cell FDRE clocked by clk_out1_clk_wiz_0  {rise@0.000ns fall@20.000ns period=40.000ns})
  Path Group:             clk_out1_clk_wiz_0
  Path Type:              Setup (Max at Slow Process Corner)
  Requirement:            20.000ns  (clk_out1_clk_wiz_0 rise@40.000ns - clk_out1_clk_wiz_0 fall@20.000ns)
  Data Path Delay:        12.250ns  (logic 2.529ns (20.645%)  route 9.721ns (79.355%))
  Logic Levels:           13  (LUT3=2 LUT4=1 LUT5=5 LUT6=5)
  Clock Path Skew:        -2.860ns (DCD - SCD + CPR)
    Destination Clock Delay (DCD):    2.542ns = ( 42.542 - 40.000 ) 
    Source Clock Delay      (SCD):    5.423ns = ( 25.423 - 20.000 ) 
    Clock Pessimism Removal (CPR):    0.020ns
  Clock Uncertainty:      0.180ns  ((TSJ^2 + DJ^2)^1/2) / 2 + PE
    Total System Jitter     (TSJ):    0.071ns
    Discrete Jitter          (DJ):    0.352ns
    Phase Error              (PE):    0.000ns

    Location             Delay type                Incr(ns)  Path(ns)    Netlist Resource(s)
  -------------------------------------------------------------------    -------------------
                         (clock clk_out1_clk_wiz_0 fall edge)
                                                     20.000    20.000 f  
    E3                                                0.000    20.000 f  clk_100mhz (IN)
                         net (fo=0)                   0.000    20.000    clk25/inst/clk_in1
    E3                   IBUF (Prop_ibuf_I_O)         1.482    21.482 f  clk25/inst/clkin1_ibufg/O
                         net (fo=1, routed)           1.253    22.735    clk25/inst/clk_in1_clk_wiz_0
    PLLE2_ADV_X1Y2       PLLE2_ADV (Prop_plle2_adv_CLKIN1_CLKOUT0)
                                                     -3.459    19.276 f  clk25/inst/plle2_adv_inst/CLKOUT0
                         net (fo=1, routed)           1.713    20.989    clk25/inst/clk_out1_clk_wiz_0
    BUFGCTRL_X0Y16       BUFG (Prop_bufg_I_O)         0.096    21.085 f  clk25/inst/clkout1_buf/O
                         net (fo=1332, routed)        1.784    22.868    clock
    SLICE_X52Y96         LUT1 (Prop_lut1_I0_O)        0.124    22.992 r  q_reg_i_10/O
                         net (fo=1, routed)           0.720    23.713    q_reg_i_10_n_0
    BUFGCTRL_X0Y0        BUFG (Prop_bufg_I_O)         0.096    23.809 r  q_reg_i_3/O
                         net (fo=377, routed)         1.614    25.423    CPU/dx_insn_reg/dff_loop[29].dff/clk0
    SLICE_X31Y129        FDCE                                         r  CPU/dx_insn_reg/dff_loop[29].dff/q_reg/C
  -------------------------------------------------------------------    -------------------
    SLICE_X31Y129        FDCE (Prop_fdce_C_Q)         0.456    25.879 r  CPU/dx_insn_reg/dff_loop[29].dff/q_reg/Q
                         net (fo=31, routed)          1.580    27.459    CPU/dx_insn_reg/dff_loop[28].dff/q_i_18__14_2
    SLICE_X36Y130        LUT5 (Prop_lut5_I3_O)        0.154    27.613 f  CPU/dx_insn_reg/dff_loop[28].dff/q_i_17__15/O
                         net (fo=7, routed)           0.772    28.385    CPU/dx_insn_reg/dff_loop[28].dff/q_i_17__15_n_0
    SLICE_X36Y134        LUT4 (Prop_lut4_I0_O)        0.327    28.712 f  CPU/dx_insn_reg/dff_loop[28].dff/q_i_14__21/O
                         net (fo=3, routed)           0.631    29.342    CPU/dx_insn_reg/dff_loop[28].dff/q_i_14__21_n_0
    SLICE_X36Y133        LUT6 (Prop_lut6_I0_O)        0.124    29.466 r  CPU/dx_insn_reg/dff_loop[28].dff/q_i_6__50/O
                         net (fo=2, routed)           0.584    30.050    CPU/dx_insn_reg/dff_loop[28].dff/q_i_6__50_n_0
    SLICE_X37Y134        LUT6 (Prop_lut6_I0_O)        0.124    30.174 r  CPU/dx_insn_reg/dff_loop[28].dff/q_i_4__89/O
                         net (fo=32, routed)          1.090    31.264    CPU/dx_insn_reg/dff_loop[28].dff/q_i_4__89_n_0
    SLICE_X44Y136        LUT5 (Prop_lut5_I1_O)        0.124    31.388 r  CPU/dx_insn_reg/dff_loop[28].dff/q_i_2__143/O
                         net (fo=22, routed)          1.329    32.717    CPU/dx_insn_reg/dff_loop[28].dff/bypass_readDataA[0]
    SLICE_X51Y125        LUT3 (Prop_lut3_I1_O)        0.150    32.867 f  CPU/dx_insn_reg/dff_loop[28].dff/q_i_2__45/O
                         net (fo=5, routed)           0.635    33.501    CPU/dx_insn_reg/dff_loop[28].dff/q_i_2__45_n_0
    SLICE_X52Y123        LUT5 (Prop_lut5_I0_O)        0.326    33.827 f  CPU/dx_insn_reg/dff_loop[28].dff/q_i_2__218/O
                         net (fo=6, routed)           0.499    34.327    CPU/dx_insn_reg/dff_loop[28].dff/q_i_2__218_n_0
    SLICE_X52Y125        LUT6 (Prop_lut6_I3_O)        0.124    34.451 f  CPU/dx_insn_reg/dff_loop[28].dff/q_i_2__43/O
                         net (fo=4, routed)           0.561    35.012    CPU/dx_insn_reg/dff_loop[28].dff/q_i_2__43_n_0
    SLICE_X55Y127        LUT6 (Prop_lut6_I1_O)        0.124    35.136 f  CPU/dx_insn_reg/dff_loop[28].dff/q_i_3__31/O
                         net (fo=2, routed)           0.471    35.607    CPU/dx_insn_reg/dff_loop[28].dff/q_i_3__31_n_0
    SLICE_X56Y128        LUT6 (Prop_lut6_I2_O)        0.124    35.731 f  CPU/dx_insn_reg/dff_loop[28].dff/q_i_2__38/O
                         net (fo=6, routed)           0.651    36.382    CPU/dx_insn_reg/dff_loop[28].dff/q_i_2__38_n_0
    SLICE_X58Y130        LUT5 (Prop_lut5_I3_O)        0.124    36.506 r  CPU/dx_insn_reg/dff_loop[28].dff/q_i_2__37/O
                         net (fo=1, routed)           0.464    36.970    CPU/dx_insn_reg/dff_loop[28].dff/q_i_2__37_n_0
    SLICE_X58Y130        LUT3 (Prop_lut3_I2_O)        0.124    37.094 r  CPU/dx_insn_reg/dff_loop[28].dff/q_i_1__54/O
                         net (fo=2, routed)           0.455    37.549    CPU/MULTDIV/reg_q/dff_loop[26].dff/q_reg_6
    SLICE_X57Y129        LUT5 (Prop_lut5_I4_O)        0.124    37.673 r  CPU/MULTDIV/reg_q/dff_loop[26].dff/q_i_1__5/O
                         net (fo=1, routed)           0.000    37.673    CPU/MULTDIV/reg_q/dff_loop[26].dff/q_next[26]
    SLICE_X57Y129        FDRE                                         r  CPU/MULTDIV/reg_q/dff_loop[26].dff/q_reg/D
  -------------------------------------------------------------------    -------------------

                         (clock clk_out1_clk_wiz_0 rise edge)
                                                     40.000    40.000 r  
    E3                                                0.000    40.000 r  clk_100mhz (IN)
                         net (fo=0)                   0.000    40.000    clk25/inst/clk_in1
    E3                   IBUF (Prop_ibuf_I_O)         1.411    41.411 r  clk25/inst/clkin1_ibufg/O
                         net (fo=1, routed)           1.181    42.592    clk25/inst/clk_in1_clk_wiz_0
    PLLE2_ADV_X1Y2       PLLE2_ADV (Prop_plle2_adv_CLKIN1_CLKOUT0)
                                                     -3.253    39.339 r  clk25/inst/plle2_adv_inst/CLKOUT0
                         net (fo=1, routed)           1.634    40.973    clk25/inst/clk_out1_clk_wiz_0
    BUFGCTRL_X0Y16       BUFG (Prop_bufg_I_O)         0.091    41.064 r  clk25/inst/clkout1_buf/O
                         net (fo=1332, routed)        1.478    42.542    CPU/MULTDIV/reg_q/dff_loop[26].dff/clk_out1
    SLICE_X57Y129        FDRE                                         r  CPU/MULTDIV/reg_q/dff_loop[26].dff/q_reg/C
                         clock pessimism              0.020    42.563    
                         clock uncertainty           -0.180    42.383    
    SLICE_X57Y129        FDRE (Setup_fdre_C_D)        0.031    42.414    CPU/MULTDIV/reg_q/dff_loop[26].dff/q_reg
  -------------------------------------------------------------------
                         required time                         42.414    
                         arrival time                         -37.673    
  -------------------------------------------------------------------
                         slack                                  4.741    

Slack (MET) :             4.753ns  (required time - arrival time)
  Source:                 CPU/dx_insn_reg/dff_loop[29].dff/q_reg/C
                            (rising edge-triggered cell FDCE clocked by clk_out1_clk_wiz_0'  {rise@0.000ns fall@20.000ns period=40.000ns})
  Destination:            CPU/MULTDIV/reg_udividend/dff_loop[26].dff/q_reg/D
                            (rising edge-triggered cell FDRE clocked by clk_out1_clk_wiz_0  {rise@0.000ns fall@20.000ns period=40.000ns})
  Path Group:             clk_out1_clk_wiz_0
  Path Type:              Setup (Max at Slow Process Corner)
  Requirement:            20.000ns  (clk_out1_clk_wiz_0 rise@40.000ns - clk_out1_clk_wiz_0 fall@20.000ns)
  Data Path Delay:        12.178ns  (logic 2.405ns (19.749%)  route 9.773ns (80.251%))
  Logic Levels:           12  (LUT3=2 LUT4=1 LUT5=4 LUT6=5)
  Clock Path Skew:        -2.861ns (DCD - SCD + CPR)
    Destination Clock Delay (DCD):    2.541ns = ( 42.541 - 40.000 ) 
    Source Clock Delay      (SCD):    5.423ns = ( 25.423 - 20.000 ) 
    Clock Pessimism Removal (CPR):    0.020ns
  Clock Uncertainty:      0.180ns  ((TSJ^2 + DJ^2)^1/2) / 2 + PE
    Total System Jitter     (TSJ):    0.071ns
    Discrete Jitter          (DJ):    0.352ns
    Phase Error              (PE):    0.000ns

    Location             Delay type                Incr(ns)  Path(ns)    Netlist Resource(s)
  -------------------------------------------------------------------    -------------------
                         (clock clk_out1_clk_wiz_0 fall edge)
                                                     20.000    20.000 f  
    E3                                                0.000    20.000 f  clk_100mhz (IN)
                         net (fo=0)                   0.000    20.000    clk25/inst/clk_in1
    E3                   IBUF (Prop_ibuf_I_O)         1.482    21.482 f  clk25/inst/clkin1_ibufg/O
                         net (fo=1, routed)           1.253    22.735    clk25/inst/clk_in1_clk_wiz_0
    PLLE2_ADV_X1Y2       PLLE2_ADV (Prop_plle2_adv_CLKIN1_CLKOUT0)
                                                     -3.459    19.276 f  clk25/inst/plle2_adv_inst/CLKOUT0
                         net (fo=1, routed)           1.713    20.989    clk25/inst/clk_out1_clk_wiz_0
    BUFGCTRL_X0Y16       BUFG (Prop_bufg_I_O)         0.096    21.085 f  clk25/inst/clkout1_buf/O
                         net (fo=1332, routed)        1.784    22.868    clock
    SLICE_X52Y96         LUT1 (Prop_lut1_I0_O)        0.124    22.992 r  q_reg_i_10/O
                         net (fo=1, routed)           0.720    23.713    q_reg_i_10_n_0
    BUFGCTRL_X0Y0        BUFG (Prop_bufg_I_O)         0.096    23.809 r  q_reg_i_3/O
                         net (fo=377, routed)         1.614    25.423    CPU/dx_insn_reg/dff_loop[29].dff/clk0
    SLICE_X31Y129        FDCE                                         r  CPU/dx_insn_reg/dff_loop[29].dff/q_reg/C
  -------------------------------------------------------------------    -------------------
    SLICE_X31Y129        FDCE (Prop_fdce_C_Q)         0.456    25.879 r  CPU/dx_insn_reg/dff_loop[29].dff/q_reg/Q
                         net (fo=31, routed)          1.580    27.459    CPU/dx_insn_reg/dff_loop[28].dff/q_i_18__14_2
    SLICE_X36Y130        LUT5 (Prop_lut5_I3_O)        0.154    27.613 f  CPU/dx_insn_reg/dff_loop[28].dff/q_i_17__15/O
                         net (fo=7, routed)           0.772    28.385    CPU/dx_insn_reg/dff_loop[28].dff/q_i_17__15_n_0
    SLICE_X36Y134        LUT4 (Prop_lut4_I0_O)        0.327    28.712 f  CPU/dx_insn_reg/dff_loop[28].dff/q_i_14__21/O
                         net (fo=3, routed)           0.631    29.342    CPU/dx_insn_reg/dff_loop[28].dff/q_i_14__21_n_0
    SLICE_X36Y133        LUT6 (Prop_lut6_I0_O)        0.124    29.466 r  CPU/dx_insn_reg/dff_loop[28].dff/q_i_6__50/O
                         net (fo=2, routed)           0.584    30.050    CPU/dx_insn_reg/dff_loop[28].dff/q_i_6__50_n_0
    SLICE_X37Y134        LUT6 (Prop_lut6_I0_O)        0.124    30.174 r  CPU/dx_insn_reg/dff_loop[28].dff/q_i_4__89/O
                         net (fo=32, routed)          1.090    31.264    CPU/dx_insn_reg/dff_loop[28].dff/q_i_4__89_n_0
    SLICE_X44Y136        LUT5 (Prop_lut5_I1_O)        0.124    31.388 r  CPU/dx_insn_reg/dff_loop[28].dff/q_i_2__143/O
                         net (fo=22, routed)          1.329    32.717    CPU/dx_insn_reg/dff_loop[28].dff/bypass_readDataA[0]
    SLICE_X51Y125        LUT3 (Prop_lut3_I1_O)        0.150    32.867 f  CPU/dx_insn_reg/dff_loop[28].dff/q_i_2__45/O
                         net (fo=5, routed)           0.635    33.501    CPU/dx_insn_reg/dff_loop[28].dff/q_i_2__45_n_0
    SLICE_X52Y123        LUT5 (Prop_lut5_I0_O)        0.326    33.827 f  CPU/dx_insn_reg/dff_loop[28].dff/q_i_2__218/O
                         net (fo=6, routed)           0.499    34.327    CPU/dx_insn_reg/dff_loop[28].dff/q_i_2__218_n_0
    SLICE_X52Y125        LUT6 (Prop_lut6_I3_O)        0.124    34.451 f  CPU/dx_insn_reg/dff_loop[28].dff/q_i_2__43/O
                         net (fo=4, routed)           0.561    35.012    CPU/dx_insn_reg/dff_loop[28].dff/q_i_2__43_n_0
    SLICE_X55Y127        LUT6 (Prop_lut6_I1_O)        0.124    35.136 f  CPU/dx_insn_reg/dff_loop[28].dff/q_i_3__31/O
                         net (fo=2, routed)           0.471    35.607    CPU/dx_insn_reg/dff_loop[28].dff/q_i_3__31_n_0
    SLICE_X56Y128        LUT6 (Prop_lut6_I2_O)        0.124    35.731 f  CPU/dx_insn_reg/dff_loop[28].dff/q_i_2__38/O
                         net (fo=6, routed)           0.651    36.382    CPU/dx_insn_reg/dff_loop[28].dff/q_i_2__38_n_0
    SLICE_X58Y130        LUT5 (Prop_lut5_I3_O)        0.124    36.506 r  CPU/dx_insn_reg/dff_loop[28].dff/q_i_2__37/O
                         net (fo=1, routed)           0.464    36.970    CPU/dx_insn_reg/dff_loop[28].dff/q_i_2__37_n_0
    SLICE_X58Y130        LUT3 (Prop_lut3_I2_O)        0.124    37.094 r  CPU/dx_insn_reg/dff_loop[28].dff/q_i_1__54/O
                         net (fo=2, routed)           0.507    37.601    CPU/MULTDIV/reg_udividend/dff_loop[26].dff/q_reg_0
    SLICE_X56Y128        FDRE                                         r  CPU/MULTDIV/reg_udividend/dff_loop[26].dff/q_reg/D
  -------------------------------------------------------------------    -------------------

                         (clock clk_out1_clk_wiz_0 rise edge)
                                                     40.000    40.000 r  
    E3                                                0.000    40.000 r  clk_100mhz (IN)
                         net (fo=0)                   0.000    40.000    clk25/inst/clk_in1
    E3                   IBUF (Prop_ibuf_I_O)         1.411    41.411 r  clk25/inst/clkin1_ibufg/O
                         net (fo=1, routed)           1.181    42.592    clk25/inst/clk_in1_clk_wiz_0
    PLLE2_ADV_X1Y2       PLLE2_ADV (Prop_plle2_adv_CLKIN1_CLKOUT0)
                                                     -3.253    39.339 r  clk25/inst/plle2_adv_inst/CLKOUT0
                         net (fo=1, routed)           1.634    40.973    clk25/inst/clk_out1_clk_wiz_0
    BUFGCTRL_X0Y16       BUFG (Prop_bufg_I_O)         0.091    41.064 r  clk25/inst/clkout1_buf/O
                         net (fo=1332, routed)        1.477    42.541    CPU/MULTDIV/reg_udividend/dff_loop[26].dff/clk_out1
    SLICE_X56Y128        FDRE                                         r  CPU/MULTDIV/reg_udividend/dff_loop[26].dff/q_reg/C
                         clock pessimism              0.020    42.562    
                         clock uncertainty           -0.180    42.382    
    SLICE_X56Y128        FDRE (Setup_fdre_C_D)       -0.028    42.354    CPU/MULTDIV/reg_udividend/dff_loop[26].dff/q_reg
  -------------------------------------------------------------------
                         required time                         42.354    
                         arrival time                         -37.601    
  -------------------------------------------------------------------
                         slack                                  4.753    

Slack (MET) :             4.880ns  (required time - arrival time)
  Source:                 CPU/dx_insn_reg/dff_loop[29].dff/q_reg/C
                            (rising edge-triggered cell FDCE clocked by clk_out1_clk_wiz_0'  {rise@0.000ns fall@20.000ns period=40.000ns})
  Destination:            CPU/MULTDIV/reg_q/dff_loop[23].dff/q_reg/D
                            (rising edge-triggered cell FDRE clocked by clk_out1_clk_wiz_0  {rise@0.000ns fall@20.000ns period=40.000ns})
  Path Group:             clk_out1_clk_wiz_0
  Path Type:              Setup (Max at Slow Process Corner)
  Requirement:            20.000ns  (clk_out1_clk_wiz_0 rise@40.000ns - clk_out1_clk_wiz_0 fall@20.000ns)
  Data Path Delay:        12.109ns  (logic 2.647ns (21.861%)  route 9.462ns (78.139%))
  Logic Levels:           12  (LUT3=1 LUT4=2 LUT5=4 LUT6=5)
  Clock Path Skew:        -2.861ns (DCD - SCD + CPR)
    Destination Clock Delay (DCD):    2.541ns = ( 42.541 - 40.000 ) 
    Source Clock Delay      (SCD):    5.423ns = ( 25.423 - 20.000 ) 
    Clock Pessimism Removal (CPR):    0.020ns
  Clock Uncertainty:      0.180ns  ((TSJ^2 + DJ^2)^1/2) / 2 + PE
    Total System Jitter     (TSJ):    0.071ns
    Discrete Jitter          (DJ):    0.352ns
    Phase Error              (PE):    0.000ns

    Location             Delay type                Incr(ns)  Path(ns)    Netlist Resource(s)
  -------------------------------------------------------------------    -------------------
                         (clock clk_out1_clk_wiz_0 fall edge)
                                                     20.000    20.000 f  
    E3                                                0.000    20.000 f  clk_100mhz (IN)
                         net (fo=0)                   0.000    20.000    clk25/inst/clk_in1
    E3                   IBUF (Prop_ibuf_I_O)         1.482    21.482 f  clk25/inst/clkin1_ibufg/O
                         net (fo=1, routed)           1.253    22.735    clk25/inst/clk_in1_clk_wiz_0
    PLLE2_ADV_X1Y2       PLLE2_ADV (Prop_plle2_adv_CLKIN1_CLKOUT0)
                                                     -3.459    19.276 f  clk25/inst/plle2_adv_inst/CLKOUT0
                         net (fo=1, routed)           1.713    20.989    clk25/inst/clk_out1_clk_wiz_0
    BUFGCTRL_X0Y16       BUFG (Prop_bufg_I_O)         0.096    21.085 f  clk25/inst/clkout1_buf/O
                         net (fo=1332, routed)        1.784    22.868    clock
    SLICE_X52Y96         LUT1 (Prop_lut1_I0_O)        0.124    22.992 r  q_reg_i_10/O
                         net (fo=1, routed)           0.720    23.713    q_reg_i_10_n_0
    BUFGCTRL_X0Y0        BUFG (Prop_bufg_I_O)         0.096    23.809 r  q_reg_i_3/O
                         net (fo=377, routed)         1.614    25.423    CPU/dx_insn_reg/dff_loop[29].dff/clk0
    SLICE_X31Y129        FDCE                                         r  CPU/dx_insn_reg/dff_loop[29].dff/q_reg/C
  -------------------------------------------------------------------    -------------------
    SLICE_X31Y129        FDCE (Prop_fdce_C_Q)         0.456    25.879 r  CPU/dx_insn_reg/dff_loop[29].dff/q_reg/Q
                         net (fo=31, routed)          1.580    27.459    CPU/dx_insn_reg/dff_loop[28].dff/q_i_18__14_2
    SLICE_X36Y130        LUT5 (Prop_lut5_I3_O)        0.154    27.613 f  CPU/dx_insn_reg/dff_loop[28].dff/q_i_17__15/O
                         net (fo=7, routed)           0.772    28.385    CPU/dx_insn_reg/dff_loop[28].dff/q_i_17__15_n_0
    SLICE_X36Y134        LUT4 (Prop_lut4_I0_O)        0.327    28.712 f  CPU/dx_insn_reg/dff_loop[28].dff/q_i_14__21/O
                         net (fo=3, routed)           0.631    29.342    CPU/dx_insn_reg/dff_loop[28].dff/q_i_14__21_n_0
    SLICE_X36Y133        LUT6 (Prop_lut6_I0_O)        0.124    29.466 r  CPU/dx_insn_reg/dff_loop[28].dff/q_i_6__50/O
                         net (fo=2, routed)           0.584    30.050    CPU/dx_insn_reg/dff_loop[28].dff/q_i_6__50_n_0
    SLICE_X37Y134        LUT6 (Prop_lut6_I0_O)        0.124    30.174 r  CPU/dx_insn_reg/dff_loop[28].dff/q_i_4__89/O
                         net (fo=32, routed)          1.090    31.264    CPU/dx_insn_reg/dff_loop[28].dff/q_i_4__89_n_0
    SLICE_X44Y136        LUT5 (Prop_lut5_I1_O)        0.124    31.388 f  CPU/dx_insn_reg/dff_loop[28].dff/q_i_2__143/O
                         net (fo=22, routed)          1.329    32.717    CPU/dx_insn_reg/dff_loop[28].dff/bypass_readDataA[0]
    SLICE_X51Y125        LUT3 (Prop_lut3_I1_O)        0.150    32.867 r  CPU/dx_insn_reg/dff_loop[28].dff/q_i_2__45/O
                         net (fo=5, routed)           0.635    33.501    CPU/dx_insn_reg/dff_loop[28].dff/q_i_2__45_n_0
    SLICE_X52Y123        LUT5 (Prop_lut5_I0_O)        0.326    33.827 r  CPU/dx_insn_reg/dff_loop[28].dff/q_i_2__218/O
                         net (fo=6, routed)           0.499    34.327    CPU/dx_insn_reg/dff_loop[28].dff/q_i_2__218_n_0
    SLICE_X52Y125        LUT6 (Prop_lut6_I3_O)        0.124    34.451 r  CPU/dx_insn_reg/dff_loop[28].dff/q_i_2__43/O
                         net (fo=4, routed)           0.561    35.012    CPU/dx_insn_reg/dff_loop[28].dff/q_i_2__43_n_0
    SLICE_X55Y127        LUT6 (Prop_lut6_I1_O)        0.124    35.136 r  CPU/dx_insn_reg/dff_loop[28].dff/q_i_3__31/O
                         net (fo=2, routed)           0.471    35.607    CPU/dx_insn_reg/dff_loop[28].dff/q_i_3__31_n_0
    SLICE_X56Y128        LUT6 (Prop_lut6_I2_O)        0.124    35.731 r  CPU/dx_insn_reg/dff_loop[28].dff/q_i_2__38/O
                         net (fo=6, routed)           0.715    36.446    CPU/dx_insn_reg/dff_loop[28].dff/q_i_2__38_n_0
    SLICE_X56Y128        LUT4 (Prop_lut4_I0_O)        0.150    36.596 r  CPU/dx_insn_reg/dff_loop[28].dff/q_i_1__340/O
                         net (fo=2, routed)           0.595    37.191    CPU/MULTDIV/reg_q/dff_loop[23].dff/q_reg_5
    SLICE_X57Y128        LUT5 (Prop_lut5_I4_O)        0.340    37.531 r  CPU/MULTDIV/reg_q/dff_loop[23].dff/q_i_1__8/O
                         net (fo=1, routed)           0.000    37.531    CPU/MULTDIV/reg_q/dff_loop[23].dff/q_next[23]
    SLICE_X57Y128        FDRE                                         r  CPU/MULTDIV/reg_q/dff_loop[23].dff/q_reg/D
  -------------------------------------------------------------------    -------------------

                         (clock clk_out1_clk_wiz_0 rise edge)
                                                     40.000    40.000 r  
    E3                                                0.000    40.000 r  clk_100mhz (IN)
                         net (fo=0)                   0.000    40.000    clk25/inst/clk_in1
    E3                   IBUF (Prop_ibuf_I_O)         1.411    41.411 r  clk25/inst/clkin1_ibufg/O
                         net (fo=1, routed)           1.181    42.592    clk25/inst/clk_in1_clk_wiz_0
    PLLE2_ADV_X1Y2       PLLE2_ADV (Prop_plle2_adv_CLKIN1_CLKOUT0)
                                                     -3.253    39.339 r  clk25/inst/plle2_adv_inst/CLKOUT0
                         net (fo=1, routed)           1.634    40.973    clk25/inst/clk_out1_clk_wiz_0
    BUFGCTRL_X0Y16       BUFG (Prop_bufg_I_O)         0.091    41.064 r  clk25/inst/clkout1_buf/O
                         net (fo=1332, routed)        1.477    42.541    CPU/MULTDIV/reg_q/dff_loop[23].dff/clk_out1
    SLICE_X57Y128        FDRE                                         r  CPU/MULTDIV/reg_q/dff_loop[23].dff/q_reg/C
                         clock pessimism              0.020    42.562    
                         clock uncertainty           -0.180    42.382    
    SLICE_X57Y128        FDRE (Setup_fdre_C_D)        0.029    42.411    CPU/MULTDIV/reg_q/dff_loop[23].dff/q_reg
  -------------------------------------------------------------------
                         required time                         42.411    
                         arrival time                         -37.531    
  -------------------------------------------------------------------
                         slack                                  4.880    





Min Delay Paths
--------------------------------------------------------------------------------------
Slack (MET) :             0.208ns  (arrival time - required time)
  Source:                 CPU/MULTDIV/p_high/dff_loop[27].dff/q_reg/C
                            (rising edge-triggered cell FDRE clocked by clk_out1_clk_wiz_0  {rise@0.000ns fall@20.000ns period=40.000ns})
  Destination:            CPU/MULTDIV/p_high/dff_loop[26].dff/q_reg/D
                            (rising edge-triggered cell FDRE clocked by clk_out1_clk_wiz_0  {rise@0.000ns fall@20.000ns period=40.000ns})
  Path Group:             clk_out1_clk_wiz_0
  Path Type:              Hold (Min at Fast Process Corner)
  Requirement:            0.000ns  (clk_out1_clk_wiz_0 rise@0.000ns - clk_out1_clk_wiz_0 rise@0.000ns)
  Data Path Delay:        0.344ns  (logic 0.186ns (54.029%)  route 0.158ns (45.971%))
  Logic Levels:           1  (LUT6=1)
  Clock Path Skew:        0.016ns (DCD - SCD - CPR)
    Destination Clock Delay (DCD):    0.917ns
    Source Clock Delay      (SCD):    0.687ns
    Clock Pessimism Removal (CPR):    0.214ns

    Location             Delay type                Incr(ns)  Path(ns)    Netlist Resource(s)
  -------------------------------------------------------------------    -------------------
                         (clock clk_out1_clk_wiz_0 rise edge)
                                                      0.000     0.000 r  
    E3                                                0.000     0.000 r  clk_100mhz (IN)
                         net (fo=0)                   0.000     0.000    clk25/inst/clk_in1
    E3                   IBUF (Prop_ibuf_I_O)         0.250     0.250 r  clk25/inst/clkin1_ibufg/O
                         net (fo=1, routed)           0.440     0.690    clk25/inst/clk_in1_clk_wiz_0
    PLLE2_ADV_X1Y2       PLLE2_ADV (Prop_plle2_adv_CLKIN1_CLKOUT0)
                                                     -1.100    -0.410 r  clk25/inst/plle2_adv_inst/CLKOUT0
                         net (fo=1, routed)           0.514     0.104    clk25/inst/clk_out1_clk_wiz_0
    BUFGCTRL_X0Y16       BUFG (Prop_bufg_I_O)         0.026     0.130 r  clk25/inst/clkout1_buf/O
                         net (fo=1332, routed)        0.557     0.687    CPU/MULTDIV/p_high/dff_loop[27].dff/clk_out1
    SLICE_X52Y140        FDRE                                         r  CPU/MULTDIV/p_high/dff_loop[27].dff/q_reg/C
  -------------------------------------------------------------------    -------------------
    SLICE_X52Y140        FDRE (Prop_fdre_C_Q)         0.141     0.828 r  CPU/MULTDIV/p_high/dff_loop[27].dff/q_reg/Q
                         net (fo=7, routed)           0.158     0.986    CPU/MULTDIV/p_high/dff_loop[27].dff/q_reg_0
    SLICE_X54Y141        LUT6 (Prop_lut6_I0_O)        0.045     1.031 r  CPU/MULTDIV/p_high/dff_loop[27].dff/q_i_1__62/O
                         net (fo=1, routed)           0.000     1.031    CPU/MULTDIV/p_high/dff_loop[26].dff/q_reg_4
    SLICE_X54Y141        FDRE                                         r  CPU/MULTDIV/p_high/dff_loop[26].dff/q_reg/D
  -------------------------------------------------------------------    -------------------

                         (clock clk_out1_clk_wiz_0 rise edge)
                                                      0.000     0.000 r  
    E3                                                0.000     0.000 r  clk_100mhz (IN)
                         net (fo=0)                   0.000     0.000    clk25/inst/clk_in1
    E3                   IBUF (Prop_ibuf_I_O)         0.438     0.438 r  clk25/inst/clkin1_ibufg/O
                         net (fo=1, routed)           0.481     0.919    clk25/inst/clk_in1_clk_wiz_0
    PLLE2_ADV_X1Y2       PLLE2_ADV (Prop_plle2_adv_CLKIN1_CLKOUT0)
                                                     -1.417    -0.498 r  clk25/inst/plle2_adv_inst/CLKOUT0
                         net (fo=1, routed)           0.560     0.061    clk25/inst/clk_out1_clk_wiz_0
    BUFGCTRL_X0Y16       BUFG (Prop_bufg_I_O)         0.029     0.090 r  clk25/inst/clkout1_buf/O
                         net (fo=1332, routed)        0.826     0.917    CPU/MULTDIV/p_high/dff_loop[26].dff/clk_out1
    SLICE_X54Y141        FDRE                                         r  CPU/MULTDIV/p_high/dff_loop[26].dff/q_reg/C
                         clock pessimism             -0.214     0.703    
    SLICE_X54Y141        FDRE (Hold_fdre_C_D)         0.120     0.823    CPU/MULTDIV/p_high/dff_loop[26].dff/q_reg
  -------------------------------------------------------------------
                         required time                         -0.823    
                         arrival time                           1.031    
  -------------------------------------------------------------------
                         slack                                  0.208    

Slack (MET) :             0.210ns  (arrival time - required time)
  Source:                 vga/Display/vPos_reg[3]/C
                            (rising edge-triggered cell FDCE clocked by clk_out1_clk_wiz_0  {rise@0.000ns fall@20.000ns period=40.000ns})
  Destination:            vga/Display/vPos_reg[4]/D
                            (rising edge-triggered cell FDCE clocked by clk_out1_clk_wiz_0  {rise@0.000ns fall@20.000ns period=40.000ns})
  Path Group:             clk_out1_clk_wiz_0
  Path Type:              Hold (Min at Fast Process Corner)
  Requirement:            0.000ns  (clk_out1_clk_wiz_0 rise@0.000ns - clk_out1_clk_wiz_0 rise@0.000ns)
  Data Path Delay:        0.315ns  (logic 0.209ns (66.277%)  route 0.106ns (33.723%))
  Logic Levels:           1  (LUT5=1)
  Clock Path Skew:        0.013ns (DCD - SCD - CPR)
    Destination Clock Delay (DCD):    0.911ns
    Source Clock Delay      (SCD):    0.683ns
    Clock Pessimism Removal (CPR):    0.215ns

    Location             Delay type                Incr(ns)  Path(ns)    Netlist Resource(s)
  -------------------------------------------------------------------    -------------------
                         (clock clk_out1_clk_wiz_0 rise edge)
                                                      0.000     0.000 r  
    E3                                                0.000     0.000 r  clk_100mhz (IN)
                         net (fo=0)                   0.000     0.000    clk25/inst/clk_in1
    E3                   IBUF (Prop_ibuf_I_O)         0.250     0.250 r  clk25/inst/clkin1_ibufg/O
                         net (fo=1, routed)           0.440     0.690    clk25/inst/clk_in1_clk_wiz_0
    PLLE2_ADV_X1Y2       PLLE2_ADV (Prop_plle2_adv_CLKIN1_CLKOUT0)
                                                     -1.100    -0.410 r  clk25/inst/plle2_adv_inst/CLKOUT0
                         net (fo=1, routed)           0.514     0.104    clk25/inst/clk_out1_clk_wiz_0
    BUFGCTRL_X0Y16       BUFG (Prop_bufg_I_O)         0.026     0.130 r  clk25/inst/clkout1_buf/O
                         net (fo=1332, routed)        0.553     0.683    vga/Display/clk_out1
    SLICE_X30Y123        FDCE                                         r  vga/Display/vPos_reg[3]/C
  -------------------------------------------------------------------    -------------------
    SLICE_X30Y123        FDCE (Prop_fdce_C_Q)         0.164     0.847 r  vga/Display/vPos_reg[3]/Q
                         net (fo=9, routed)           0.106     0.953    vga/Display/vPos_reg_n_0_[3]
    SLICE_X31Y123        LUT5 (Prop_lut5_I4_O)        0.045     0.998 r  vga/Display/vPos[4]_i_1/O
                         net (fo=1, routed)           0.000     0.998    vga/Display/vPos[4]_i_1_n_0
    SLICE_X31Y123        FDCE                                         r  vga/Display/vPos_reg[4]/D
  -------------------------------------------------------------------    -------------------

                         (clock clk_out1_clk_wiz_0 rise edge)
                                                      0.000     0.000 r  
    E3                                                0.000     0.000 r  clk_100mhz (IN)
                         net (fo=0)                   0.000     0.000    clk25/inst/clk_in1
    E3                   IBUF (Prop_ibuf_I_O)         0.438     0.438 r  clk25/inst/clkin1_ibufg/O
                         net (fo=1, routed)           0.481     0.919    clk25/inst/clk_in1_clk_wiz_0
    PLLE2_ADV_X1Y2       PLLE2_ADV (Prop_plle2_adv_CLKIN1_CLKOUT0)
                                                     -1.417    -0.498 r  clk25/inst/plle2_adv_inst/CLKOUT0
                         net (fo=1, routed)           0.560     0.061    clk25/inst/clk_out1_clk_wiz_0
    BUFGCTRL_X0Y16       BUFG (Prop_bufg_I_O)         0.029     0.090 r  clk25/inst/clkout1_buf/O
                         net (fo=1332, routed)        0.821     0.911    vga/Display/clk_out1
    SLICE_X31Y123        FDCE                                         r  vga/Display/vPos_reg[4]/C
                         clock pessimism             -0.215     0.696    
    SLICE_X31Y123        FDCE (Hold_fdce_C_D)         0.092     0.788    vga/Display/vPos_reg[4]
  -------------------------------------------------------------------
                         required time                         -0.788    
                         arrival time                           0.998    
  -------------------------------------------------------------------
                         slack                                  0.210    

Slack (MET) :             0.214ns  (arrival time - required time)
  Source:                 CPU/MULTDIV/p_low/dff_loop[18].dff/q_reg/C
                            (rising edge-triggered cell FDRE clocked by clk_out1_clk_wiz_0  {rise@0.000ns fall@20.000ns period=40.000ns})
  Destination:            CPU/MULTDIV/p_low/dff_loop[17].dff/q_reg/D
                            (rising edge-triggered cell FDRE clocked by clk_out1_clk_wiz_0  {rise@0.000ns fall@20.000ns period=40.000ns})
  Path Group:             clk_out1_clk_wiz_0
  Path Type:              Hold (Min at Fast Process Corner)
  Requirement:            0.000ns  (clk_out1_clk_wiz_0 rise@0.000ns - clk_out1_clk_wiz_0 rise@0.000ns)
  Data Path Delay:        0.367ns  (logic 0.209ns (56.872%)  route 0.158ns (43.128%))
  Logic Levels:           1  (LUT3=1)
  Clock Path Skew:        0.033ns (DCD - SCD - CPR)
    Destination Clock Delay (DCD):    0.903ns
    Source Clock Delay      (SCD):    0.676ns
    Clock Pessimism Removal (CPR):    0.194ns

    Location             Delay type                Incr(ns)  Path(ns)    Netlist Resource(s)
  -------------------------------------------------------------------    -------------------
                         (clock clk_out1_clk_wiz_0 rise edge)
                                                      0.000     0.000 r  
    E3                                                0.000     0.000 r  clk_100mhz (IN)
                         net (fo=0)                   0.000     0.000    clk25/inst/clk_in1
    E3                   IBUF (Prop_ibuf_I_O)         0.250     0.250 r  clk25/inst/clkin1_ibufg/O
                         net (fo=1, routed)           0.440     0.690    clk25/inst/clk_in1_clk_wiz_0
    PLLE2_ADV_X1Y2       PLLE2_ADV (Prop_plle2_adv_CLKIN1_CLKOUT0)
                                                     -1.100    -0.410 r  clk25/inst/plle2_adv_inst/CLKOUT0
                         net (fo=1, routed)           0.514     0.104    clk25/inst/clk_out1_clk_wiz_0
    BUFGCTRL_X0Y16       BUFG (Prop_bufg_I_O)         0.026     0.130 r  clk25/inst/clkout1_buf/O
                         net (fo=1332, routed)        0.546     0.676    CPU/MULTDIV/p_low/dff_loop[18].dff/clk_out1
    SLICE_X56Y125        FDRE                                         r  CPU/MULTDIV/p_low/dff_loop[18].dff/q_reg/C
  -------------------------------------------------------------------    -------------------
    SLICE_X56Y125        FDRE (Prop_fdre_C_Q)         0.164     0.840 r  CPU/MULTDIV/p_low/dff_loop[18].dff/q_reg/Q
                         net (fo=3, routed)           0.158     0.998    CPU/dx_insn_reg/dff_loop[28].dff/p_out_low__0[17]
    SLICE_X54Y126        LUT3 (Prop_lut3_I2_O)        0.045     1.043 r  CPU/dx_insn_reg/dff_loop[28].dff/q_i_1__84/O
                         net (fo=1, routed)           0.000     1.043    CPU/MULTDIV/p_low/dff_loop[17].dff/q_reg_1[0]
    SLICE_X54Y126        FDRE                                         r  CPU/MULTDIV/p_low/dff_loop[17].dff/q_reg/D
  -------------------------------------------------------------------    -------------------

                         (clock clk_out1_clk_wiz_0 rise edge)
                                                      0.000     0.000 r  
    E3                                                0.000     0.000 r  clk_100mhz (IN)
                         net (fo=0)                   0.000     0.000    clk25/inst/clk_in1
    E3                   IBUF (Prop_ibuf_I_O)         0.438     0.438 r  clk25/inst/clkin1_ibufg/O
                         net (fo=1, routed)           0.481     0.919    clk25/inst/clk_in1_clk_wiz_0
    PLLE2_ADV_X1Y2       PLLE2_ADV (Prop_plle2_adv_CLKIN1_CLKOUT0)
                                                     -1.417    -0.498 r  clk25/inst/plle2_adv_inst/CLKOUT0
                         net (fo=1, routed)           0.560     0.061    clk25/inst/clk_out1_clk_wiz_0
    BUFGCTRL_X0Y16       BUFG (Prop_bufg_I_O)         0.029     0.090 r  clk25/inst/clkout1_buf/O
                         net (fo=1332, routed)        0.812     0.903    CPU/MULTDIV/p_low/dff_loop[17].dff/clk_out1
    SLICE_X54Y126        FDRE                                         r  CPU/MULTDIV/p_low/dff_loop[17].dff/q_reg/C
                         clock pessimism             -0.194     0.709    
    SLICE_X54Y126        FDRE (Hold_fdre_C_D)         0.120     0.829    CPU/MULTDIV/p_low/dff_loop[17].dff/q_reg
  -------------------------------------------------------------------
                         required time                         -0.829    
                         arrival time                           1.043    
  -------------------------------------------------------------------
                         slack                                  0.214    

Slack (MET) :             0.218ns  (arrival time - required time)
  Source:                 CPU/fd_insn_reg/dff_loop[31].dff/q_reg/C
                            (rising edge-triggered cell FDRE clocked by clk_out1_clk_wiz_0'  {rise@0.000ns fall@20.000ns period=40.000ns})
  Destination:            CPU/dx_insn_reg/dff_loop[31].dff/q_reg/D
                            (rising edge-triggered cell FDCE clocked by clk_out1_clk_wiz_0'  {rise@0.000ns fall@20.000ns period=40.000ns})
  Path Group:             clk_out1_clk_wiz_0
  Path Type:              Hold (Min at Fast Process Corner)
  Requirement:            0.000ns  (clk_out1_clk_wiz_0 fall@20.000ns - clk_out1_clk_wiz_0 fall@20.000ns)
  Data Path Delay:        0.344ns  (logic 0.186ns (54.093%)  route 0.158ns (45.907%))
  Logic Levels:           1  (LUT5=1)
  Clock Path Skew:        0.035ns (DCD - SCD - CPR)
    Destination Clock Delay (DCD):    2.204ns = ( 22.204 - 20.000 ) 
    Source Clock Delay      (SCD):    1.650ns = ( 21.650 - 20.000 ) 
    Clock Pessimism Removal (CPR):    0.520ns

    Location             Delay type                Incr(ns)  Path(ns)    Netlist Resource(s)
  -------------------------------------------------------------------    -------------------
                         (clock clk_out1_clk_wiz_0 fall edge)
                                                     20.000    20.000 f  
    E3                                                0.000    20.000 f  clk_100mhz (IN)
                         net (fo=0)                   0.000    20.000    clk25/inst/clk_in1
    E3                   IBUF (Prop_ibuf_I_O)         0.250    20.250 f  clk25/inst/clkin1_ibufg/O
                         net (fo=1, routed)           0.440    20.690    clk25/inst/clk_in1_clk_wiz_0
    PLLE2_ADV_X1Y2       PLLE2_ADV (Prop_plle2_adv_CLKIN1_CLKOUT0)
                                                     -1.100    19.590 f  clk25/inst/plle2_adv_inst/CLKOUT0
                         net (fo=1, routed)           0.514    20.104    clk25/inst/clk_out1_clk_wiz_0
    BUFGCTRL_X0Y16       BUFG (Prop_bufg_I_O)         0.026    20.130 f  clk25/inst/clkout1_buf/O
                         net (fo=1332, routed)        0.625    20.755    clock
    SLICE_X52Y96         LUT1 (Prop_lut1_I0_O)        0.045    20.800 r  q_reg_i_10/O
                         net (fo=1, routed)           0.266    21.066    q_reg_i_10_n_0
    BUFGCTRL_X0Y0        BUFG (Prop_bufg_I_O)         0.026    21.092 r  q_reg_i_3/O
                         net (fo=377, routed)         0.558    21.650    CPU/fd_insn_reg/dff_loop[31].dff/clk0
    SLICE_X28Y128        FDRE                                         r  CPU/fd_insn_reg/dff_loop[31].dff/q_reg/C
  -------------------------------------------------------------------    -------------------
    SLICE_X28Y128        FDRE (Prop_fdre_C_Q)         0.141    21.791 r  CPU/fd_insn_reg/dff_loop[31].dff/q_reg/Q
                         net (fo=5, routed)           0.158    21.949    CPU/fd_insn_reg/dff_loop[22].dff/fd_insn[3]
    SLICE_X31Y129        LUT5 (Prop_lut5_I4_O)        0.045    21.994 r  CPU/fd_insn_reg/dff_loop[22].dff/q_i_1__371/O
                         net (fo=1, routed)           0.000    21.994    CPU/dx_insn_reg/dff_loop[31].dff/dx_insn_in[0]
    SLICE_X31Y129        FDCE                                         r  CPU/dx_insn_reg/dff_loop[31].dff/q_reg/D
  -------------------------------------------------------------------    -------------------

                         (clock clk_out1_clk_wiz_0 fall edge)
                                                     20.000    20.000 f  
    E3                                                0.000    20.000 f  clk_100mhz (IN)
                         net (fo=0)                   0.000    20.000    clk25/inst/clk_in1
    E3                   IBUF (Prop_ibuf_I_O)         0.438    20.438 f  clk25/inst/clkin1_ibufg/O
                         net (fo=1, routed)           0.481    20.919    clk25/inst/clk_in1_clk_wiz_0
    PLLE2_ADV_X1Y2       PLLE2_ADV (Prop_plle2_adv_CLKIN1_CLKOUT0)
                                                     -1.417    19.502 f  clk25/inst/plle2_adv_inst/CLKOUT0
                         net (fo=1, routed)           0.560    20.061    clk25/inst/clk_out1_clk_wiz_0
    BUFGCTRL_X0Y16       BUFG (Prop_bufg_I_O)         0.029    20.090 f  clk25/inst/clkout1_buf/O
                         net (fo=1332, routed)        0.904    20.994    clock
    SLICE_X52Y96         LUT1 (Prop_lut1_I0_O)        0.056    21.050 r  q_reg_i_10/O
                         net (fo=1, routed)           0.299    21.349    q_reg_i_10_n_0
    BUFGCTRL_X0Y0        BUFG (Prop_bufg_I_O)         0.029    21.378 r  q_reg_i_3/O
                         net (fo=377, routed)         0.826    22.204    CPU/dx_insn_reg/dff_loop[31].dff/clk0
    SLICE_X31Y129        FDCE                                         r  CPU/dx_insn_reg/dff_loop[31].dff/q_reg/C
                         clock pessimism             -0.520    21.685    
    SLICE_X31Y129        FDCE (Hold_fdce_C_D)         0.091    21.776    CPU/dx_insn_reg/dff_loop[31].dff/q_reg
  -------------------------------------------------------------------
                         required time                        -21.776    
                         arrival time                          21.994    
  -------------------------------------------------------------------
                         slack                                  0.218    

Slack (MET) :             0.220ns  (arrival time - required time)
  Source:                 CPU/fd_pc_plus1_reg/dff_loop[15].dff/q_reg/C
                            (rising edge-triggered cell FDCE clocked by clk_out1_clk_wiz_0'  {rise@0.000ns fall@20.000ns period=40.000ns})
  Destination:            CPU/dx_pc_plus1_reg/dff_loop[15].dff/q_reg/D
                            (rising edge-triggered cell FDCE clocked by clk_out1_clk_wiz_0'  {rise@0.000ns fall@20.000ns period=40.000ns})
  Path Group:             clk_out1_clk_wiz_0
  Path Type:              Hold (Min at Fast Process Corner)
  Requirement:            0.000ns  (clk_out1_clk_wiz_0 fall@20.000ns - clk_out1_clk_wiz_0 fall@20.000ns)
  Data Path Delay:        0.322ns  (logic 0.186ns (57.733%)  route 0.136ns (42.267%))
  Logic Levels:           1  (LUT5=1)
  Clock Path Skew:        0.011ns (DCD - SCD - CPR)
    Destination Clock Delay (DCD):    2.198ns = ( 22.198 - 20.000 ) 
    Source Clock Delay      (SCD):    1.646ns = ( 21.646 - 20.000 ) 
    Clock Pessimism Removal (CPR):    0.542ns

    Location             Delay type                Incr(ns)  Path(ns)    Netlist Resource(s)
  -------------------------------------------------------------------    -------------------
                         (clock clk_out1_clk_wiz_0 fall edge)
                                                     20.000    20.000 f  
    E3                                                0.000    20.000 f  clk_100mhz (IN)
                         net (fo=0)                   0.000    20.000    clk25/inst/clk_in1
    E3                   IBUF (Prop_ibuf_I_O)         0.250    20.250 f  clk25/inst/clkin1_ibufg/O
                         net (fo=1, routed)           0.440    20.690    clk25/inst/clk_in1_clk_wiz_0
    PLLE2_ADV_X1Y2       PLLE2_ADV (Prop_plle2_adv_CLKIN1_CLKOUT0)
                                                     -1.100    19.590 f  clk25/inst/plle2_adv_inst/CLKOUT0
                         net (fo=1, routed)           0.514    20.104    clk25/inst/clk_out1_clk_wiz_0
    BUFGCTRL_X0Y16       BUFG (Prop_bufg_I_O)         0.026    20.130 f  clk25/inst/clkout1_buf/O
                         net (fo=1332, routed)        0.625    20.755    clock
    SLICE_X52Y96         LUT1 (Prop_lut1_I0_O)        0.045    20.800 r  q_reg_i_10/O
                         net (fo=1, routed)           0.266    21.066    q_reg_i_10_n_0
    BUFGCTRL_X0Y0        BUFG (Prop_bufg_I_O)         0.026    21.092 r  q_reg_i_3/O
                         net (fo=377, routed)         0.554    21.646    CPU/fd_pc_plus1_reg/dff_loop[15].dff/clk0
    SLICE_X41Y127        FDCE                                         r  CPU/fd_pc_plus1_reg/dff_loop[15].dff/q_reg/C
  -------------------------------------------------------------------    -------------------
    SLICE_X41Y127        FDCE (Prop_fdce_C_Q)         0.141    21.787 r  CPU/fd_pc_plus1_reg/dff_loop[15].dff/q_reg/Q
                         net (fo=1, routed)           0.136    21.923    CPU/fd_insn_reg/dff_loop[22].dff/q_reg_47
    SLICE_X41Y126        LUT5 (Prop_lut5_I4_O)        0.045    21.968 r  CPU/fd_insn_reg/dff_loop[22].dff/q_i_1__418/O
                         net (fo=1, routed)           0.000    21.968    CPU/dx_pc_plus1_reg/dff_loop[15].dff/dx_pc_plus1_in[0]
    SLICE_X41Y126        FDCE                                         r  CPU/dx_pc_plus1_reg/dff_loop[15].dff/q_reg/D
  -------------------------------------------------------------------    -------------------

                         (clock clk_out1_clk_wiz_0 fall edge)
                                                     20.000    20.000 f  
    E3                                                0.000    20.000 f  clk_100mhz (IN)
                         net (fo=0)                   0.000    20.000    clk25/inst/clk_in1
    E3                   IBUF (Prop_ibuf_I_O)         0.438    20.438 f  clk25/inst/clkin1_ibufg/O
                         net (fo=1, routed)           0.481    20.919    clk25/inst/clk_in1_clk_wiz_0
    PLLE2_ADV_X1Y2       PLLE2_ADV (Prop_plle2_adv_CLKIN1_CLKOUT0)
                                                     -1.417    19.502 f  clk25/inst/plle2_adv_inst/CLKOUT0
                         net (fo=1, routed)           0.560    20.061    clk25/inst/clk_out1_clk_wiz_0
    BUFGCTRL_X0Y16       BUFG (Prop_bufg_I_O)         0.029    20.090 f  clk25/inst/clkout1_buf/O
                         net (fo=1332, routed)        0.904    20.994    clock
    SLICE_X52Y96         LUT1 (Prop_lut1_I0_O)        0.056    21.050 r  q_reg_i_10/O
                         net (fo=1, routed)           0.299    21.349    q_reg_i_10_n_0
    BUFGCTRL_X0Y0        BUFG (Prop_bufg_I_O)         0.029    21.378 r  q_reg_i_3/O
                         net (fo=377, routed)         0.821    22.198    CPU/dx_pc_plus1_reg/dff_loop[15].dff/clk0
    SLICE_X41Y126        FDCE                                         r  CPU/dx_pc_plus1_reg/dff_loop[15].dff/q_reg/C
                         clock pessimism             -0.542    21.657    
    SLICE_X41Y126        FDCE (Hold_fdce_C_D)         0.091    21.748    CPU/dx_pc_plus1_reg/dff_loop[15].dff/q_reg
  -------------------------------------------------------------------
                         required time                        -21.748    
                         arrival time                          21.968    
  -------------------------------------------------------------------
                         slack                                  0.220    

Slack (MET) :             0.222ns  (arrival time - required time)
  Source:                 CPU/PC_reg/dff_loop[17].dff/q_reg/C
                            (rising edge-triggered cell FDCE clocked by clk_out1_clk_wiz_0'  {rise@0.000ns fall@20.000ns period=40.000ns})
  Destination:            CPU/fd_pc_plus1_reg/dff_loop[17].dff/q_reg/D
                            (rising edge-triggered cell FDCE clocked by clk_out1_clk_wiz_0'  {rise@0.000ns fall@20.000ns period=40.000ns})
  Path Group:             clk_out1_clk_wiz_0
  Path Type:              Hold (Min at Fast Process Corner)
  Requirement:            0.000ns  (clk_out1_clk_wiz_0 fall@20.000ns - clk_out1_clk_wiz_0 fall@20.000ns)
  Data Path Delay:        0.326ns  (logic 0.209ns (64.207%)  route 0.117ns (35.793%))
  Logic Levels:           1  (LUT4=1)
  Clock Path Skew:        0.013ns (DCD - SCD - CPR)
    Destination Clock Delay (DCD):    2.202ns = ( 22.202 - 20.000 ) 
    Source Clock Delay      (SCD):    1.648ns = ( 21.648 - 20.000 ) 
    Clock Pessimism Removal (CPR):    0.542ns

    Location             Delay type                Incr(ns)  Path(ns)    Netlist Resource(s)
  -------------------------------------------------------------------    -------------------
                         (clock clk_out1_clk_wiz_0 fall edge)
                                                     20.000    20.000 f  
    E3                                                0.000    20.000 f  clk_100mhz (IN)
                         net (fo=0)                   0.000    20.000    clk25/inst/clk_in1
    E3                   IBUF (Prop_ibuf_I_O)         0.250    20.250 f  clk25/inst/clkin1_ibufg/O
                         net (fo=1, routed)           0.440    20.690    clk25/inst/clk_in1_clk_wiz_0
    PLLE2_ADV_X1Y2       PLLE2_ADV (Prop_plle2_adv_CLKIN1_CLKOUT0)
                                                     -1.100    19.590 f  clk25/inst/plle2_adv_inst/CLKOUT0
                         net (fo=1, routed)           0.514    20.104    clk25/inst/clk_out1_clk_wiz_0
    BUFGCTRL_X0Y16       BUFG (Prop_bufg_I_O)         0.026    20.130 f  clk25/inst/clkout1_buf/O
                         net (fo=1332, routed)        0.625    20.755    clock
    SLICE_X52Y96         LUT1 (Prop_lut1_I0_O)        0.045    20.800 r  q_reg_i_10/O
                         net (fo=1, routed)           0.266    21.066    q_reg_i_10_n_0
    BUFGCTRL_X0Y0        BUFG (Prop_bufg_I_O)         0.026    21.092 r  q_reg_i_3/O
                         net (fo=377, routed)         0.556    21.648    CPU/PC_reg/dff_loop[17].dff/clk0
    SLICE_X34Y128        FDCE                                         r  CPU/PC_reg/dff_loop[17].dff/q_reg/C
  -------------------------------------------------------------------    -------------------
    SLICE_X34Y128        FDCE (Prop_fdce_C_Q)         0.164    21.812 r  CPU/PC_reg/dff_loop[17].dff/q_reg/Q
                         net (fo=7, routed)           0.117    21.928    CPU/PC_reg/dff_loop[16].dff/q_reg_4
    SLICE_X35Y128        LUT4 (Prop_lut4_I2_O)        0.045    21.973 r  CPU/PC_reg/dff_loop[16].dff/q_i_1__296/O
                         net (fo=1, routed)           0.000    21.973    CPU/fd_pc_plus1_reg/dff_loop[17].dff/q_reg_2
    SLICE_X35Y128        FDCE                                         r  CPU/fd_pc_plus1_reg/dff_loop[17].dff/q_reg/D
  -------------------------------------------------------------------    -------------------

                         (clock clk_out1_clk_wiz_0 fall edge)
                                                     20.000    20.000 f  
    E3                                                0.000    20.000 f  clk_100mhz (IN)
                         net (fo=0)                   0.000    20.000    clk25/inst/clk_in1
    E3                   IBUF (Prop_ibuf_I_O)         0.438    20.438 f  clk25/inst/clkin1_ibufg/O
                         net (fo=1, routed)           0.481    20.919    clk25/inst/clk_in1_clk_wiz_0
    PLLE2_ADV_X1Y2       PLLE2_ADV (Prop_plle2_adv_CLKIN1_CLKOUT0)
                                                     -1.417    19.502 f  clk25/inst/plle2_adv_inst/CLKOUT0
                         net (fo=1, routed)           0.560    20.061    clk25/inst/clk_out1_clk_wiz_0
    BUFGCTRL_X0Y16       BUFG (Prop_bufg_I_O)         0.029    20.090 f  clk25/inst/clkout1_buf/O
                         net (fo=1332, routed)        0.904    20.994    clock
    SLICE_X52Y96         LUT1 (Prop_lut1_I0_O)        0.056    21.050 r  q_reg_i_10/O
                         net (fo=1, routed)           0.299    21.349    q_reg_i_10_n_0
    BUFGCTRL_X0Y0        BUFG (Prop_bufg_I_O)         0.029    21.378 r  q_reg_i_3/O
                         net (fo=377, routed)         0.825    22.202    CPU/fd_pc_plus1_reg/dff_loop[17].dff/clk0
    SLICE_X35Y128        FDCE                                         r  CPU/fd_pc_plus1_reg/dff_loop[17].dff/q_reg/C
                         clock pessimism             -0.542    21.661    
    SLICE_X35Y128        FDCE (Hold_fdce_C_D)         0.091    21.752    CPU/fd_pc_plus1_reg/dff_loop[17].dff/q_reg
  -------------------------------------------------------------------
                         required time                        -21.752    
                         arrival time                          21.973    
  -------------------------------------------------------------------
                         slack                                  0.222    

Slack (MET) :             0.222ns  (arrival time - required time)
  Source:                 CPU/PC_reg/dff_loop[17].dff/q_reg/C
                            (rising edge-triggered cell FDCE clocked by clk_out1_clk_wiz_0'  {rise@0.000ns fall@20.000ns period=40.000ns})
  Destination:            CPU/fd_pc_plus1_reg/dff_loop[18].dff/q_reg/D
                            (rising edge-triggered cell FDCE clocked by clk_out1_clk_wiz_0'  {rise@0.000ns fall@20.000ns period=40.000ns})
  Path Group:             clk_out1_clk_wiz_0
  Path Type:              Hold (Min at Fast Process Corner)
  Requirement:            0.000ns  (clk_out1_clk_wiz_0 fall@20.000ns - clk_out1_clk_wiz_0 fall@20.000ns)
  Data Path Delay:        0.327ns  (logic 0.209ns (64.010%)  route 0.118ns (35.990%))
  Logic Levels:           1  (LUT5=1)
  Clock Path Skew:        0.013ns (DCD - SCD - CPR)
    Destination Clock Delay (DCD):    2.202ns = ( 22.202 - 20.000 ) 
    Source Clock Delay      (SCD):    1.648ns = ( 21.648 - 20.000 ) 
    Clock Pessimism Removal (CPR):    0.542ns

    Location             Delay type                Incr(ns)  Path(ns)    Netlist Resource(s)
  -------------------------------------------------------------------    -------------------
                         (clock clk_out1_clk_wiz_0 fall edge)
                                                     20.000    20.000 f  
    E3                                                0.000    20.000 f  clk_100mhz (IN)
                         net (fo=0)                   0.000    20.000    clk25/inst/clk_in1
    E3                   IBUF (Prop_ibuf_I_O)         0.250    20.250 f  clk25/inst/clkin1_ibufg/O
                         net (fo=1, routed)           0.440    20.690    clk25/inst/clk_in1_clk_wiz_0
    PLLE2_ADV_X1Y2       PLLE2_ADV (Prop_plle2_adv_CLKIN1_CLKOUT0)
                                                     -1.100    19.590 f  clk25/inst/plle2_adv_inst/CLKOUT0
                         net (fo=1, routed)           0.514    20.104    clk25/inst/clk_out1_clk_wiz_0
    BUFGCTRL_X0Y16       BUFG (Prop_bufg_I_O)         0.026    20.130 f  clk25/inst/clkout1_buf/O
                         net (fo=1332, routed)        0.625    20.755    clock
    SLICE_X52Y96         LUT1 (Prop_lut1_I0_O)        0.045    20.800 r  q_reg_i_10/O
                         net (fo=1, routed)           0.266    21.066    q_reg_i_10_n_0
    BUFGCTRL_X0Y0        BUFG (Prop_bufg_I_O)         0.026    21.092 r  q_reg_i_3/O
                         net (fo=377, routed)         0.556    21.648    CPU/PC_reg/dff_loop[17].dff/clk0
    SLICE_X34Y128        FDCE                                         r  CPU/PC_reg/dff_loop[17].dff/q_reg/C
  -------------------------------------------------------------------    -------------------
    SLICE_X34Y128        FDCE (Prop_fdce_C_Q)         0.164    21.812 r  CPU/PC_reg/dff_loop[17].dff/q_reg/Q
                         net (fo=7, routed)           0.118    21.929    CPU/PC_reg/dff_loop[17].dff/q_reg_0
    SLICE_X35Y128        LUT5 (Prop_lut5_I0_O)        0.045    21.974 r  CPU/PC_reg/dff_loop[17].dff/q_i_1__297/O
                         net (fo=1, routed)           0.000    21.974    CPU/fd_pc_plus1_reg/dff_loop[18].dff/q_reg_2
    SLICE_X35Y128        FDCE                                         r  CPU/fd_pc_plus1_reg/dff_loop[18].dff/q_reg/D
  -------------------------------------------------------------------    -------------------

                         (clock clk_out1_clk_wiz_0 fall edge)
                                                     20.000    20.000 f  
    E3                                                0.000    20.000 f  clk_100mhz (IN)
                         net (fo=0)                   0.000    20.000    clk25/inst/clk_in1
    E3                   IBUF (Prop_ibuf_I_O)         0.438    20.438 f  clk25/inst/clkin1_ibufg/O
                         net (fo=1, routed)           0.481    20.919    clk25/inst/clk_in1_clk_wiz_0
    PLLE2_ADV_X1Y2       PLLE2_ADV (Prop_plle2_adv_CLKIN1_CLKOUT0)
                                                     -1.417    19.502 f  clk25/inst/plle2_adv_inst/CLKOUT0
                         net (fo=1, routed)           0.560    20.061    clk25/inst/clk_out1_clk_wiz_0
    BUFGCTRL_X0Y16       BUFG (Prop_bufg_I_O)         0.029    20.090 f  clk25/inst/clkout1_buf/O
                         net (fo=1332, routed)        0.904    20.994    clock
    SLICE_X52Y96         LUT1 (Prop_lut1_I0_O)        0.056    21.050 r  q_reg_i_10/O
                         net (fo=1, routed)           0.299    21.349    q_reg_i_10_n_0
    BUFGCTRL_X0Y0        BUFG (Prop_bufg_I_O)         0.029    21.378 r  q_reg_i_3/O
                         net (fo=377, routed)         0.825    22.202    CPU/fd_pc_plus1_reg/dff_loop[18].dff/clk0
    SLICE_X35Y128        FDCE                                         r  CPU/fd_pc_plus1_reg/dff_loop[18].dff/q_reg/C
                         clock pessimism             -0.542    21.661    
    SLICE_X35Y128        FDCE (Hold_fdce_C_D)         0.092    21.753    CPU/fd_pc_plus1_reg/dff_loop[18].dff/q_reg
  -------------------------------------------------------------------
                         required time                        -21.753    
                         arrival time                          21.974    
  -------------------------------------------------------------------
                         slack                                  0.222    

Slack (MET) :             0.224ns  (arrival time - required time)
  Source:                 CPU/fd_pc_plus1_reg/dff_loop[12].dff/q_reg/C
                            (rising edge-triggered cell FDCE clocked by clk_out1_clk_wiz_0'  {rise@0.000ns fall@20.000ns period=40.000ns})
  Destination:            CPU/dx_pc_plus1_reg/dff_loop[12].dff/q_reg/D
                            (rising edge-triggered cell FDCE clocked by clk_out1_clk_wiz_0'  {rise@0.000ns fall@20.000ns period=40.000ns})
  Path Group:             clk_out1_clk_wiz_0
  Path Type:              Hold (Min at Fast Process Corner)
  Requirement:            0.000ns  (clk_out1_clk_wiz_0 fall@20.000ns - clk_out1_clk_wiz_0 fall@20.000ns)
  Data Path Delay:        0.328ns  (logic 0.186ns (56.719%)  route 0.142ns (43.282%))
  Logic Levels:           1  (LUT5=1)
  Clock Path Skew:        0.013ns (DCD - SCD - CPR)
    Destination Clock Delay (DCD):    2.197ns = ( 22.197 - 20.000 ) 
    Source Clock Delay      (SCD):    1.643ns = ( 21.643 - 20.000 ) 
    Clock Pessimism Removal (CPR):    0.542ns

    Location             Delay type                Incr(ns)  Path(ns)    Netlist Resource(s)
  -------------------------------------------------------------------    -------------------
                         (clock clk_out1_clk_wiz_0 fall edge)
                                                     20.000    20.000 f  
    E3                                                0.000    20.000 f  clk_100mhz (IN)
                         net (fo=0)                   0.000    20.000    clk25/inst/clk_in1
    E3                   IBUF (Prop_ibuf_I_O)         0.250    20.250 f  clk25/inst/clkin1_ibufg/O
                         net (fo=1, routed)           0.440    20.690    clk25/inst/clk_in1_clk_wiz_0
    PLLE2_ADV_X1Y2       PLLE2_ADV (Prop_plle2_adv_CLKIN1_CLKOUT0)
                                                     -1.100    19.590 f  clk25/inst/plle2_adv_inst/CLKOUT0
                         net (fo=1, routed)           0.514    20.104    clk25/inst/clk_out1_clk_wiz_0
    BUFGCTRL_X0Y16       BUFG (Prop_bufg_I_O)         0.026    20.130 f  clk25/inst/clkout1_buf/O
                         net (fo=1332, routed)        0.625    20.755    clock
    SLICE_X52Y96         LUT1 (Prop_lut1_I0_O)        0.045    20.800 r  q_reg_i_10/O
                         net (fo=1, routed)           0.266    21.066    q_reg_i_10_n_0
    BUFGCTRL_X0Y0        BUFG (Prop_bufg_I_O)         0.026    21.092 r  q_reg_i_3/O
                         net (fo=377, routed)         0.551    21.643    CPU/fd_pc_plus1_reg/dff_loop[12].dff/clk0
    SLICE_X39Y124        FDCE                                         r  CPU/fd_pc_plus1_reg/dff_loop[12].dff/q_reg/C
  -------------------------------------------------------------------    -------------------
    SLICE_X39Y124        FDCE (Prop_fdce_C_Q)         0.141    21.784 r  CPU/fd_pc_plus1_reg/dff_loop[12].dff/q_reg/Q
                         net (fo=1, routed)           0.142    21.926    CPU/fd_insn_reg/dff_loop[22].dff/q_reg_50
    SLICE_X40Y124        LUT5 (Prop_lut5_I4_O)        0.045    21.971 r  CPU/fd_insn_reg/dff_loop[22].dff/q_i_1__421/O
                         net (fo=1, routed)           0.000    21.971    CPU/dx_pc_plus1_reg/dff_loop[12].dff/dx_pc_plus1_in[0]
    SLICE_X40Y124        FDCE                                         r  CPU/dx_pc_plus1_reg/dff_loop[12].dff/q_reg/D
  -------------------------------------------------------------------    -------------------

                         (clock clk_out1_clk_wiz_0 fall edge)
                                                     20.000    20.000 f  
    E3                                                0.000    20.000 f  clk_100mhz (IN)
                         net (fo=0)                   0.000    20.000    clk25/inst/clk_in1
    E3                   IBUF (Prop_ibuf_I_O)         0.438    20.438 f  clk25/inst/clkin1_ibufg/O
                         net (fo=1, routed)           0.481    20.919    clk25/inst/clk_in1_clk_wiz_0
    PLLE2_ADV_X1Y2       PLLE2_ADV (Prop_plle2_adv_CLKIN1_CLKOUT0)
                                                     -1.417    19.502 f  clk25/inst/plle2_adv_inst/CLKOUT0
                         net (fo=1, routed)           0.560    20.061    clk25/inst/clk_out1_clk_wiz_0
    BUFGCTRL_X0Y16       BUFG (Prop_bufg_I_O)         0.029    20.090 f  clk25/inst/clkout1_buf/O
                         net (fo=1332, routed)        0.904    20.994    clock
    SLICE_X52Y96         LUT1 (Prop_lut1_I0_O)        0.056    21.050 r  q_reg_i_10/O
                         net (fo=1, routed)           0.299    21.349    q_reg_i_10_n_0
    BUFGCTRL_X0Y0        BUFG (Prop_bufg_I_O)         0.029    21.378 r  q_reg_i_3/O
                         net (fo=377, routed)         0.820    22.197    CPU/dx_pc_plus1_reg/dff_loop[12].dff/clk0
    SLICE_X40Y124        FDCE                                         r  CPU/dx_pc_plus1_reg/dff_loop[12].dff/q_reg/C
                         clock pessimism             -0.542    21.656    
    SLICE_X40Y124        FDCE (Hold_fdce_C_D)         0.091    21.747    CPU/dx_pc_plus1_reg/dff_loop[12].dff/q_reg
  -------------------------------------------------------------------
                         required time                        -21.747    
                         arrival time                          21.971    
  -------------------------------------------------------------------
                         slack                                  0.224    

Slack (MET) :             0.224ns  (arrival time - required time)
  Source:                 vga/Display/hPos_reg[7]/C
                            (rising edge-triggered cell FDCE clocked by clk_out1_clk_wiz_0  {rise@0.000ns fall@20.000ns period=40.000ns})
  Destination:            vga/active_prev_reg/D
                            (rising edge-triggered cell FDRE clocked by clk_out1_clk_wiz_0  {rise@0.000ns fall@20.000ns period=40.000ns})
  Path Group:             clk_out1_clk_wiz_0
  Path Type:              Hold (Min at Fast Process Corner)
  Requirement:            0.000ns  (clk_out1_clk_wiz_0 rise@0.000ns - clk_out1_clk_wiz_0 rise@0.000ns)
  Data Path Delay:        0.328ns  (logic 0.186ns (56.653%)  route 0.142ns (43.347%))
  Logic Levels:           1  (LUT5=1)
  Clock Path Skew:        0.013ns (DCD - SCD - CPR)
    Destination Clock Delay (DCD):    0.911ns
    Source Clock Delay      (SCD):    0.683ns
    Clock Pessimism Removal (CPR):    0.215ns

    Location             Delay type                Incr(ns)  Path(ns)    Netlist Resource(s)
  -------------------------------------------------------------------    -------------------
                         (clock clk_out1_clk_wiz_0 rise edge)
                                                      0.000     0.000 r  
    E3                                                0.000     0.000 r  clk_100mhz (IN)
                         net (fo=0)                   0.000     0.000    clk25/inst/clk_in1
    E3                   IBUF (Prop_ibuf_I_O)         0.250     0.250 r  clk25/inst/clkin1_ibufg/O
                         net (fo=1, routed)           0.440     0.690    clk25/inst/clk_in1_clk_wiz_0
    PLLE2_ADV_X1Y2       PLLE2_ADV (Prop_plle2_adv_CLKIN1_CLKOUT0)
                                                     -1.100    -0.410 r  clk25/inst/plle2_adv_inst/CLKOUT0
                         net (fo=1, routed)           0.514     0.104    clk25/inst/clk_out1_clk_wiz_0
    BUFGCTRL_X0Y16       BUFG (Prop_bufg_I_O)         0.026     0.130 r  clk25/inst/clkout1_buf/O
                         net (fo=1332, routed)        0.553     0.683    vga/Display/clk_out1
    SLICE_X33Y123        FDCE                                         r  vga/Display/hPos_reg[7]/C
  -------------------------------------------------------------------    -------------------
    SLICE_X33Y123        FDCE (Prop_fdce_C_Q)         0.141     0.824 f  vga/Display/hPos_reg[7]/Q
                         net (fo=10, routed)          0.142     0.966    vga/Display/hPos_reg_n_0_[7]
    SLICE_X32Y123        LUT5 (Prop_lut5_I2_O)        0.045     1.011 r  vga/Display/active_prev_i_1/O
                         net (fo=1, routed)           0.000     1.011    vga/active
    SLICE_X32Y123        FDRE                                         r  vga/active_prev_reg/D
  -------------------------------------------------------------------    -------------------

                         (clock clk_out1_clk_wiz_0 rise edge)
                                                      0.000     0.000 r  
    E3                                                0.000     0.000 r  clk_100mhz (IN)
                         net (fo=0)                   0.000     0.000    clk25/inst/clk_in1
    E3                   IBUF (Prop_ibuf_I_O)         0.438     0.438 r  clk25/inst/clkin1_ibufg/O
                         net (fo=1, routed)           0.481     0.919    clk25/inst/clk_in1_clk_wiz_0
    PLLE2_ADV_X1Y2       PLLE2_ADV (Prop_plle2_adv_CLKIN1_CLKOUT0)
                                                     -1.417    -0.498 r  clk25/inst/plle2_adv_inst/CLKOUT0
                         net (fo=1, routed)           0.560     0.061    clk25/inst/clk_out1_clk_wiz_0
    BUFGCTRL_X0Y16       BUFG (Prop_bufg_I_O)         0.029     0.090 r  clk25/inst/clkout1_buf/O
                         net (fo=1332, routed)        0.821     0.911    vga/clk_out1
    SLICE_X32Y123        FDRE                                         r  vga/active_prev_reg/C
                         clock pessimism             -0.215     0.696    
    SLICE_X32Y123        FDRE (Hold_fdre_C_D)         0.091     0.787    vga/active_prev_reg
  -------------------------------------------------------------------
                         required time                         -0.787    
                         arrival time                           1.011    
  -------------------------------------------------------------------
                         slack                                  0.224    

Slack (MET) :             0.231ns  (arrival time - required time)
  Source:                 CPU/MULTDIV/count_reg/dff_loop[2].dff/q_reg/C
                            (rising edge-triggered cell FDRE clocked by clk_out1_clk_wiz_0  {rise@0.000ns fall@20.000ns period=40.000ns})
  Destination:            CPU/MULTDIV/count_reg/dff_loop[5].dff/q_reg/D
                            (rising edge-triggered cell FDRE clocked by clk_out1_clk_wiz_0  {rise@0.000ns fall@20.000ns period=40.000ns})
  Path Group:             clk_out1_clk_wiz_0
  Path Type:              Hold (Min at Fast Process Corner)
  Requirement:            0.000ns  (clk_out1_clk_wiz_0 rise@0.000ns - clk_out1_clk_wiz_0 rise@0.000ns)
  Data Path Delay:        0.335ns  (logic 0.186ns (55.512%)  route 0.149ns (44.488%))
  Logic Levels:           1  (LUT6=1)
  Clock Path Skew:        0.013ns (DCD - SCD - CPR)
    Destination Clock Delay (DCD):    0.919ns
    Source Clock Delay      (SCD):    0.688ns
    Clock Pessimism Removal (CPR):    0.218ns

    Location             Delay type                Incr(ns)  Path(ns)    Netlist Resource(s)
  -------------------------------------------------------------------    -------------------
                         (clock clk_out1_clk_wiz_0 rise edge)
                                                      0.000     0.000 r  
    E3                                                0.000     0.000 r  clk_100mhz (IN)
                         net (fo=0)                   0.000     0.000    clk25/inst/clk_in1
    E3                   IBUF (Prop_ibuf_I_O)         0.250     0.250 r  clk25/inst/clkin1_ibufg/O
                         net (fo=1, routed)           0.440     0.690    clk25/inst/clk_in1_clk_wiz_0
    PLLE2_ADV_X1Y2       PLLE2_ADV (Prop_plle2_adv_CLKIN1_CLKOUT0)
                                                     -1.100    -0.410 r  clk25/inst/plle2_adv_inst/CLKOUT0
                         net (fo=1, routed)           0.514     0.104    clk25/inst/clk_out1_clk_wiz_0
    BUFGCTRL_X0Y16       BUFG (Prop_bufg_I_O)         0.026     0.130 r  clk25/inst/clkout1_buf/O
                         net (fo=1332, routed)        0.558     0.688    CPU/MULTDIV/count_reg/dff_loop[2].dff/clk_out1
    SLICE_X48Y139        FDRE                                         r  CPU/MULTDIV/count_reg/dff_loop[2].dff/q_reg/C
  -------------------------------------------------------------------    -------------------
    SLICE_X48Y139        FDRE (Prop_fdre_C_Q)         0.141     0.829 r  CPU/MULTDIV/count_reg/dff_loop[2].dff/q_reg/Q
                         net (fo=4, routed)           0.149     0.978    CPU/MULTDIV/count_reg/dff_loop[5].dff/q_reg_7[1]
    SLICE_X49Y139        LUT6 (Prop_lut6_I1_O)        0.045     1.023 r  CPU/MULTDIV/count_reg/dff_loop[5].dff/q_i_1__320/O
                         net (fo=1, routed)           0.000     1.023    CPU/MULTDIV/count_reg/dff_loop[5].dff/q_i_1__320_n_0
    SLICE_X49Y139        FDRE                                         r  CPU/MULTDIV/count_reg/dff_loop[5].dff/q_reg/D
  -------------------------------------------------------------------    -------------------

                         (clock clk_out1_clk_wiz_0 rise edge)
                                                      0.000     0.000 r  
    E3                                                0.000     0.000 r  clk_100mhz (IN)
                         net (fo=0)                   0.000     0.000    clk25/inst/clk_in1
    E3                   IBUF (Prop_ibuf_I_O)         0.438     0.438 r  clk25/inst/clkin1_ibufg/O
                         net (fo=1, routed)           0.481     0.919    clk25/inst/clk_in1_clk_wiz_0
    PLLE2_ADV_X1Y2       PLLE2_ADV (Prop_plle2_adv_CLKIN1_CLKOUT0)
                                                     -1.417    -0.498 r  clk25/inst/plle2_adv_inst/CLKOUT0
                         net (fo=1, routed)           0.560     0.061    clk25/inst/clk_out1_clk_wiz_0
    BUFGCTRL_X0Y16       BUFG (Prop_bufg_I_O)         0.029     0.090 r  clk25/inst/clkout1_buf/O
                         net (fo=1332, routed)        0.829     0.919    CPU/MULTDIV/count_reg/dff_loop[5].dff/clk_out1
    SLICE_X49Y139        FDRE                                         r  CPU/MULTDIV/count_reg/dff_loop[5].dff/q_reg/C
                         clock pessimism             -0.218     0.701    
    SLICE_X49Y139        FDRE (Hold_fdre_C_D)         0.091     0.792    CPU/MULTDIV/count_reg/dff_loop[5].dff/q_reg
  -------------------------------------------------------------------
                         required time                         -0.792    
                         arrival time                           1.023    
  -------------------------------------------------------------------
                         slack                                  0.231    





Pulse Width Checks
--------------------------------------------------------------------------------------
Clock Name:         clk_out1_clk_wiz_0
Waveform(ns):       { 0.000 20.000 }
Period(ns):         40.000
Sources:            { clk25/inst/plle2_adv_inst/CLKOUT0 }

Check Type        Corner  Lib Pin             Reference Pin  Required(ns)  Actual(ns)  Slack(ns)  Location        Pin
Min Period        n/a     RAMB36E1/CLKARDCLK  n/a            2.944         40.000      37.056     RAMB36_X1Y24    ProcMem/mem_reg_0/CLKARDCLK
Min Period        n/a     RAMB36E1/CLKARDCLK  n/a            2.944         40.000      37.056     RAMB36_X1Y25    ProcMem/mem_reg_1/CLKARDCLK
Min Period        n/a     RAMB36E1/CLKARDCLK  n/a            2.944         40.000      37.056     RAMB36_X1Y27    ProcMem/mem_reg_2/CLKARDCLK
Min Period        n/a     RAMB36E1/CLKARDCLK  n/a            2.944         40.000      37.056     RAMB36_X1Y26    ProcMem/mem_reg_3/CLKARDCLK
Min Period        n/a     RAMB36E1/CLKARDCLK  n/a            2.576         40.000      37.424     RAMB36_X0Y23    InstMem/dataOut_reg_0/CLKARDCLK
Min Period        n/a     RAMB36E1/CLKARDCLK  n/a            2.576         40.000      37.424     RAMB36_X0Y24    InstMem/dataOut_reg_1/CLKARDCLK
Min Period        n/a     RAMB36E1/CLKARDCLK  n/a            2.576         40.000      37.424     RAMB36_X0Y26    InstMem/dataOut_reg_2/CLKARDCLK
Min Period        n/a     RAMB36E1/CLKARDCLK  n/a            2.576         40.000      37.424     RAMB36_X0Y25    InstMem/dataOut_reg_3/CLKARDCLK
Min Period        n/a     RAMB36E1/CLKBWRCLK  n/a            2.576         40.000      37.424     RAMB36_X1Y24    ProcMem/mem_reg_0/CLKBWRCLK
Min Period        n/a     RAMB36E1/CLKBWRCLK  n/a            2.576         40.000      37.424     RAMB36_X1Y25    ProcMem/mem_reg_1/CLKBWRCLK
Max Period        n/a     PLLE2_ADV/CLKOUT0   n/a            160.000       40.000      120.000    PLLE2_ADV_X1Y2  clk25/inst/plle2_adv_inst/CLKOUT0
Low Pulse Width   Slow    FDRE/C              n/a            0.500         20.000      19.500     SLICE_X48Y120   LED_reg[0]/C
Low Pulse Width   Fast    FDRE/C              n/a            0.500         20.000      19.500     SLICE_X48Y120   LED_reg[0]/C
Low Pulse Width   Slow    FDRE/C              n/a            0.500         20.000      19.500     SLICE_X48Y120   LED_reg[10]/C
Low Pulse Width   Fast    FDRE/C              n/a            0.500         20.000      19.500     SLICE_X48Y120   LED_reg[10]/C
Low Pulse Width   Slow    FDRE/C              n/a            0.500         20.000      19.500     SLICE_X52Y120   LED_reg[11]/C
Low Pulse Width   Fast    FDRE/C              n/a            0.500         20.000      19.500     SLICE_X52Y120   LED_reg[11]/C
Low Pulse Width   Slow    FDRE/C              n/a            0.500         20.000      19.500     SLICE_X52Y122   LED_reg[12]/C
Low Pulse Width   Fast    FDRE/C              n/a            0.500         20.000      19.500     SLICE_X52Y122   LED_reg[12]/C
Low Pulse Width   Slow    FDRE/C              n/a            0.500         20.000      19.500     SLICE_X52Y120   LED_reg[13]/C
Low Pulse Width   Fast    FDRE/C              n/a            0.500         20.000      19.500     SLICE_X52Y120   LED_reg[13]/C
High Pulse Width  Slow    FDRE/C              n/a            0.500         20.000      19.500     SLICE_X48Y120   LED_reg[0]/C
High Pulse Width  Fast    FDRE/C              n/a            0.500         20.000      19.500     SLICE_X48Y120   LED_reg[0]/C
High Pulse Width  Slow    FDRE/C              n/a            0.500         20.000      19.500     SLICE_X48Y120   LED_reg[10]/C
High Pulse Width  Fast    FDRE/C              n/a            0.500         20.000      19.500     SLICE_X48Y120   LED_reg[10]/C
High Pulse Width  Slow    FDRE/C              n/a            0.500         20.000      19.500     SLICE_X52Y120   LED_reg[11]/C
High Pulse Width  Fast    FDRE/C              n/a            0.500         20.000      19.500     SLICE_X52Y120   LED_reg[11]/C
High Pulse Width  Slow    FDRE/C              n/a            0.500         20.000      19.500     SLICE_X52Y122   LED_reg[12]/C
High Pulse Width  Fast    FDRE/C              n/a            0.500         20.000      19.500     SLICE_X52Y122   LED_reg[12]/C
High Pulse Width  Slow    FDRE/C              n/a            0.500         20.000      19.500     SLICE_X52Y120   LED_reg[13]/C
High Pulse Width  Fast    FDRE/C              n/a            0.500         20.000      19.500     SLICE_X52Y120   LED_reg[13]/C



---------------------------------------------------------------------------------------------------
From Clock:  clkfbout_clk_wiz_0
  To Clock:  clkfbout_clk_wiz_0

Setup :           NA  Failing Endpoints,  Worst Slack           NA  ,  Total Violation           NA
Hold  :           NA  Failing Endpoints,  Worst Slack           NA  ,  Total Violation           NA
PW    :            0  Failing Endpoints,  Worst Slack       12.633ns,  Total Violation        0.000ns
---------------------------------------------------------------------------------------------------


Pulse Width Checks
--------------------------------------------------------------------------------------
Clock Name:         clkfbout_clk_wiz_0
Waveform(ns):       { 0.000 20.000 }
Period(ns):         40.000
Sources:            { clk25/inst/plle2_adv_inst/CLKFBOUT }

Check Type  Corner  Lib Pin             Reference Pin  Required(ns)  Actual(ns)  Slack(ns)  Location        Pin
Min Period  n/a     BUFG/I              n/a            2.155         40.000      37.845     BUFGCTRL_X0Y17  clk25/inst/clkf_buf/I
Min Period  n/a     PLLE2_ADV/CLKFBOUT  n/a            1.249         40.000      38.751     PLLE2_ADV_X1Y2  clk25/inst/plle2_adv_inst/CLKFBOUT
Min Period  n/a     PLLE2_ADV/CLKFBIN   n/a            1.249         40.000      38.751     PLLE2_ADV_X1Y2  clk25/inst/plle2_adv_inst/CLKFBIN
Max Period  n/a     PLLE2_ADV/CLKFBIN   n/a            52.633        40.000      12.633     PLLE2_ADV_X1Y2  clk25/inst/plle2_adv_inst/CLKFBIN
Max Period  n/a     PLLE2_ADV/CLKFBOUT  n/a            160.000       40.000      120.000    PLLE2_ADV_X1Y2  clk25/inst/plle2_adv_inst/CLKFBOUT



---------------------------------------------------------------------------------------------------
From Clock:  sys_clk_pin
  To Clock:  sys_clk_pin

Setup :           NA  Failing Endpoints,  Worst Slack           NA  ,  Total Violation           NA
Hold  :           NA  Failing Endpoints,  Worst Slack           NA  ,  Total Violation           NA
PW    :            0  Failing Endpoints,  Worst Slack        3.000ns,  Total Violation        0.000ns
---------------------------------------------------------------------------------------------------


Pulse Width Checks
--------------------------------------------------------------------------------------
Clock Name:         sys_clk_pin
Waveform(ns):       { 0.000 5.000 }
Period(ns):         10.000
Sources:            { clk_100mhz }

Check Type        Corner  Lib Pin           Reference Pin  Required(ns)  Actual(ns)  Slack(ns)  Location        Pin
Min Period        n/a     PLLE2_ADV/CLKIN1  n/a            1.249         10.000      8.751      PLLE2_ADV_X1Y2  clk25/inst/plle2_adv_inst/CLKIN1
Max Period        n/a     PLLE2_ADV/CLKIN1  n/a            52.633        10.000      42.633     PLLE2_ADV_X1Y2  clk25/inst/plle2_adv_inst/CLKIN1
Low Pulse Width   Slow    PLLE2_ADV/CLKIN1  n/a            2.000         5.000       3.000      PLLE2_ADV_X1Y2  clk25/inst/plle2_adv_inst/CLKIN1
Low Pulse Width   Fast    PLLE2_ADV/CLKIN1  n/a            2.000         5.000       3.000      PLLE2_ADV_X1Y2  clk25/inst/plle2_adv_inst/CLKIN1
High Pulse Width  Slow    PLLE2_ADV/CLKIN1  n/a            2.000         5.000       3.000      PLLE2_ADV_X1Y2  clk25/inst/plle2_adv_inst/CLKIN1
High Pulse Width  Fast    PLLE2_ADV/CLKIN1  n/a            2.000         5.000       3.000      PLLE2_ADV_X1Y2  clk25/inst/plle2_adv_inst/CLKIN1



---------------------------------------------------------------------------------------------------
From Clock:  clk_out1_clk_wiz_0_1
  To Clock:  clk_out1_clk_wiz_0_1

Setup :            0  Failing Endpoints,  Worst Slack        3.317ns,  Total Violation        0.000ns
Hold  :            0  Failing Endpoints,  Worst Slack        0.208ns,  Total Violation        0.000ns
PW    :            0  Failing Endpoints,  Worst Slack       19.500ns,  Total Violation        0.000ns
---------------------------------------------------------------------------------------------------


Max Delay Paths
--------------------------------------------------------------------------------------
Slack (MET) :             3.317ns  (required time - arrival time)
  Source:                 CPU/dx_insn_reg/dff_loop[29].dff/q_reg/C
                            (rising edge-triggered cell FDCE clocked by clk_out1_clk_wiz_0_1'  {rise@0.000ns fall@20.000ns period=40.000ns})
  Destination:            CPU/MULTDIV/reg_udividend/dff_loop[31].dff/q_reg/D
                            (rising edge-triggered cell FDRE clocked by clk_out1_clk_wiz_0_1  {rise@0.000ns fall@20.000ns period=40.000ns})
  Path Group:             clk_out1_clk_wiz_0_1
  Path Type:              Setup (Max at Slow Process Corner)
  Requirement:            20.000ns  (clk_out1_clk_wiz_0_1 rise@40.000ns - clk_out1_clk_wiz_0_1 fall@20.000ns)
  Data Path Delay:        13.412ns  (logic 2.523ns (18.812%)  route 10.889ns (81.188%))
  Logic Levels:           13  (LUT3=2 LUT4=2 LUT5=3 LUT6=6)
  Clock Path Skew:        -2.841ns (DCD - SCD + CPR)
    Destination Clock Delay (DCD):    2.561ns = ( 42.561 - 40.000 ) 
    Source Clock Delay      (SCD):    5.423ns = ( 25.423 - 20.000 ) 
    Clock Pessimism Removal (CPR):    0.020ns
  Clock Uncertainty:      0.161ns  ((TSJ^2 + DJ^2)^1/2) / 2 + PE
    Total System Jitter     (TSJ):    0.071ns
    Discrete Jitter          (DJ):    0.314ns
    Phase Error              (PE):    0.000ns

    Location             Delay type                Incr(ns)  Path(ns)    Netlist Resource(s)
  -------------------------------------------------------------------    -------------------
                         (clock clk_out1_clk_wiz_0_1 fall edge)
                                                     20.000    20.000 f  
    E3                                                0.000    20.000 f  clk_100mhz (IN)
                         net (fo=0)                   0.000    20.000    clk25/inst/clk_in1
    E3                   IBUF (Prop_ibuf_I_O)         1.482    21.482 f  clk25/inst/clkin1_ibufg/O
                         net (fo=1, routed)           1.253    22.735    clk25/inst/clk_in1_clk_wiz_0
    PLLE2_ADV_X1Y2       PLLE2_ADV (Prop_plle2_adv_CLKIN1_CLKOUT0)
                                                     -3.459    19.276 f  clk25/inst/plle2_adv_inst/CLKOUT0
                         net (fo=1, routed)           1.713    20.989    clk25/inst/clk_out1_clk_wiz_0
    BUFGCTRL_X0Y16       BUFG (Prop_bufg_I_O)         0.096    21.085 f  clk25/inst/clkout1_buf/O
                         net (fo=1332, routed)        1.784    22.868    clock
    SLICE_X52Y96         LUT1 (Prop_lut1_I0_O)        0.124    22.992 r  q_reg_i_10/O
                         net (fo=1, routed)           0.720    23.713    q_reg_i_10_n_0
    BUFGCTRL_X0Y0        BUFG (Prop_bufg_I_O)         0.096    23.809 r  q_reg_i_3/O
                         net (fo=377, routed)         1.614    25.423    CPU/dx_insn_reg/dff_loop[29].dff/clk0
    SLICE_X31Y129        FDCE                                         r  CPU/dx_insn_reg/dff_loop[29].dff/q_reg/C
  -------------------------------------------------------------------    -------------------
    SLICE_X31Y129        FDCE (Prop_fdce_C_Q)         0.456    25.879 r  CPU/dx_insn_reg/dff_loop[29].dff/q_reg/Q
                         net (fo=31, routed)          1.580    27.459    CPU/dx_insn_reg/dff_loop[28].dff/q_i_18__14_2
    SLICE_X36Y130        LUT5 (Prop_lut5_I3_O)        0.154    27.613 f  CPU/dx_insn_reg/dff_loop[28].dff/q_i_17__15/O
                         net (fo=7, routed)           0.772    28.385    CPU/dx_insn_reg/dff_loop[28].dff/q_i_17__15_n_0
    SLICE_X36Y134        LUT4 (Prop_lut4_I0_O)        0.327    28.712 f  CPU/dx_insn_reg/dff_loop[28].dff/q_i_14__21/O
                         net (fo=3, routed)           0.631    29.342    CPU/dx_insn_reg/dff_loop[28].dff/q_i_14__21_n_0
    SLICE_X36Y133        LUT6 (Prop_lut6_I0_O)        0.124    29.466 r  CPU/dx_insn_reg/dff_loop[28].dff/q_i_6__50/O
                         net (fo=2, routed)           0.584    30.050    CPU/dx_insn_reg/dff_loop[28].dff/q_i_6__50_n_0
    SLICE_X37Y134        LUT6 (Prop_lut6_I0_O)        0.124    30.174 r  CPU/dx_insn_reg/dff_loop[28].dff/q_i_4__89/O
                         net (fo=32, routed)          1.090    31.264    CPU/dx_insn_reg/dff_loop[28].dff/q_i_4__89_n_0
    SLICE_X44Y136        LUT5 (Prop_lut5_I1_O)        0.124    31.388 f  CPU/dx_insn_reg/dff_loop[28].dff/q_i_2__143/O
                         net (fo=22, routed)          1.329    32.717    CPU/dx_insn_reg/dff_loop[28].dff/bypass_readDataA[0]
    SLICE_X51Y125        LUT3 (Prop_lut3_I1_O)        0.150    32.867 r  CPU/dx_insn_reg/dff_loop[28].dff/q_i_2__45/O
                         net (fo=5, routed)           0.635    33.501    CPU/dx_insn_reg/dff_loop[28].dff/q_i_2__45_n_0
    SLICE_X52Y123        LUT5 (Prop_lut5_I0_O)        0.326    33.827 r  CPU/dx_insn_reg/dff_loop[28].dff/q_i_2__218/O
                         net (fo=6, routed)           0.499    34.327    CPU/dx_insn_reg/dff_loop[28].dff/q_i_2__218_n_0
    SLICE_X52Y125        LUT6 (Prop_lut6_I3_O)        0.124    34.451 r  CPU/dx_insn_reg/dff_loop[28].dff/q_i_2__43/O
                         net (fo=4, routed)           0.561    35.012    CPU/dx_insn_reg/dff_loop[28].dff/q_i_2__43_n_0
    SLICE_X55Y127        LUT6 (Prop_lut6_I1_O)        0.124    35.136 r  CPU/dx_insn_reg/dff_loop[28].dff/q_i_3__31/O
                         net (fo=2, routed)           0.471    35.607    CPU/dx_insn_reg/dff_loop[28].dff/q_i_3__31_n_0
    SLICE_X56Y128        LUT6 (Prop_lut6_I2_O)        0.124    35.731 r  CPU/dx_insn_reg/dff_loop[28].dff/q_i_2__38/O
                         net (fo=6, routed)           0.583    36.313    CPU/dx_insn_reg/dff_loop[28].dff/q_i_2__38_n_0
    SLICE_X57Y132        LUT6 (Prop_lut6_I2_O)        0.124    36.437 r  CPU/dx_insn_reg/dff_loop[28].dff/q_i_2__36/O
                         net (fo=6, routed)           0.631    37.068    CPU/dx_insn_reg/dff_loop[28].dff/q_i_2__36_n_0
    SLICE_X56Y132        LUT4 (Prop_lut4_I1_O)        0.124    37.192 r  CPU/dx_insn_reg/dff_loop[28].dff/q_i_3__30/O
                         net (fo=2, routed)           0.711    37.904    CPU/dx_insn_reg/dff_loop[28].dff/q_i_3__30_n_0
    SLICE_X52Y134        LUT3 (Prop_lut3_I0_O)        0.118    38.022 r  CPU/dx_insn_reg/dff_loop[28].dff/q_i_1__39/O
                         net (fo=1, routed)           0.813    38.834    CPU/MULTDIV/reg_udividend/dff_loop[31].dff/q_reg_0
    SLICE_X39Y135        FDRE                                         r  CPU/MULTDIV/reg_udividend/dff_loop[31].dff/q_reg/D
  -------------------------------------------------------------------    -------------------

                         (clock clk_out1_clk_wiz_0_1 rise edge)
                                                     40.000    40.000 r  
    E3                                                0.000    40.000 r  clk_100mhz (IN)
                         net (fo=0)                   0.000    40.000    clk25/inst/clk_in1
    E3                   IBUF (Prop_ibuf_I_O)         1.411    41.411 r  clk25/inst/clkin1_ibufg/O
                         net (fo=1, routed)           1.181    42.592    clk25/inst/clk_in1_clk_wiz_0
    PLLE2_ADV_X1Y2       PLLE2_ADV (Prop_plle2_adv_CLKIN1_CLKOUT0)
                                                     -3.253    39.339 r  clk25/inst/plle2_adv_inst/CLKOUT0
                         net (fo=1, routed)           1.634    40.973    clk25/inst/clk_out1_clk_wiz_0
    BUFGCTRL_X0Y16       BUFG (Prop_bufg_I_O)         0.091    41.064 r  clk25/inst/clkout1_buf/O
                         net (fo=1332, routed)        1.497    42.561    CPU/MULTDIV/reg_udividend/dff_loop[31].dff/clk_out1
    SLICE_X39Y135        FDRE                                         r  CPU/MULTDIV/reg_udividend/dff_loop[31].dff/q_reg/C
                         clock pessimism              0.020    42.582    
                         clock uncertainty           -0.161    42.420    
    SLICE_X39Y135        FDRE (Setup_fdre_C_D)       -0.269    42.151    CPU/MULTDIV/reg_udividend/dff_loop[31].dff/q_reg
  -------------------------------------------------------------------
                         required time                         42.151    
                         arrival time                         -38.834    
  -------------------------------------------------------------------
                         slack                                  3.317    

Slack (MET) :             4.047ns  (required time - arrival time)
  Source:                 CPU/dx_insn_reg/dff_loop[29].dff/q_reg/C
                            (rising edge-triggered cell FDCE clocked by clk_out1_clk_wiz_0_1'  {rise@0.000ns fall@20.000ns period=40.000ns})
  Destination:            CPU/MULTDIV/reg_udividend/dff_loop[29].dff/q_reg/D
                            (rising edge-triggered cell FDRE clocked by clk_out1_clk_wiz_0_1  {rise@0.000ns fall@20.000ns period=40.000ns})
  Path Group:             clk_out1_clk_wiz_0_1
  Path Type:              Setup (Max at Slow Process Corner)
  Requirement:            20.000ns  (clk_out1_clk_wiz_0_1 rise@40.000ns - clk_out1_clk_wiz_0_1 fall@20.000ns)
  Data Path Delay:        12.705ns  (logic 2.740ns (21.566%)  route 9.965ns (78.434%))
  Logic Levels:           13  (LUT3=3 LUT4=1 LUT5=3 LUT6=6)
  Clock Path Skew:        -2.857ns (DCD - SCD + CPR)
    Destination Clock Delay (DCD):    2.545ns = ( 42.545 - 40.000 ) 
    Source Clock Delay      (SCD):    5.423ns = ( 25.423 - 20.000 ) 
    Clock Pessimism Removal (CPR):    0.020ns
  Clock Uncertainty:      0.161ns  ((TSJ^2 + DJ^2)^1/2) / 2 + PE
    Total System Jitter     (TSJ):    0.071ns
    Discrete Jitter          (DJ):    0.314ns
    Phase Error              (PE):    0.000ns

    Location             Delay type                Incr(ns)  Path(ns)    Netlist Resource(s)
  -------------------------------------------------------------------    -------------------
                         (clock clk_out1_clk_wiz_0_1 fall edge)
                                                     20.000    20.000 f  
    E3                                                0.000    20.000 f  clk_100mhz (IN)
                         net (fo=0)                   0.000    20.000    clk25/inst/clk_in1
    E3                   IBUF (Prop_ibuf_I_O)         1.482    21.482 f  clk25/inst/clkin1_ibufg/O
                         net (fo=1, routed)           1.253    22.735    clk25/inst/clk_in1_clk_wiz_0
    PLLE2_ADV_X1Y2       PLLE2_ADV (Prop_plle2_adv_CLKIN1_CLKOUT0)
                                                     -3.459    19.276 f  clk25/inst/plle2_adv_inst/CLKOUT0
                         net (fo=1, routed)           1.713    20.989    clk25/inst/clk_out1_clk_wiz_0
    BUFGCTRL_X0Y16       BUFG (Prop_bufg_I_O)         0.096    21.085 f  clk25/inst/clkout1_buf/O
                         net (fo=1332, routed)        1.784    22.868    clock
    SLICE_X52Y96         LUT1 (Prop_lut1_I0_O)        0.124    22.992 r  q_reg_i_10/O
                         net (fo=1, routed)           0.720    23.713    q_reg_i_10_n_0
    BUFGCTRL_X0Y0        BUFG (Prop_bufg_I_O)         0.096    23.809 r  q_reg_i_3/O
                         net (fo=377, routed)         1.614    25.423    CPU/dx_insn_reg/dff_loop[29].dff/clk0
    SLICE_X31Y129        FDCE                                         r  CPU/dx_insn_reg/dff_loop[29].dff/q_reg/C
  -------------------------------------------------------------------    -------------------
    SLICE_X31Y129        FDCE (Prop_fdce_C_Q)         0.456    25.879 r  CPU/dx_insn_reg/dff_loop[29].dff/q_reg/Q
                         net (fo=31, routed)          1.580    27.459    CPU/dx_insn_reg/dff_loop[28].dff/q_i_18__14_2
    SLICE_X36Y130        LUT5 (Prop_lut5_I3_O)        0.154    27.613 f  CPU/dx_insn_reg/dff_loop[28].dff/q_i_17__15/O
                         net (fo=7, routed)           0.772    28.385    CPU/dx_insn_reg/dff_loop[28].dff/q_i_17__15_n_0
    SLICE_X36Y134        LUT4 (Prop_lut4_I0_O)        0.327    28.712 f  CPU/dx_insn_reg/dff_loop[28].dff/q_i_14__21/O
                         net (fo=3, routed)           0.631    29.342    CPU/dx_insn_reg/dff_loop[28].dff/q_i_14__21_n_0
    SLICE_X36Y133        LUT6 (Prop_lut6_I0_O)        0.124    29.466 r  CPU/dx_insn_reg/dff_loop[28].dff/q_i_6__50/O
                         net (fo=2, routed)           0.584    30.050    CPU/dx_insn_reg/dff_loop[28].dff/q_i_6__50_n_0
    SLICE_X37Y134        LUT6 (Prop_lut6_I0_O)        0.124    30.174 r  CPU/dx_insn_reg/dff_loop[28].dff/q_i_4__89/O
                         net (fo=32, routed)          1.090    31.264    CPU/dx_insn_reg/dff_loop[28].dff/q_i_4__89_n_0
    SLICE_X44Y136        LUT5 (Prop_lut5_I1_O)        0.124    31.388 f  CPU/dx_insn_reg/dff_loop[28].dff/q_i_2__143/O
                         net (fo=22, routed)          1.329    32.717    CPU/dx_insn_reg/dff_loop[28].dff/bypass_readDataA[0]
    SLICE_X51Y125        LUT3 (Prop_lut3_I1_O)        0.150    32.867 r  CPU/dx_insn_reg/dff_loop[28].dff/q_i_2__45/O
                         net (fo=5, routed)           0.635    33.501    CPU/dx_insn_reg/dff_loop[28].dff/q_i_2__45_n_0
    SLICE_X52Y123        LUT5 (Prop_lut5_I0_O)        0.326    33.827 r  CPU/dx_insn_reg/dff_loop[28].dff/q_i_2__218/O
                         net (fo=6, routed)           0.499    34.327    CPU/dx_insn_reg/dff_loop[28].dff/q_i_2__218_n_0
    SLICE_X52Y125        LUT6 (Prop_lut6_I3_O)        0.124    34.451 r  CPU/dx_insn_reg/dff_loop[28].dff/q_i_2__43/O
                         net (fo=4, routed)           0.561    35.012    CPU/dx_insn_reg/dff_loop[28].dff/q_i_2__43_n_0
    SLICE_X55Y127        LUT6 (Prop_lut6_I1_O)        0.124    35.136 r  CPU/dx_insn_reg/dff_loop[28].dff/q_i_3__31/O
                         net (fo=2, routed)           0.471    35.607    CPU/dx_insn_reg/dff_loop[28].dff/q_i_3__31_n_0
    SLICE_X56Y128        LUT6 (Prop_lut6_I2_O)        0.124    35.731 r  CPU/dx_insn_reg/dff_loop[28].dff/q_i_2__38/O
                         net (fo=6, routed)           0.583    36.313    CPU/dx_insn_reg/dff_loop[28].dff/q_i_2__38_n_0
    SLICE_X57Y132        LUT6 (Prop_lut6_I2_O)        0.124    36.437 r  CPU/dx_insn_reg/dff_loop[28].dff/q_i_2__36/O
                         net (fo=6, routed)           0.631    37.068    CPU/dx_insn_reg/dff_loop[28].dff/q_i_2__36_n_0
    SLICE_X56Y132        LUT3 (Prop_lut3_I1_O)        0.117    37.185 r  CPU/dx_insn_reg/dff_loop[28].dff/q_i_4__47/O
                         net (fo=2, routed)           0.407    37.593    CPU/dx_insn_reg/dff_loop[28].dff/q_i_4__47_n_0
    SLICE_X57Y132        LUT3 (Prop_lut3_I1_O)        0.342    37.935 r  CPU/dx_insn_reg/dff_loop[28].dff/q_i_1__56/O
                         net (fo=1, routed)           0.193    38.128    CPU/MULTDIV/reg_udividend/dff_loop[29].dff/q_reg_1
    SLICE_X56Y132        FDRE                                         r  CPU/MULTDIV/reg_udividend/dff_loop[29].dff/q_reg/D
  -------------------------------------------------------------------    -------------------

                         (clock clk_out1_clk_wiz_0_1 rise edge)
                                                     40.000    40.000 r  
    E3                                                0.000    40.000 r  clk_100mhz (IN)
                         net (fo=0)                   0.000    40.000    clk25/inst/clk_in1
    E3                   IBUF (Prop_ibuf_I_O)         1.411    41.411 r  clk25/inst/clkin1_ibufg/O
                         net (fo=1, routed)           1.181    42.592    clk25/inst/clk_in1_clk_wiz_0
    PLLE2_ADV_X1Y2       PLLE2_ADV (Prop_plle2_adv_CLKIN1_CLKOUT0)
                                                     -3.253    39.339 r  clk25/inst/plle2_adv_inst/CLKOUT0
                         net (fo=1, routed)           1.634    40.973    clk25/inst/clk_out1_clk_wiz_0
    BUFGCTRL_X0Y16       BUFG (Prop_bufg_I_O)         0.091    41.064 r  clk25/inst/clkout1_buf/O
                         net (fo=1332, routed)        1.481    42.545    CPU/MULTDIV/reg_udividend/dff_loop[29].dff/clk_out1
    SLICE_X56Y132        FDRE                                         r  CPU/MULTDIV/reg_udividend/dff_loop[29].dff/q_reg/C
                         clock pessimism              0.020    42.566    
                         clock uncertainty           -0.161    42.404    
    SLICE_X56Y132        FDRE (Setup_fdre_C_D)       -0.230    42.174    CPU/MULTDIV/reg_udividend/dff_loop[29].dff/q_reg
  -------------------------------------------------------------------
                         required time                         42.174    
                         arrival time                         -38.128    
  -------------------------------------------------------------------
                         slack                                  4.047    

Slack (MET) :             4.407ns  (required time - arrival time)
  Source:                 CPU/dx_insn_reg/dff_loop[29].dff/q_reg/C
                            (rising edge-triggered cell FDCE clocked by clk_out1_clk_wiz_0_1'  {rise@0.000ns fall@20.000ns period=40.000ns})
  Destination:            CPU/MULTDIV/reg_q/dff_loop[31].dff/q_reg/D
                            (rising edge-triggered cell FDRE clocked by clk_out1_clk_wiz_0_1  {rise@0.000ns fall@20.000ns period=40.000ns})
  Path Group:             clk_out1_clk_wiz_0_1
  Path Type:              Setup (Max at Slow Process Corner)
  Requirement:            20.000ns  (clk_out1_clk_wiz_0_1 rise@40.000ns - clk_out1_clk_wiz_0_1 fall@20.000ns)
  Data Path Delay:        12.605ns  (logic 2.529ns (20.063%)  route 10.076ns (79.937%))
  Logic Levels:           13  (LUT3=1 LUT4=2 LUT5=4 LUT6=6)
  Clock Path Skew:        -2.856ns (DCD - SCD + CPR)
    Destination Clock Delay (DCD):    2.546ns = ( 42.546 - 40.000 ) 
    Source Clock Delay      (SCD):    5.423ns = ( 25.423 - 20.000 ) 
    Clock Pessimism Removal (CPR):    0.020ns
  Clock Uncertainty:      0.161ns  ((TSJ^2 + DJ^2)^1/2) / 2 + PE
    Total System Jitter     (TSJ):    0.071ns
    Discrete Jitter          (DJ):    0.314ns
    Phase Error              (PE):    0.000ns

    Location             Delay type                Incr(ns)  Path(ns)    Netlist Resource(s)
  -------------------------------------------------------------------    -------------------
                         (clock clk_out1_clk_wiz_0_1 fall edge)
                                                     20.000    20.000 f  
    E3                                                0.000    20.000 f  clk_100mhz (IN)
                         net (fo=0)                   0.000    20.000    clk25/inst/clk_in1
    E3                   IBUF (Prop_ibuf_I_O)         1.482    21.482 f  clk25/inst/clkin1_ibufg/O
                         net (fo=1, routed)           1.253    22.735    clk25/inst/clk_in1_clk_wiz_0
    PLLE2_ADV_X1Y2       PLLE2_ADV (Prop_plle2_adv_CLKIN1_CLKOUT0)
                                                     -3.459    19.276 f  clk25/inst/plle2_adv_inst/CLKOUT0
                         net (fo=1, routed)           1.713    20.989    clk25/inst/clk_out1_clk_wiz_0
    BUFGCTRL_X0Y16       BUFG (Prop_bufg_I_O)         0.096    21.085 f  clk25/inst/clkout1_buf/O
                         net (fo=1332, routed)        1.784    22.868    clock
    SLICE_X52Y96         LUT1 (Prop_lut1_I0_O)        0.124    22.992 r  q_reg_i_10/O
                         net (fo=1, routed)           0.720    23.713    q_reg_i_10_n_0
    BUFGCTRL_X0Y0        BUFG (Prop_bufg_I_O)         0.096    23.809 r  q_reg_i_3/O
                         net (fo=377, routed)         1.614    25.423    CPU/dx_insn_reg/dff_loop[29].dff/clk0
    SLICE_X31Y129        FDCE                                         r  CPU/dx_insn_reg/dff_loop[29].dff/q_reg/C
  -------------------------------------------------------------------    -------------------
    SLICE_X31Y129        FDCE (Prop_fdce_C_Q)         0.456    25.879 r  CPU/dx_insn_reg/dff_loop[29].dff/q_reg/Q
                         net (fo=31, routed)          1.580    27.459    CPU/dx_insn_reg/dff_loop[28].dff/q_i_18__14_2
    SLICE_X36Y130        LUT5 (Prop_lut5_I3_O)        0.154    27.613 f  CPU/dx_insn_reg/dff_loop[28].dff/q_i_17__15/O
                         net (fo=7, routed)           0.772    28.385    CPU/dx_insn_reg/dff_loop[28].dff/q_i_17__15_n_0
    SLICE_X36Y134        LUT4 (Prop_lut4_I0_O)        0.327    28.712 f  CPU/dx_insn_reg/dff_loop[28].dff/q_i_14__21/O
                         net (fo=3, routed)           0.631    29.342    CPU/dx_insn_reg/dff_loop[28].dff/q_i_14__21_n_0
    SLICE_X36Y133        LUT6 (Prop_lut6_I0_O)        0.124    29.466 r  CPU/dx_insn_reg/dff_loop[28].dff/q_i_6__50/O
                         net (fo=2, routed)           0.584    30.050    CPU/dx_insn_reg/dff_loop[28].dff/q_i_6__50_n_0
    SLICE_X37Y134        LUT6 (Prop_lut6_I0_O)        0.124    30.174 r  CPU/dx_insn_reg/dff_loop[28].dff/q_i_4__89/O
                         net (fo=32, routed)          1.090    31.264    CPU/dx_insn_reg/dff_loop[28].dff/q_i_4__89_n_0
    SLICE_X44Y136        LUT5 (Prop_lut5_I1_O)        0.124    31.388 f  CPU/dx_insn_reg/dff_loop[28].dff/q_i_2__143/O
                         net (fo=22, routed)          1.329    32.717    CPU/dx_insn_reg/dff_loop[28].dff/bypass_readDataA[0]
    SLICE_X51Y125        LUT3 (Prop_lut3_I1_O)        0.150    32.867 r  CPU/dx_insn_reg/dff_loop[28].dff/q_i_2__45/O
                         net (fo=5, routed)           0.635    33.501    CPU/dx_insn_reg/dff_loop[28].dff/q_i_2__45_n_0
    SLICE_X52Y123        LUT5 (Prop_lut5_I0_O)        0.326    33.827 r  CPU/dx_insn_reg/dff_loop[28].dff/q_i_2__218/O
                         net (fo=6, routed)           0.499    34.327    CPU/dx_insn_reg/dff_loop[28].dff/q_i_2__218_n_0
    SLICE_X52Y125        LUT6 (Prop_lut6_I3_O)        0.124    34.451 r  CPU/dx_insn_reg/dff_loop[28].dff/q_i_2__43/O
                         net (fo=4, routed)           0.561    35.012    CPU/dx_insn_reg/dff_loop[28].dff/q_i_2__43_n_0
    SLICE_X55Y127        LUT6 (Prop_lut6_I1_O)        0.124    35.136 r  CPU/dx_insn_reg/dff_loop[28].dff/q_i_3__31/O
                         net (fo=2, routed)           0.471    35.607    CPU/dx_insn_reg/dff_loop[28].dff/q_i_3__31_n_0
    SLICE_X56Y128        LUT6 (Prop_lut6_I2_O)        0.124    35.731 r  CPU/dx_insn_reg/dff_loop[28].dff/q_i_2__38/O
                         net (fo=6, routed)           0.583    36.313    CPU/dx_insn_reg/dff_loop[28].dff/q_i_2__38_n_0
    SLICE_X57Y132        LUT6 (Prop_lut6_I2_O)        0.124    36.437 r  CPU/dx_insn_reg/dff_loop[28].dff/q_i_2__36/O
                         net (fo=6, routed)           0.631    37.068    CPU/dx_insn_reg/dff_loop[28].dff/q_i_2__36_n_0
    SLICE_X56Y132        LUT4 (Prop_lut4_I1_O)        0.124    37.192 r  CPU/dx_insn_reg/dff_loop[28].dff/q_i_3__30/O
                         net (fo=2, routed)           0.711    37.904    CPU/dx_insn_reg/dff_loop[28].dff/q_i_3__30_n_0
    SLICE_X52Y134        LUT5 (Prop_lut5_I2_O)        0.124    38.028 r  CPU/dx_insn_reg/dff_loop[28].dff/q_i_1__1/O
                         net (fo=1, routed)           0.000    38.028    CPU/MULTDIV/reg_q/dff_loop[31].dff/q_reg_5[0]
    SLICE_X52Y134        FDRE                                         r  CPU/MULTDIV/reg_q/dff_loop[31].dff/q_reg/D
  -------------------------------------------------------------------    -------------------

                         (clock clk_out1_clk_wiz_0_1 rise edge)
                                                     40.000    40.000 r  
    E3                                                0.000    40.000 r  clk_100mhz (IN)
                         net (fo=0)                   0.000    40.000    clk25/inst/clk_in1
    E3                   IBUF (Prop_ibuf_I_O)         1.411    41.411 r  clk25/inst/clkin1_ibufg/O
                         net (fo=1, routed)           1.181    42.592    clk25/inst/clk_in1_clk_wiz_0
    PLLE2_ADV_X1Y2       PLLE2_ADV (Prop_plle2_adv_CLKIN1_CLKOUT0)
                                                     -3.253    39.339 r  clk25/inst/plle2_adv_inst/CLKOUT0
                         net (fo=1, routed)           1.634    40.973    clk25/inst/clk_out1_clk_wiz_0
    BUFGCTRL_X0Y16       BUFG (Prop_bufg_I_O)         0.091    41.064 r  clk25/inst/clkout1_buf/O
                         net (fo=1332, routed)        1.482    42.546    CPU/MULTDIV/reg_q/dff_loop[31].dff/clk_out1
    SLICE_X52Y134        FDRE                                         r  CPU/MULTDIV/reg_q/dff_loop[31].dff/q_reg/C
                         clock pessimism              0.020    42.567    
                         clock uncertainty           -0.161    42.405    
    SLICE_X52Y134        FDRE (Setup_fdre_C_D)        0.029    42.434    CPU/MULTDIV/reg_q/dff_loop[31].dff/q_reg
  -------------------------------------------------------------------
                         required time                         42.434    
                         arrival time                         -38.028    
  -------------------------------------------------------------------
                         slack                                  4.407    

Slack (MET) :             4.493ns  (required time - arrival time)
  Source:                 CPU/dx_insn_reg/dff_loop[29].dff/q_reg/C
                            (rising edge-triggered cell FDCE clocked by clk_out1_clk_wiz_0_1'  {rise@0.000ns fall@20.000ns period=40.000ns})
  Destination:            CPU/MULTDIV/reg_q/dff_loop[29].dff/q_reg/D
                            (rising edge-triggered cell FDRE clocked by clk_out1_clk_wiz_0_1  {rise@0.000ns fall@20.000ns period=40.000ns})
  Path Group:             clk_out1_clk_wiz_0_1
  Path Type:              Setup (Max at Slow Process Corner)
  Requirement:            20.000ns  (clk_out1_clk_wiz_0_1 rise@40.000ns - clk_out1_clk_wiz_0_1 fall@20.000ns)
  Data Path Delay:        12.518ns  (logic 2.746ns (21.936%)  route 9.772ns (78.064%))
  Logic Levels:           13  (LUT3=2 LUT4=1 LUT5=4 LUT6=6)
  Clock Path Skew:        -2.857ns (DCD - SCD + CPR)
    Destination Clock Delay (DCD):    2.545ns = ( 42.545 - 40.000 ) 
    Source Clock Delay      (SCD):    5.423ns = ( 25.423 - 20.000 ) 
    Clock Pessimism Removal (CPR):    0.020ns
  Clock Uncertainty:      0.161ns  ((TSJ^2 + DJ^2)^1/2) / 2 + PE
    Total System Jitter     (TSJ):    0.071ns
    Discrete Jitter          (DJ):    0.314ns
    Phase Error              (PE):    0.000ns

    Location             Delay type                Incr(ns)  Path(ns)    Netlist Resource(s)
  -------------------------------------------------------------------    -------------------
                         (clock clk_out1_clk_wiz_0_1 fall edge)
                                                     20.000    20.000 f  
    E3                                                0.000    20.000 f  clk_100mhz (IN)
                         net (fo=0)                   0.000    20.000    clk25/inst/clk_in1
    E3                   IBUF (Prop_ibuf_I_O)         1.482    21.482 f  clk25/inst/clkin1_ibufg/O
                         net (fo=1, routed)           1.253    22.735    clk25/inst/clk_in1_clk_wiz_0
    PLLE2_ADV_X1Y2       PLLE2_ADV (Prop_plle2_adv_CLKIN1_CLKOUT0)
                                                     -3.459    19.276 f  clk25/inst/plle2_adv_inst/CLKOUT0
                         net (fo=1, routed)           1.713    20.989    clk25/inst/clk_out1_clk_wiz_0
    BUFGCTRL_X0Y16       BUFG (Prop_bufg_I_O)         0.096    21.085 f  clk25/inst/clkout1_buf/O
                         net (fo=1332, routed)        1.784    22.868    clock
    SLICE_X52Y96         LUT1 (Prop_lut1_I0_O)        0.124    22.992 r  q_reg_i_10/O
                         net (fo=1, routed)           0.720    23.713    q_reg_i_10_n_0
    BUFGCTRL_X0Y0        BUFG (Prop_bufg_I_O)         0.096    23.809 r  q_reg_i_3/O
                         net (fo=377, routed)         1.614    25.423    CPU/dx_insn_reg/dff_loop[29].dff/clk0
    SLICE_X31Y129        FDCE                                         r  CPU/dx_insn_reg/dff_loop[29].dff/q_reg/C
  -------------------------------------------------------------------    -------------------
    SLICE_X31Y129        FDCE (Prop_fdce_C_Q)         0.456    25.879 r  CPU/dx_insn_reg/dff_loop[29].dff/q_reg/Q
                         net (fo=31, routed)          1.580    27.459    CPU/dx_insn_reg/dff_loop[28].dff/q_i_18__14_2
    SLICE_X36Y130        LUT5 (Prop_lut5_I3_O)        0.154    27.613 f  CPU/dx_insn_reg/dff_loop[28].dff/q_i_17__15/O
                         net (fo=7, routed)           0.772    28.385    CPU/dx_insn_reg/dff_loop[28].dff/q_i_17__15_n_0
    SLICE_X36Y134        LUT4 (Prop_lut4_I0_O)        0.327    28.712 f  CPU/dx_insn_reg/dff_loop[28].dff/q_i_14__21/O
                         net (fo=3, routed)           0.631    29.342    CPU/dx_insn_reg/dff_loop[28].dff/q_i_14__21_n_0
    SLICE_X36Y133        LUT6 (Prop_lut6_I0_O)        0.124    29.466 r  CPU/dx_insn_reg/dff_loop[28].dff/q_i_6__50/O
                         net (fo=2, routed)           0.584    30.050    CPU/dx_insn_reg/dff_loop[28].dff/q_i_6__50_n_0
    SLICE_X37Y134        LUT6 (Prop_lut6_I0_O)        0.124    30.174 r  CPU/dx_insn_reg/dff_loop[28].dff/q_i_4__89/O
                         net (fo=32, routed)          1.090    31.264    CPU/dx_insn_reg/dff_loop[28].dff/q_i_4__89_n_0
    SLICE_X44Y136        LUT5 (Prop_lut5_I1_O)        0.124    31.388 f  CPU/dx_insn_reg/dff_loop[28].dff/q_i_2__143/O
                         net (fo=22, routed)          1.329    32.717    CPU/dx_insn_reg/dff_loop[28].dff/bypass_readDataA[0]
    SLICE_X51Y125        LUT3 (Prop_lut3_I1_O)        0.150    32.867 r  CPU/dx_insn_reg/dff_loop[28].dff/q_i_2__45/O
                         net (fo=5, routed)           0.635    33.501    CPU/dx_insn_reg/dff_loop[28].dff/q_i_2__45_n_0
    SLICE_X52Y123        LUT5 (Prop_lut5_I0_O)        0.326    33.827 r  CPU/dx_insn_reg/dff_loop[28].dff/q_i_2__218/O
                         net (fo=6, routed)           0.499    34.327    CPU/dx_insn_reg/dff_loop[28].dff/q_i_2__218_n_0
    SLICE_X52Y125        LUT6 (Prop_lut6_I3_O)        0.124    34.451 r  CPU/dx_insn_reg/dff_loop[28].dff/q_i_2__43/O
                         net (fo=4, routed)           0.561    35.012    CPU/dx_insn_reg/dff_loop[28].dff/q_i_2__43_n_0
    SLICE_X55Y127        LUT6 (Prop_lut6_I1_O)        0.124    35.136 r  CPU/dx_insn_reg/dff_loop[28].dff/q_i_3__31/O
                         net (fo=2, routed)           0.471    35.607    CPU/dx_insn_reg/dff_loop[28].dff/q_i_3__31_n_0
    SLICE_X56Y128        LUT6 (Prop_lut6_I2_O)        0.124    35.731 r  CPU/dx_insn_reg/dff_loop[28].dff/q_i_2__38/O
                         net (fo=6, routed)           0.583    36.313    CPU/dx_insn_reg/dff_loop[28].dff/q_i_2__38_n_0
    SLICE_X57Y132        LUT6 (Prop_lut6_I2_O)        0.124    36.437 r  CPU/dx_insn_reg/dff_loop[28].dff/q_i_2__36/O
                         net (fo=6, routed)           0.631    37.068    CPU/dx_insn_reg/dff_loop[28].dff/q_i_2__36_n_0
    SLICE_X56Y132        LUT3 (Prop_lut3_I1_O)        0.117    37.185 r  CPU/dx_insn_reg/dff_loop[28].dff/q_i_4__47/O
                         net (fo=2, routed)           0.407    37.593    CPU/dx_insn_reg/dff_loop[28].dff/q_i_4__47_n_0
    SLICE_X57Y132        LUT5 (Prop_lut5_I3_O)        0.348    37.941 r  CPU/dx_insn_reg/dff_loop[28].dff/q_i_1__3/O
                         net (fo=1, routed)           0.000    37.941    CPU/MULTDIV/reg_q/dff_loop[29].dff/q_reg_4[0]
    SLICE_X57Y132        FDRE                                         r  CPU/MULTDIV/reg_q/dff_loop[29].dff/q_reg/D
  -------------------------------------------------------------------    -------------------

                         (clock clk_out1_clk_wiz_0_1 rise edge)
                                                     40.000    40.000 r  
    E3                                                0.000    40.000 r  clk_100mhz (IN)
                         net (fo=0)                   0.000    40.000    clk25/inst/clk_in1
    E3                   IBUF (Prop_ibuf_I_O)         1.411    41.411 r  clk25/inst/clkin1_ibufg/O
                         net (fo=1, routed)           1.181    42.592    clk25/inst/clk_in1_clk_wiz_0
    PLLE2_ADV_X1Y2       PLLE2_ADV (Prop_plle2_adv_CLKIN1_CLKOUT0)
                                                     -3.253    39.339 r  clk25/inst/plle2_adv_inst/CLKOUT0
                         net (fo=1, routed)           1.634    40.973    clk25/inst/clk_out1_clk_wiz_0
    BUFGCTRL_X0Y16       BUFG (Prop_bufg_I_O)         0.091    41.064 r  clk25/inst/clkout1_buf/O
                         net (fo=1332, routed)        1.481    42.545    CPU/MULTDIV/reg_q/dff_loop[29].dff/clk_out1
    SLICE_X57Y132        FDRE                                         r  CPU/MULTDIV/reg_q/dff_loop[29].dff/q_reg/C
                         clock pessimism              0.020    42.566    
                         clock uncertainty           -0.161    42.404    
    SLICE_X57Y132        FDRE (Setup_fdre_C_D)        0.029    42.433    CPU/MULTDIV/reg_q/dff_loop[29].dff/q_reg
  -------------------------------------------------------------------
                         required time                         42.433    
                         arrival time                         -37.941    
  -------------------------------------------------------------------
                         slack                                  4.493    

Slack (MET) :             4.531ns  (required time - arrival time)
  Source:                 CPU/dx_insn_reg/dff_loop[29].dff/q_reg/C
                            (rising edge-triggered cell FDCE clocked by clk_out1_clk_wiz_0_1'  {rise@0.000ns fall@20.000ns period=40.000ns})
  Destination:            CPU/MULTDIV/reg_q/dff_loop[27].dff/q_reg/D
                            (rising edge-triggered cell FDRE clocked by clk_out1_clk_wiz_0_1  {rise@0.000ns fall@20.000ns period=40.000ns})
  Path Group:             clk_out1_clk_wiz_0_1
  Path Type:              Setup (Max at Slow Process Corner)
  Requirement:            20.000ns  (clk_out1_clk_wiz_0_1 rise@40.000ns - clk_out1_clk_wiz_0_1 fall@20.000ns)
  Data Path Delay:        12.477ns  (logic 2.737ns (21.937%)  route 9.740ns (78.063%))
  Logic Levels:           13  (LUT3=2 LUT4=1 LUT5=4 LUT6=6)
  Clock Path Skew:        -2.860ns (DCD - SCD + CPR)
    Destination Clock Delay (DCD):    2.542ns = ( 42.542 - 40.000 ) 
    Source Clock Delay      (SCD):    5.423ns = ( 25.423 - 20.000 ) 
    Clock Pessimism Removal (CPR):    0.020ns
  Clock Uncertainty:      0.161ns  ((TSJ^2 + DJ^2)^1/2) / 2 + PE
    Total System Jitter     (TSJ):    0.071ns
    Discrete Jitter          (DJ):    0.314ns
    Phase Error              (PE):    0.000ns

    Location             Delay type                Incr(ns)  Path(ns)    Netlist Resource(s)
  -------------------------------------------------------------------    -------------------
                         (clock clk_out1_clk_wiz_0_1 fall edge)
                                                     20.000    20.000 f  
    E3                                                0.000    20.000 f  clk_100mhz (IN)
                         net (fo=0)                   0.000    20.000    clk25/inst/clk_in1
    E3                   IBUF (Prop_ibuf_I_O)         1.482    21.482 f  clk25/inst/clkin1_ibufg/O
                         net (fo=1, routed)           1.253    22.735    clk25/inst/clk_in1_clk_wiz_0
    PLLE2_ADV_X1Y2       PLLE2_ADV (Prop_plle2_adv_CLKIN1_CLKOUT0)
                                                     -3.459    19.276 f  clk25/inst/plle2_adv_inst/CLKOUT0
                         net (fo=1, routed)           1.713    20.989    clk25/inst/clk_out1_clk_wiz_0
    BUFGCTRL_X0Y16       BUFG (Prop_bufg_I_O)         0.096    21.085 f  clk25/inst/clkout1_buf/O
                         net (fo=1332, routed)        1.784    22.868    clock
    SLICE_X52Y96         LUT1 (Prop_lut1_I0_O)        0.124    22.992 r  q_reg_i_10/O
                         net (fo=1, routed)           0.720    23.713    q_reg_i_10_n_0
    BUFGCTRL_X0Y0        BUFG (Prop_bufg_I_O)         0.096    23.809 r  q_reg_i_3/O
                         net (fo=377, routed)         1.614    25.423    CPU/dx_insn_reg/dff_loop[29].dff/clk0
    SLICE_X31Y129        FDCE                                         r  CPU/dx_insn_reg/dff_loop[29].dff/q_reg/C
  -------------------------------------------------------------------    -------------------
    SLICE_X31Y129        FDCE (Prop_fdce_C_Q)         0.456    25.879 r  CPU/dx_insn_reg/dff_loop[29].dff/q_reg/Q
                         net (fo=31, routed)          1.580    27.459    CPU/dx_insn_reg/dff_loop[28].dff/q_i_18__14_2
    SLICE_X36Y130        LUT5 (Prop_lut5_I3_O)        0.154    27.613 f  CPU/dx_insn_reg/dff_loop[28].dff/q_i_17__15/O
                         net (fo=7, routed)           0.772    28.385    CPU/dx_insn_reg/dff_loop[28].dff/q_i_17__15_n_0
    SLICE_X36Y134        LUT4 (Prop_lut4_I0_O)        0.327    28.712 f  CPU/dx_insn_reg/dff_loop[28].dff/q_i_14__21/O
                         net (fo=3, routed)           0.631    29.342    CPU/dx_insn_reg/dff_loop[28].dff/q_i_14__21_n_0
    SLICE_X36Y133        LUT6 (Prop_lut6_I0_O)        0.124    29.466 r  CPU/dx_insn_reg/dff_loop[28].dff/q_i_6__50/O
                         net (fo=2, routed)           0.584    30.050    CPU/dx_insn_reg/dff_loop[28].dff/q_i_6__50_n_0
    SLICE_X37Y134        LUT6 (Prop_lut6_I0_O)        0.124    30.174 r  CPU/dx_insn_reg/dff_loop[28].dff/q_i_4__89/O
                         net (fo=32, routed)          1.090    31.264    CPU/dx_insn_reg/dff_loop[28].dff/q_i_4__89_n_0
    SLICE_X44Y136        LUT5 (Prop_lut5_I1_O)        0.124    31.388 f  CPU/dx_insn_reg/dff_loop[28].dff/q_i_2__143/O
                         net (fo=22, routed)          1.329    32.717    CPU/dx_insn_reg/dff_loop[28].dff/bypass_readDataA[0]
    SLICE_X51Y125        LUT3 (Prop_lut3_I1_O)        0.150    32.867 r  CPU/dx_insn_reg/dff_loop[28].dff/q_i_2__45/O
                         net (fo=5, routed)           0.635    33.501    CPU/dx_insn_reg/dff_loop[28].dff/q_i_2__45_n_0
    SLICE_X52Y123        LUT5 (Prop_lut5_I0_O)        0.326    33.827 r  CPU/dx_insn_reg/dff_loop[28].dff/q_i_2__218/O
                         net (fo=6, routed)           0.499    34.327    CPU/dx_insn_reg/dff_loop[28].dff/q_i_2__218_n_0
    SLICE_X52Y125        LUT6 (Prop_lut6_I3_O)        0.124    34.451 r  CPU/dx_insn_reg/dff_loop[28].dff/q_i_2__43/O
                         net (fo=4, routed)           0.561    35.012    CPU/dx_insn_reg/dff_loop[28].dff/q_i_2__43_n_0
    SLICE_X55Y127        LUT6 (Prop_lut6_I1_O)        0.124    35.136 r  CPU/dx_insn_reg/dff_loop[28].dff/q_i_3__31/O
                         net (fo=2, routed)           0.471    35.607    CPU/dx_insn_reg/dff_loop[28].dff/q_i_3__31_n_0
    SLICE_X56Y128        LUT6 (Prop_lut6_I2_O)        0.124    35.731 r  CPU/dx_insn_reg/dff_loop[28].dff/q_i_2__38/O
                         net (fo=6, routed)           0.583    36.313    CPU/dx_insn_reg/dff_loop[28].dff/q_i_2__38_n_0
    SLICE_X57Y132        LUT6 (Prop_lut6_I2_O)        0.124    36.437 r  CPU/dx_insn_reg/dff_loop[28].dff/q_i_2__36/O
                         net (fo=6, routed)           0.707    37.144    CPU/dx_insn_reg/dff_loop[28].dff/q_i_2__36_n_0
    SLICE_X56Y132        LUT3 (Prop_lut3_I1_O)        0.116    37.260 r  CPU/dx_insn_reg/dff_loop[28].dff/q_i_1__55/O
                         net (fo=2, routed)           0.299    37.559    CPU/MULTDIV/reg_q/dff_loop[27].dff/q_reg_8
    SLICE_X57Y130        LUT5 (Prop_lut5_I4_O)        0.340    37.899 r  CPU/MULTDIV/reg_q/dff_loop[27].dff/q_i_1__4/O
                         net (fo=1, routed)           0.000    37.899    CPU/MULTDIV/reg_q/dff_loop[27].dff/q_next[27]
    SLICE_X57Y130        FDRE                                         r  CPU/MULTDIV/reg_q/dff_loop[27].dff/q_reg/D
  -------------------------------------------------------------------    -------------------

                         (clock clk_out1_clk_wiz_0_1 rise edge)
                                                     40.000    40.000 r  
    E3                                                0.000    40.000 r  clk_100mhz (IN)
                         net (fo=0)                   0.000    40.000    clk25/inst/clk_in1
    E3                   IBUF (Prop_ibuf_I_O)         1.411    41.411 r  clk25/inst/clkin1_ibufg/O
                         net (fo=1, routed)           1.181    42.592    clk25/inst/clk_in1_clk_wiz_0
    PLLE2_ADV_X1Y2       PLLE2_ADV (Prop_plle2_adv_CLKIN1_CLKOUT0)
                                                     -3.253    39.339 r  clk25/inst/plle2_adv_inst/CLKOUT0
                         net (fo=1, routed)           1.634    40.973    clk25/inst/clk_out1_clk_wiz_0
    BUFGCTRL_X0Y16       BUFG (Prop_bufg_I_O)         0.091    41.064 r  clk25/inst/clkout1_buf/O
                         net (fo=1332, routed)        1.478    42.542    CPU/MULTDIV/reg_q/dff_loop[27].dff/clk_out1
    SLICE_X57Y130        FDRE                                         r  CPU/MULTDIV/reg_q/dff_loop[27].dff/q_reg/C
                         clock pessimism              0.020    42.563    
                         clock uncertainty           -0.161    42.401    
    SLICE_X57Y130        FDRE (Setup_fdre_C_D)        0.029    42.430    CPU/MULTDIV/reg_q/dff_loop[27].dff/q_reg
  -------------------------------------------------------------------
                         required time                         42.430    
                         arrival time                         -37.899    
  -------------------------------------------------------------------
                         slack                                  4.531    

Slack (MET) :             4.571ns  (required time - arrival time)
  Source:                 CPU/dx_insn_reg/dff_loop[29].dff/q_reg/C
                            (rising edge-triggered cell FDCE clocked by clk_out1_clk_wiz_0_1'  {rise@0.000ns fall@20.000ns period=40.000ns})
  Destination:            CPU/MULTDIV/reg_udividend/dff_loop[28].dff/q_reg/D
                            (rising edge-triggered cell FDRE clocked by clk_out1_clk_wiz_0_1  {rise@0.000ns fall@20.000ns period=40.000ns})
  Path Group:             clk_out1_clk_wiz_0_1
  Path Type:              Setup (Max at Slow Process Corner)
  Requirement:            20.000ns  (clk_out1_clk_wiz_0_1 rise@40.000ns - clk_out1_clk_wiz_0_1 fall@20.000ns)
  Data Path Delay:        12.366ns  (logic 2.405ns (19.448%)  route 9.961ns (80.552%))
  Logic Levels:           12  (LUT3=1 LUT4=2 LUT5=3 LUT6=6)
  Clock Path Skew:        -2.857ns (DCD - SCD + CPR)
    Destination Clock Delay (DCD):    2.545ns = ( 42.545 - 40.000 ) 
    Source Clock Delay      (SCD):    5.423ns = ( 25.423 - 20.000 ) 
    Clock Pessimism Removal (CPR):    0.020ns
  Clock Uncertainty:      0.161ns  ((TSJ^2 + DJ^2)^1/2) / 2 + PE
    Total System Jitter     (TSJ):    0.071ns
    Discrete Jitter          (DJ):    0.314ns
    Phase Error              (PE):    0.000ns

    Location             Delay type                Incr(ns)  Path(ns)    Netlist Resource(s)
  -------------------------------------------------------------------    -------------------
                         (clock clk_out1_clk_wiz_0_1 fall edge)
                                                     20.000    20.000 f  
    E3                                                0.000    20.000 f  clk_100mhz (IN)
                         net (fo=0)                   0.000    20.000    clk25/inst/clk_in1
    E3                   IBUF (Prop_ibuf_I_O)         1.482    21.482 f  clk25/inst/clkin1_ibufg/O
                         net (fo=1, routed)           1.253    22.735    clk25/inst/clk_in1_clk_wiz_0
    PLLE2_ADV_X1Y2       PLLE2_ADV (Prop_plle2_adv_CLKIN1_CLKOUT0)
                                                     -3.459    19.276 f  clk25/inst/plle2_adv_inst/CLKOUT0
                         net (fo=1, routed)           1.713    20.989    clk25/inst/clk_out1_clk_wiz_0
    BUFGCTRL_X0Y16       BUFG (Prop_bufg_I_O)         0.096    21.085 f  clk25/inst/clkout1_buf/O
                         net (fo=1332, routed)        1.784    22.868    clock
    SLICE_X52Y96         LUT1 (Prop_lut1_I0_O)        0.124    22.992 r  q_reg_i_10/O
                         net (fo=1, routed)           0.720    23.713    q_reg_i_10_n_0
    BUFGCTRL_X0Y0        BUFG (Prop_bufg_I_O)         0.096    23.809 r  q_reg_i_3/O
                         net (fo=377, routed)         1.614    25.423    CPU/dx_insn_reg/dff_loop[29].dff/clk0
    SLICE_X31Y129        FDCE                                         r  CPU/dx_insn_reg/dff_loop[29].dff/q_reg/C
  -------------------------------------------------------------------    -------------------
    SLICE_X31Y129        FDCE (Prop_fdce_C_Q)         0.456    25.879 r  CPU/dx_insn_reg/dff_loop[29].dff/q_reg/Q
                         net (fo=31, routed)          1.580    27.459    CPU/dx_insn_reg/dff_loop[28].dff/q_i_18__14_2
    SLICE_X36Y130        LUT5 (Prop_lut5_I3_O)        0.154    27.613 f  CPU/dx_insn_reg/dff_loop[28].dff/q_i_17__15/O
                         net (fo=7, routed)           0.772    28.385    CPU/dx_insn_reg/dff_loop[28].dff/q_i_17__15_n_0
    SLICE_X36Y134        LUT4 (Prop_lut4_I0_O)        0.327    28.712 f  CPU/dx_insn_reg/dff_loop[28].dff/q_i_14__21/O
                         net (fo=3, routed)           0.631    29.342    CPU/dx_insn_reg/dff_loop[28].dff/q_i_14__21_n_0
    SLICE_X36Y133        LUT6 (Prop_lut6_I0_O)        0.124    29.466 r  CPU/dx_insn_reg/dff_loop[28].dff/q_i_6__50/O
                         net (fo=2, routed)           0.584    30.050    CPU/dx_insn_reg/dff_loop[28].dff/q_i_6__50_n_0
    SLICE_X37Y134        LUT6 (Prop_lut6_I0_O)        0.124    30.174 r  CPU/dx_insn_reg/dff_loop[28].dff/q_i_4__89/O
                         net (fo=32, routed)          1.090    31.264    CPU/dx_insn_reg/dff_loop[28].dff/q_i_4__89_n_0
    SLICE_X44Y136        LUT5 (Prop_lut5_I1_O)        0.124    31.388 f  CPU/dx_insn_reg/dff_loop[28].dff/q_i_2__143/O
                         net (fo=22, routed)          1.329    32.717    CPU/dx_insn_reg/dff_loop[28].dff/bypass_readDataA[0]
    SLICE_X51Y125        LUT3 (Prop_lut3_I1_O)        0.150    32.867 r  CPU/dx_insn_reg/dff_loop[28].dff/q_i_2__45/O
                         net (fo=5, routed)           0.635    33.501    CPU/dx_insn_reg/dff_loop[28].dff/q_i_2__45_n_0
    SLICE_X52Y123        LUT5 (Prop_lut5_I0_O)        0.326    33.827 r  CPU/dx_insn_reg/dff_loop[28].dff/q_i_2__218/O
                         net (fo=6, routed)           0.499    34.327    CPU/dx_insn_reg/dff_loop[28].dff/q_i_2__218_n_0
    SLICE_X52Y125        LUT6 (Prop_lut6_I3_O)        0.124    34.451 r  CPU/dx_insn_reg/dff_loop[28].dff/q_i_2__43/O
                         net (fo=4, routed)           0.561    35.012    CPU/dx_insn_reg/dff_loop[28].dff/q_i_2__43_n_0
    SLICE_X55Y127        LUT6 (Prop_lut6_I1_O)        0.124    35.136 r  CPU/dx_insn_reg/dff_loop[28].dff/q_i_3__31/O
                         net (fo=2, routed)           0.471    35.607    CPU/dx_insn_reg/dff_loop[28].dff/q_i_3__31_n_0
    SLICE_X56Y128        LUT6 (Prop_lut6_I2_O)        0.124    35.731 r  CPU/dx_insn_reg/dff_loop[28].dff/q_i_2__38/O
                         net (fo=6, routed)           0.583    36.313    CPU/dx_insn_reg/dff_loop[28].dff/q_i_2__38_n_0
    SLICE_X57Y132        LUT6 (Prop_lut6_I2_O)        0.124    36.437 r  CPU/dx_insn_reg/dff_loop[28].dff/q_i_2__36/O
                         net (fo=6, routed)           0.707    37.144    CPU/dx_insn_reg/dff_loop[28].dff/q_i_2__36_n_0
    SLICE_X56Y132        LUT4 (Prop_lut4_I0_O)        0.124    37.268 r  CPU/dx_insn_reg/dff_loop[28].dff/q_i_1__336/O
                         net (fo=1, routed)           0.521    37.789    CPU/MULTDIV/reg_udividend/dff_loop[28].dff/q_reg_0
    SLICE_X56Y132        FDRE                                         r  CPU/MULTDIV/reg_udividend/dff_loop[28].dff/q_reg/D
  -------------------------------------------------------------------    -------------------

                         (clock clk_out1_clk_wiz_0_1 rise edge)
                                                     40.000    40.000 r  
    E3                                                0.000    40.000 r  clk_100mhz (IN)
                         net (fo=0)                   0.000    40.000    clk25/inst/clk_in1
    E3                   IBUF (Prop_ibuf_I_O)         1.411    41.411 r  clk25/inst/clkin1_ibufg/O
                         net (fo=1, routed)           1.181    42.592    clk25/inst/clk_in1_clk_wiz_0
    PLLE2_ADV_X1Y2       PLLE2_ADV (Prop_plle2_adv_CLKIN1_CLKOUT0)
                                                     -3.253    39.339 r  clk25/inst/plle2_adv_inst/CLKOUT0
                         net (fo=1, routed)           1.634    40.973    clk25/inst/clk_out1_clk_wiz_0
    BUFGCTRL_X0Y16       BUFG (Prop_bufg_I_O)         0.091    41.064 r  clk25/inst/clkout1_buf/O
                         net (fo=1332, routed)        1.481    42.545    CPU/MULTDIV/reg_udividend/dff_loop[28].dff/clk_out1
    SLICE_X56Y132        FDRE                                         r  CPU/MULTDIV/reg_udividend/dff_loop[28].dff/q_reg/C
                         clock pessimism              0.020    42.566    
                         clock uncertainty           -0.161    42.404    
    SLICE_X56Y132        FDRE (Setup_fdre_C_D)       -0.045    42.359    CPU/MULTDIV/reg_udividend/dff_loop[28].dff/q_reg
  -------------------------------------------------------------------
                         required time                         42.360    
                         arrival time                         -37.789    
  -------------------------------------------------------------------
                         slack                                  4.571    

Slack (MET) :             4.650ns  (required time - arrival time)
  Source:                 CPU/dx_insn_reg/dff_loop[29].dff/q_reg/C
                            (rising edge-triggered cell FDCE clocked by clk_out1_clk_wiz_0_1'  {rise@0.000ns fall@20.000ns period=40.000ns})
  Destination:            CPU/MULTDIV/reg_udividend/dff_loop[30].dff/q_reg/D
                            (rising edge-triggered cell FDRE clocked by clk_out1_clk_wiz_0_1  {rise@0.000ns fall@20.000ns period=40.000ns})
  Path Group:             clk_out1_clk_wiz_0_1
  Path Type:              Setup (Max at Slow Process Corner)
  Requirement:            20.000ns  (clk_out1_clk_wiz_0_1 rise@40.000ns - clk_out1_clk_wiz_0_1 fall@20.000ns)
  Data Path Delay:        12.304ns  (logic 2.405ns (19.547%)  route 9.899ns (80.453%))
  Logic Levels:           12  (LUT3=1 LUT4=1 LUT5=3 LUT6=7)
  Clock Path Skew:        -2.857ns (DCD - SCD + CPR)
    Destination Clock Delay (DCD):    2.545ns = ( 42.545 - 40.000 ) 
    Source Clock Delay      (SCD):    5.423ns = ( 25.423 - 20.000 ) 
    Clock Pessimism Removal (CPR):    0.020ns
  Clock Uncertainty:      0.161ns  ((TSJ^2 + DJ^2)^1/2) / 2 + PE
    Total System Jitter     (TSJ):    0.071ns
    Discrete Jitter          (DJ):    0.314ns
    Phase Error              (PE):    0.000ns

    Location             Delay type                Incr(ns)  Path(ns)    Netlist Resource(s)
  -------------------------------------------------------------------    -------------------
                         (clock clk_out1_clk_wiz_0_1 fall edge)
                                                     20.000    20.000 f  
    E3                                                0.000    20.000 f  clk_100mhz (IN)
                         net (fo=0)                   0.000    20.000    clk25/inst/clk_in1
    E3                   IBUF (Prop_ibuf_I_O)         1.482    21.482 f  clk25/inst/clkin1_ibufg/O
                         net (fo=1, routed)           1.253    22.735    clk25/inst/clk_in1_clk_wiz_0
    PLLE2_ADV_X1Y2       PLLE2_ADV (Prop_plle2_adv_CLKIN1_CLKOUT0)
                                                     -3.459    19.276 f  clk25/inst/plle2_adv_inst/CLKOUT0
                         net (fo=1, routed)           1.713    20.989    clk25/inst/clk_out1_clk_wiz_0
    BUFGCTRL_X0Y16       BUFG (Prop_bufg_I_O)         0.096    21.085 f  clk25/inst/clkout1_buf/O
                         net (fo=1332, routed)        1.784    22.868    clock
    SLICE_X52Y96         LUT1 (Prop_lut1_I0_O)        0.124    22.992 r  q_reg_i_10/O
                         net (fo=1, routed)           0.720    23.713    q_reg_i_10_n_0
    BUFGCTRL_X0Y0        BUFG (Prop_bufg_I_O)         0.096    23.809 r  q_reg_i_3/O
                         net (fo=377, routed)         1.614    25.423    CPU/dx_insn_reg/dff_loop[29].dff/clk0
    SLICE_X31Y129        FDCE                                         r  CPU/dx_insn_reg/dff_loop[29].dff/q_reg/C
  -------------------------------------------------------------------    -------------------
    SLICE_X31Y129        FDCE (Prop_fdce_C_Q)         0.456    25.879 r  CPU/dx_insn_reg/dff_loop[29].dff/q_reg/Q
                         net (fo=31, routed)          1.580    27.459    CPU/dx_insn_reg/dff_loop[28].dff/q_i_18__14_2
    SLICE_X36Y130        LUT5 (Prop_lut5_I3_O)        0.154    27.613 f  CPU/dx_insn_reg/dff_loop[28].dff/q_i_17__15/O
                         net (fo=7, routed)           0.772    28.385    CPU/dx_insn_reg/dff_loop[28].dff/q_i_17__15_n_0
    SLICE_X36Y134        LUT4 (Prop_lut4_I0_O)        0.327    28.712 f  CPU/dx_insn_reg/dff_loop[28].dff/q_i_14__21/O
                         net (fo=3, routed)           0.631    29.342    CPU/dx_insn_reg/dff_loop[28].dff/q_i_14__21_n_0
    SLICE_X36Y133        LUT6 (Prop_lut6_I0_O)        0.124    29.466 r  CPU/dx_insn_reg/dff_loop[28].dff/q_i_6__50/O
                         net (fo=2, routed)           0.584    30.050    CPU/dx_insn_reg/dff_loop[28].dff/q_i_6__50_n_0
    SLICE_X37Y134        LUT6 (Prop_lut6_I0_O)        0.124    30.174 r  CPU/dx_insn_reg/dff_loop[28].dff/q_i_4__89/O
                         net (fo=32, routed)          1.090    31.264    CPU/dx_insn_reg/dff_loop[28].dff/q_i_4__89_n_0
    SLICE_X44Y136        LUT5 (Prop_lut5_I1_O)        0.124    31.388 f  CPU/dx_insn_reg/dff_loop[28].dff/q_i_2__143/O
                         net (fo=22, routed)          1.329    32.717    CPU/dx_insn_reg/dff_loop[28].dff/bypass_readDataA[0]
    SLICE_X51Y125        LUT3 (Prop_lut3_I1_O)        0.150    32.867 r  CPU/dx_insn_reg/dff_loop[28].dff/q_i_2__45/O
                         net (fo=5, routed)           0.635    33.501    CPU/dx_insn_reg/dff_loop[28].dff/q_i_2__45_n_0
    SLICE_X52Y123        LUT5 (Prop_lut5_I0_O)        0.326    33.827 r  CPU/dx_insn_reg/dff_loop[28].dff/q_i_2__218/O
                         net (fo=6, routed)           0.499    34.327    CPU/dx_insn_reg/dff_loop[28].dff/q_i_2__218_n_0
    SLICE_X52Y125        LUT6 (Prop_lut6_I3_O)        0.124    34.451 r  CPU/dx_insn_reg/dff_loop[28].dff/q_i_2__43/O
                         net (fo=4, routed)           0.561    35.012    CPU/dx_insn_reg/dff_loop[28].dff/q_i_2__43_n_0
    SLICE_X55Y127        LUT6 (Prop_lut6_I1_O)        0.124    35.136 r  CPU/dx_insn_reg/dff_loop[28].dff/q_i_3__31/O
                         net (fo=2, routed)           0.471    35.607    CPU/dx_insn_reg/dff_loop[28].dff/q_i_3__31_n_0
    SLICE_X56Y128        LUT6 (Prop_lut6_I2_O)        0.124    35.731 r  CPU/dx_insn_reg/dff_loop[28].dff/q_i_2__38/O
                         net (fo=6, routed)           0.583    36.313    CPU/dx_insn_reg/dff_loop[28].dff/q_i_2__38_n_0
    SLICE_X57Y132        LUT6 (Prop_lut6_I2_O)        0.124    36.437 r  CPU/dx_insn_reg/dff_loop[28].dff/q_i_2__36/O
                         net (fo=6, routed)           0.541    36.978    CPU/dx_insn_reg/dff_loop[28].dff/q_i_2__36_n_0
    SLICE_X56Y132        LUT6 (Prop_lut6_I2_O)        0.124    37.102 r  CPU/dx_insn_reg/dff_loop[28].dff/q_i_1__57/O
                         net (fo=2, routed)           0.624    37.726    CPU/MULTDIV/reg_udividend/dff_loop[30].dff/q_reg_1
    SLICE_X56Y132        FDRE                                         r  CPU/MULTDIV/reg_udividend/dff_loop[30].dff/q_reg/D
  -------------------------------------------------------------------    -------------------

                         (clock clk_out1_clk_wiz_0_1 rise edge)
                                                     40.000    40.000 r  
    E3                                                0.000    40.000 r  clk_100mhz (IN)
                         net (fo=0)                   0.000    40.000    clk25/inst/clk_in1
    E3                   IBUF (Prop_ibuf_I_O)         1.411    41.411 r  clk25/inst/clkin1_ibufg/O
                         net (fo=1, routed)           1.181    42.592    clk25/inst/clk_in1_clk_wiz_0
    PLLE2_ADV_X1Y2       PLLE2_ADV (Prop_plle2_adv_CLKIN1_CLKOUT0)
                                                     -3.253    39.339 r  clk25/inst/plle2_adv_inst/CLKOUT0
                         net (fo=1, routed)           1.634    40.973    clk25/inst/clk_out1_clk_wiz_0
    BUFGCTRL_X0Y16       BUFG (Prop_bufg_I_O)         0.091    41.064 r  clk25/inst/clkout1_buf/O
                         net (fo=1332, routed)        1.481    42.545    CPU/MULTDIV/reg_udividend/dff_loop[30].dff/clk_out1
    SLICE_X56Y132        FDRE                                         r  CPU/MULTDIV/reg_udividend/dff_loop[30].dff/q_reg/C
                         clock pessimism              0.020    42.566    
                         clock uncertainty           -0.161    42.404    
    SLICE_X56Y132        FDRE (Setup_fdre_C_D)       -0.028    42.376    CPU/MULTDIV/reg_udividend/dff_loop[30].dff/q_reg
  -------------------------------------------------------------------
                         required time                         42.376    
                         arrival time                         -37.726    
  -------------------------------------------------------------------
                         slack                                  4.650    

Slack (MET) :             4.760ns  (required time - arrival time)
  Source:                 CPU/dx_insn_reg/dff_loop[29].dff/q_reg/C
                            (rising edge-triggered cell FDCE clocked by clk_out1_clk_wiz_0_1'  {rise@0.000ns fall@20.000ns period=40.000ns})
  Destination:            CPU/MULTDIV/reg_q/dff_loop[26].dff/q_reg/D
                            (rising edge-triggered cell FDRE clocked by clk_out1_clk_wiz_0_1  {rise@0.000ns fall@20.000ns period=40.000ns})
  Path Group:             clk_out1_clk_wiz_0_1
  Path Type:              Setup (Max at Slow Process Corner)
  Requirement:            20.000ns  (clk_out1_clk_wiz_0_1 rise@40.000ns - clk_out1_clk_wiz_0_1 fall@20.000ns)
  Data Path Delay:        12.250ns  (logic 2.529ns (20.645%)  route 9.721ns (79.355%))
  Logic Levels:           13  (LUT3=2 LUT4=1 LUT5=5 LUT6=5)
  Clock Path Skew:        -2.860ns (DCD - SCD + CPR)
    Destination Clock Delay (DCD):    2.542ns = ( 42.542 - 40.000 ) 
    Source Clock Delay      (SCD):    5.423ns = ( 25.423 - 20.000 ) 
    Clock Pessimism Removal (CPR):    0.020ns
  Clock Uncertainty:      0.161ns  ((TSJ^2 + DJ^2)^1/2) / 2 + PE
    Total System Jitter     (TSJ):    0.071ns
    Discrete Jitter          (DJ):    0.314ns
    Phase Error              (PE):    0.000ns

    Location             Delay type                Incr(ns)  Path(ns)    Netlist Resource(s)
  -------------------------------------------------------------------    -------------------
                         (clock clk_out1_clk_wiz_0_1 fall edge)
                                                     20.000    20.000 f  
    E3                                                0.000    20.000 f  clk_100mhz (IN)
                         net (fo=0)                   0.000    20.000    clk25/inst/clk_in1
    E3                   IBUF (Prop_ibuf_I_O)         1.482    21.482 f  clk25/inst/clkin1_ibufg/O
                         net (fo=1, routed)           1.253    22.735    clk25/inst/clk_in1_clk_wiz_0
    PLLE2_ADV_X1Y2       PLLE2_ADV (Prop_plle2_adv_CLKIN1_CLKOUT0)
                                                     -3.459    19.276 f  clk25/inst/plle2_adv_inst/CLKOUT0
                         net (fo=1, routed)           1.713    20.989    clk25/inst/clk_out1_clk_wiz_0
    BUFGCTRL_X0Y16       BUFG (Prop_bufg_I_O)         0.096    21.085 f  clk25/inst/clkout1_buf/O
                         net (fo=1332, routed)        1.784    22.868    clock
    SLICE_X52Y96         LUT1 (Prop_lut1_I0_O)        0.124    22.992 r  q_reg_i_10/O
                         net (fo=1, routed)           0.720    23.713    q_reg_i_10_n_0
    BUFGCTRL_X0Y0        BUFG (Prop_bufg_I_O)         0.096    23.809 r  q_reg_i_3/O
                         net (fo=377, routed)         1.614    25.423    CPU/dx_insn_reg/dff_loop[29].dff/clk0
    SLICE_X31Y129        FDCE                                         r  CPU/dx_insn_reg/dff_loop[29].dff/q_reg/C
  -------------------------------------------------------------------    -------------------
    SLICE_X31Y129        FDCE (Prop_fdce_C_Q)         0.456    25.879 r  CPU/dx_insn_reg/dff_loop[29].dff/q_reg/Q
                         net (fo=31, routed)          1.580    27.459    CPU/dx_insn_reg/dff_loop[28].dff/q_i_18__14_2
    SLICE_X36Y130        LUT5 (Prop_lut5_I3_O)        0.154    27.613 f  CPU/dx_insn_reg/dff_loop[28].dff/q_i_17__15/O
                         net (fo=7, routed)           0.772    28.385    CPU/dx_insn_reg/dff_loop[28].dff/q_i_17__15_n_0
    SLICE_X36Y134        LUT4 (Prop_lut4_I0_O)        0.327    28.712 f  CPU/dx_insn_reg/dff_loop[28].dff/q_i_14__21/O
                         net (fo=3, routed)           0.631    29.342    CPU/dx_insn_reg/dff_loop[28].dff/q_i_14__21_n_0
    SLICE_X36Y133        LUT6 (Prop_lut6_I0_O)        0.124    29.466 r  CPU/dx_insn_reg/dff_loop[28].dff/q_i_6__50/O
                         net (fo=2, routed)           0.584    30.050    CPU/dx_insn_reg/dff_loop[28].dff/q_i_6__50_n_0
    SLICE_X37Y134        LUT6 (Prop_lut6_I0_O)        0.124    30.174 r  CPU/dx_insn_reg/dff_loop[28].dff/q_i_4__89/O
                         net (fo=32, routed)          1.090    31.264    CPU/dx_insn_reg/dff_loop[28].dff/q_i_4__89_n_0
    SLICE_X44Y136        LUT5 (Prop_lut5_I1_O)        0.124    31.388 r  CPU/dx_insn_reg/dff_loop[28].dff/q_i_2__143/O
                         net (fo=22, routed)          1.329    32.717    CPU/dx_insn_reg/dff_loop[28].dff/bypass_readDataA[0]
    SLICE_X51Y125        LUT3 (Prop_lut3_I1_O)        0.150    32.867 f  CPU/dx_insn_reg/dff_loop[28].dff/q_i_2__45/O
                         net (fo=5, routed)           0.635    33.501    CPU/dx_insn_reg/dff_loop[28].dff/q_i_2__45_n_0
    SLICE_X52Y123        LUT5 (Prop_lut5_I0_O)        0.326    33.827 f  CPU/dx_insn_reg/dff_loop[28].dff/q_i_2__218/O
                         net (fo=6, routed)           0.499    34.327    CPU/dx_insn_reg/dff_loop[28].dff/q_i_2__218_n_0
    SLICE_X52Y125        LUT6 (Prop_lut6_I3_O)        0.124    34.451 f  CPU/dx_insn_reg/dff_loop[28].dff/q_i_2__43/O
                         net (fo=4, routed)           0.561    35.012    CPU/dx_insn_reg/dff_loop[28].dff/q_i_2__43_n_0
    SLICE_X55Y127        LUT6 (Prop_lut6_I1_O)        0.124    35.136 f  CPU/dx_insn_reg/dff_loop[28].dff/q_i_3__31/O
                         net (fo=2, routed)           0.471    35.607    CPU/dx_insn_reg/dff_loop[28].dff/q_i_3__31_n_0
    SLICE_X56Y128        LUT6 (Prop_lut6_I2_O)        0.124    35.731 f  CPU/dx_insn_reg/dff_loop[28].dff/q_i_2__38/O
                         net (fo=6, routed)           0.651    36.382    CPU/dx_insn_reg/dff_loop[28].dff/q_i_2__38_n_0
    SLICE_X58Y130        LUT5 (Prop_lut5_I3_O)        0.124    36.506 r  CPU/dx_insn_reg/dff_loop[28].dff/q_i_2__37/O
                         net (fo=1, routed)           0.464    36.970    CPU/dx_insn_reg/dff_loop[28].dff/q_i_2__37_n_0
    SLICE_X58Y130        LUT3 (Prop_lut3_I2_O)        0.124    37.094 r  CPU/dx_insn_reg/dff_loop[28].dff/q_i_1__54/O
                         net (fo=2, routed)           0.455    37.549    CPU/MULTDIV/reg_q/dff_loop[26].dff/q_reg_6
    SLICE_X57Y129        LUT5 (Prop_lut5_I4_O)        0.124    37.673 r  CPU/MULTDIV/reg_q/dff_loop[26].dff/q_i_1__5/O
                         net (fo=1, routed)           0.000    37.673    CPU/MULTDIV/reg_q/dff_loop[26].dff/q_next[26]
    SLICE_X57Y129        FDRE                                         r  CPU/MULTDIV/reg_q/dff_loop[26].dff/q_reg/D
  -------------------------------------------------------------------    -------------------

                         (clock clk_out1_clk_wiz_0_1 rise edge)
                                                     40.000    40.000 r  
    E3                                                0.000    40.000 r  clk_100mhz (IN)
                         net (fo=0)                   0.000    40.000    clk25/inst/clk_in1
    E3                   IBUF (Prop_ibuf_I_O)         1.411    41.411 r  clk25/inst/clkin1_ibufg/O
                         net (fo=1, routed)           1.181    42.592    clk25/inst/clk_in1_clk_wiz_0
    PLLE2_ADV_X1Y2       PLLE2_ADV (Prop_plle2_adv_CLKIN1_CLKOUT0)
                                                     -3.253    39.339 r  clk25/inst/plle2_adv_inst/CLKOUT0
                         net (fo=1, routed)           1.634    40.973    clk25/inst/clk_out1_clk_wiz_0
    BUFGCTRL_X0Y16       BUFG (Prop_bufg_I_O)         0.091    41.064 r  clk25/inst/clkout1_buf/O
                         net (fo=1332, routed)        1.478    42.542    CPU/MULTDIV/reg_q/dff_loop[26].dff/clk_out1
    SLICE_X57Y129        FDRE                                         r  CPU/MULTDIV/reg_q/dff_loop[26].dff/q_reg/C
                         clock pessimism              0.020    42.563    
                         clock uncertainty           -0.161    42.401    
    SLICE_X57Y129        FDRE (Setup_fdre_C_D)        0.031    42.432    CPU/MULTDIV/reg_q/dff_loop[26].dff/q_reg
  -------------------------------------------------------------------
                         required time                         42.432    
                         arrival time                         -37.673    
  -------------------------------------------------------------------
                         slack                                  4.760    

Slack (MET) :             4.772ns  (required time - arrival time)
  Source:                 CPU/dx_insn_reg/dff_loop[29].dff/q_reg/C
                            (rising edge-triggered cell FDCE clocked by clk_out1_clk_wiz_0_1'  {rise@0.000ns fall@20.000ns period=40.000ns})
  Destination:            CPU/MULTDIV/reg_udividend/dff_loop[26].dff/q_reg/D
                            (rising edge-triggered cell FDRE clocked by clk_out1_clk_wiz_0_1  {rise@0.000ns fall@20.000ns period=40.000ns})
  Path Group:             clk_out1_clk_wiz_0_1
  Path Type:              Setup (Max at Slow Process Corner)
  Requirement:            20.000ns  (clk_out1_clk_wiz_0_1 rise@40.000ns - clk_out1_clk_wiz_0_1 fall@20.000ns)
  Data Path Delay:        12.178ns  (logic 2.405ns (19.749%)  route 9.773ns (80.251%))
  Logic Levels:           12  (LUT3=2 LUT4=1 LUT5=4 LUT6=5)
  Clock Path Skew:        -2.861ns (DCD - SCD + CPR)
    Destination Clock Delay (DCD):    2.541ns = ( 42.541 - 40.000 ) 
    Source Clock Delay      (SCD):    5.423ns = ( 25.423 - 20.000 ) 
    Clock Pessimism Removal (CPR):    0.020ns
  Clock Uncertainty:      0.161ns  ((TSJ^2 + DJ^2)^1/2) / 2 + PE
    Total System Jitter     (TSJ):    0.071ns
    Discrete Jitter          (DJ):    0.314ns
    Phase Error              (PE):    0.000ns

    Location             Delay type                Incr(ns)  Path(ns)    Netlist Resource(s)
  -------------------------------------------------------------------    -------------------
                         (clock clk_out1_clk_wiz_0_1 fall edge)
                                                     20.000    20.000 f  
    E3                                                0.000    20.000 f  clk_100mhz (IN)
                         net (fo=0)                   0.000    20.000    clk25/inst/clk_in1
    E3                   IBUF (Prop_ibuf_I_O)         1.482    21.482 f  clk25/inst/clkin1_ibufg/O
                         net (fo=1, routed)           1.253    22.735    clk25/inst/clk_in1_clk_wiz_0
    PLLE2_ADV_X1Y2       PLLE2_ADV (Prop_plle2_adv_CLKIN1_CLKOUT0)
                                                     -3.459    19.276 f  clk25/inst/plle2_adv_inst/CLKOUT0
                         net (fo=1, routed)           1.713    20.989    clk25/inst/clk_out1_clk_wiz_0
    BUFGCTRL_X0Y16       BUFG (Prop_bufg_I_O)         0.096    21.085 f  clk25/inst/clkout1_buf/O
                         net (fo=1332, routed)        1.784    22.868    clock
    SLICE_X52Y96         LUT1 (Prop_lut1_I0_O)        0.124    22.992 r  q_reg_i_10/O
                         net (fo=1, routed)           0.720    23.713    q_reg_i_10_n_0
    BUFGCTRL_X0Y0        BUFG (Prop_bufg_I_O)         0.096    23.809 r  q_reg_i_3/O
                         net (fo=377, routed)         1.614    25.423    CPU/dx_insn_reg/dff_loop[29].dff/clk0
    SLICE_X31Y129        FDCE                                         r  CPU/dx_insn_reg/dff_loop[29].dff/q_reg/C
  -------------------------------------------------------------------    -------------------
    SLICE_X31Y129        FDCE (Prop_fdce_C_Q)         0.456    25.879 r  CPU/dx_insn_reg/dff_loop[29].dff/q_reg/Q
                         net (fo=31, routed)          1.580    27.459    CPU/dx_insn_reg/dff_loop[28].dff/q_i_18__14_2
    SLICE_X36Y130        LUT5 (Prop_lut5_I3_O)        0.154    27.613 f  CPU/dx_insn_reg/dff_loop[28].dff/q_i_17__15/O
                         net (fo=7, routed)           0.772    28.385    CPU/dx_insn_reg/dff_loop[28].dff/q_i_17__15_n_0
    SLICE_X36Y134        LUT4 (Prop_lut4_I0_O)        0.327    28.712 f  CPU/dx_insn_reg/dff_loop[28].dff/q_i_14__21/O
                         net (fo=3, routed)           0.631    29.342    CPU/dx_insn_reg/dff_loop[28].dff/q_i_14__21_n_0
    SLICE_X36Y133        LUT6 (Prop_lut6_I0_O)        0.124    29.466 r  CPU/dx_insn_reg/dff_loop[28].dff/q_i_6__50/O
                         net (fo=2, routed)           0.584    30.050    CPU/dx_insn_reg/dff_loop[28].dff/q_i_6__50_n_0
    SLICE_X37Y134        LUT6 (Prop_lut6_I0_O)        0.124    30.174 r  CPU/dx_insn_reg/dff_loop[28].dff/q_i_4__89/O
                         net (fo=32, routed)          1.090    31.264    CPU/dx_insn_reg/dff_loop[28].dff/q_i_4__89_n_0
    SLICE_X44Y136        LUT5 (Prop_lut5_I1_O)        0.124    31.388 r  CPU/dx_insn_reg/dff_loop[28].dff/q_i_2__143/O
                         net (fo=22, routed)          1.329    32.717    CPU/dx_insn_reg/dff_loop[28].dff/bypass_readDataA[0]
    SLICE_X51Y125        LUT3 (Prop_lut3_I1_O)        0.150    32.867 f  CPU/dx_insn_reg/dff_loop[28].dff/q_i_2__45/O
                         net (fo=5, routed)           0.635    33.501    CPU/dx_insn_reg/dff_loop[28].dff/q_i_2__45_n_0
    SLICE_X52Y123        LUT5 (Prop_lut5_I0_O)        0.326    33.827 f  CPU/dx_insn_reg/dff_loop[28].dff/q_i_2__218/O
                         net (fo=6, routed)           0.499    34.327    CPU/dx_insn_reg/dff_loop[28].dff/q_i_2__218_n_0
    SLICE_X52Y125        LUT6 (Prop_lut6_I3_O)        0.124    34.451 f  CPU/dx_insn_reg/dff_loop[28].dff/q_i_2__43/O
                         net (fo=4, routed)           0.561    35.012    CPU/dx_insn_reg/dff_loop[28].dff/q_i_2__43_n_0
    SLICE_X55Y127        LUT6 (Prop_lut6_I1_O)        0.124    35.136 f  CPU/dx_insn_reg/dff_loop[28].dff/q_i_3__31/O
                         net (fo=2, routed)           0.471    35.607    CPU/dx_insn_reg/dff_loop[28].dff/q_i_3__31_n_0
    SLICE_X56Y128        LUT6 (Prop_lut6_I2_O)        0.124    35.731 f  CPU/dx_insn_reg/dff_loop[28].dff/q_i_2__38/O
                         net (fo=6, routed)           0.651    36.382    CPU/dx_insn_reg/dff_loop[28].dff/q_i_2__38_n_0
    SLICE_X58Y130        LUT5 (Prop_lut5_I3_O)        0.124    36.506 r  CPU/dx_insn_reg/dff_loop[28].dff/q_i_2__37/O
                         net (fo=1, routed)           0.464    36.970    CPU/dx_insn_reg/dff_loop[28].dff/q_i_2__37_n_0
    SLICE_X58Y130        LUT3 (Prop_lut3_I2_O)        0.124    37.094 r  CPU/dx_insn_reg/dff_loop[28].dff/q_i_1__54/O
                         net (fo=2, routed)           0.507    37.601    CPU/MULTDIV/reg_udividend/dff_loop[26].dff/q_reg_0
    SLICE_X56Y128        FDRE                                         r  CPU/MULTDIV/reg_udividend/dff_loop[26].dff/q_reg/D
  -------------------------------------------------------------------    -------------------

                         (clock clk_out1_clk_wiz_0_1 rise edge)
                                                     40.000    40.000 r  
    E3                                                0.000    40.000 r  clk_100mhz (IN)
                         net (fo=0)                   0.000    40.000    clk25/inst/clk_in1
    E3                   IBUF (Prop_ibuf_I_O)         1.411    41.411 r  clk25/inst/clkin1_ibufg/O
                         net (fo=1, routed)           1.181    42.592    clk25/inst/clk_in1_clk_wiz_0
    PLLE2_ADV_X1Y2       PLLE2_ADV (Prop_plle2_adv_CLKIN1_CLKOUT0)
                                                     -3.253    39.339 r  clk25/inst/plle2_adv_inst/CLKOUT0
                         net (fo=1, routed)           1.634    40.973    clk25/inst/clk_out1_clk_wiz_0
    BUFGCTRL_X0Y16       BUFG (Prop_bufg_I_O)         0.091    41.064 r  clk25/inst/clkout1_buf/O
                         net (fo=1332, routed)        1.477    42.541    CPU/MULTDIV/reg_udividend/dff_loop[26].dff/clk_out1
    SLICE_X56Y128        FDRE                                         r  CPU/MULTDIV/reg_udividend/dff_loop[26].dff/q_reg/C
                         clock pessimism              0.020    42.562    
                         clock uncertainty           -0.161    42.400    
    SLICE_X56Y128        FDRE (Setup_fdre_C_D)       -0.028    42.372    CPU/MULTDIV/reg_udividend/dff_loop[26].dff/q_reg
  -------------------------------------------------------------------
                         required time                         42.372    
                         arrival time                         -37.601    
  -------------------------------------------------------------------
                         slack                                  4.772    

Slack (MET) :             4.898ns  (required time - arrival time)
  Source:                 CPU/dx_insn_reg/dff_loop[29].dff/q_reg/C
                            (rising edge-triggered cell FDCE clocked by clk_out1_clk_wiz_0_1'  {rise@0.000ns fall@20.000ns period=40.000ns})
  Destination:            CPU/MULTDIV/reg_q/dff_loop[23].dff/q_reg/D
                            (rising edge-triggered cell FDRE clocked by clk_out1_clk_wiz_0_1  {rise@0.000ns fall@20.000ns period=40.000ns})
  Path Group:             clk_out1_clk_wiz_0_1
  Path Type:              Setup (Max at Slow Process Corner)
  Requirement:            20.000ns  (clk_out1_clk_wiz_0_1 rise@40.000ns - clk_out1_clk_wiz_0_1 fall@20.000ns)
  Data Path Delay:        12.109ns  (logic 2.647ns (21.861%)  route 9.462ns (78.139%))
  Logic Levels:           12  (LUT3=1 LUT4=2 LUT5=4 LUT6=5)
  Clock Path Skew:        -2.861ns (DCD - SCD + CPR)
    Destination Clock Delay (DCD):    2.541ns = ( 42.541 - 40.000 ) 
    Source Clock Delay      (SCD):    5.423ns = ( 25.423 - 20.000 ) 
    Clock Pessimism Removal (CPR):    0.020ns
  Clock Uncertainty:      0.161ns  ((TSJ^2 + DJ^2)^1/2) / 2 + PE
    Total System Jitter     (TSJ):    0.071ns
    Discrete Jitter          (DJ):    0.314ns
    Phase Error              (PE):    0.000ns

    Location             Delay type                Incr(ns)  Path(ns)    Netlist Resource(s)
  -------------------------------------------------------------------    -------------------
                         (clock clk_out1_clk_wiz_0_1 fall edge)
                                                     20.000    20.000 f  
    E3                                                0.000    20.000 f  clk_100mhz (IN)
                         net (fo=0)                   0.000    20.000    clk25/inst/clk_in1
    E3                   IBUF (Prop_ibuf_I_O)         1.482    21.482 f  clk25/inst/clkin1_ibufg/O
                         net (fo=1, routed)           1.253    22.735    clk25/inst/clk_in1_clk_wiz_0
    PLLE2_ADV_X1Y2       PLLE2_ADV (Prop_plle2_adv_CLKIN1_CLKOUT0)
                                                     -3.459    19.276 f  clk25/inst/plle2_adv_inst/CLKOUT0
                         net (fo=1, routed)           1.713    20.989    clk25/inst/clk_out1_clk_wiz_0
    BUFGCTRL_X0Y16       BUFG (Prop_bufg_I_O)         0.096    21.085 f  clk25/inst/clkout1_buf/O
                         net (fo=1332, routed)        1.784    22.868    clock
    SLICE_X52Y96         LUT1 (Prop_lut1_I0_O)        0.124    22.992 r  q_reg_i_10/O
                         net (fo=1, routed)           0.720    23.713    q_reg_i_10_n_0
    BUFGCTRL_X0Y0        BUFG (Prop_bufg_I_O)         0.096    23.809 r  q_reg_i_3/O
                         net (fo=377, routed)         1.614    25.423    CPU/dx_insn_reg/dff_loop[29].dff/clk0
    SLICE_X31Y129        FDCE                                         r  CPU/dx_insn_reg/dff_loop[29].dff/q_reg/C
  -------------------------------------------------------------------    -------------------
    SLICE_X31Y129        FDCE (Prop_fdce_C_Q)         0.456    25.879 r  CPU/dx_insn_reg/dff_loop[29].dff/q_reg/Q
                         net (fo=31, routed)          1.580    27.459    CPU/dx_insn_reg/dff_loop[28].dff/q_i_18__14_2
    SLICE_X36Y130        LUT5 (Prop_lut5_I3_O)        0.154    27.613 f  CPU/dx_insn_reg/dff_loop[28].dff/q_i_17__15/O
                         net (fo=7, routed)           0.772    28.385    CPU/dx_insn_reg/dff_loop[28].dff/q_i_17__15_n_0
    SLICE_X36Y134        LUT4 (Prop_lut4_I0_O)        0.327    28.712 f  CPU/dx_insn_reg/dff_loop[28].dff/q_i_14__21/O
                         net (fo=3, routed)           0.631    29.342    CPU/dx_insn_reg/dff_loop[28].dff/q_i_14__21_n_0
    SLICE_X36Y133        LUT6 (Prop_lut6_I0_O)        0.124    29.466 r  CPU/dx_insn_reg/dff_loop[28].dff/q_i_6__50/O
                         net (fo=2, routed)           0.584    30.050    CPU/dx_insn_reg/dff_loop[28].dff/q_i_6__50_n_0
    SLICE_X37Y134        LUT6 (Prop_lut6_I0_O)        0.124    30.174 r  CPU/dx_insn_reg/dff_loop[28].dff/q_i_4__89/O
                         net (fo=32, routed)          1.090    31.264    CPU/dx_insn_reg/dff_loop[28].dff/q_i_4__89_n_0
    SLICE_X44Y136        LUT5 (Prop_lut5_I1_O)        0.124    31.388 f  CPU/dx_insn_reg/dff_loop[28].dff/q_i_2__143/O
                         net (fo=22, routed)          1.329    32.717    CPU/dx_insn_reg/dff_loop[28].dff/bypass_readDataA[0]
    SLICE_X51Y125        LUT3 (Prop_lut3_I1_O)        0.150    32.867 r  CPU/dx_insn_reg/dff_loop[28].dff/q_i_2__45/O
                         net (fo=5, routed)           0.635    33.501    CPU/dx_insn_reg/dff_loop[28].dff/q_i_2__45_n_0
    SLICE_X52Y123        LUT5 (Prop_lut5_I0_O)        0.326    33.827 r  CPU/dx_insn_reg/dff_loop[28].dff/q_i_2__218/O
                         net (fo=6, routed)           0.499    34.327    CPU/dx_insn_reg/dff_loop[28].dff/q_i_2__218_n_0
    SLICE_X52Y125        LUT6 (Prop_lut6_I3_O)        0.124    34.451 r  CPU/dx_insn_reg/dff_loop[28].dff/q_i_2__43/O
                         net (fo=4, routed)           0.561    35.012    CPU/dx_insn_reg/dff_loop[28].dff/q_i_2__43_n_0
    SLICE_X55Y127        LUT6 (Prop_lut6_I1_O)        0.124    35.136 r  CPU/dx_insn_reg/dff_loop[28].dff/q_i_3__31/O
                         net (fo=2, routed)           0.471    35.607    CPU/dx_insn_reg/dff_loop[28].dff/q_i_3__31_n_0
    SLICE_X56Y128        LUT6 (Prop_lut6_I2_O)        0.124    35.731 r  CPU/dx_insn_reg/dff_loop[28].dff/q_i_2__38/O
                         net (fo=6, routed)           0.715    36.446    CPU/dx_insn_reg/dff_loop[28].dff/q_i_2__38_n_0
    SLICE_X56Y128        LUT4 (Prop_lut4_I0_O)        0.150    36.596 r  CPU/dx_insn_reg/dff_loop[28].dff/q_i_1__340/O
                         net (fo=2, routed)           0.595    37.191    CPU/MULTDIV/reg_q/dff_loop[23].dff/q_reg_5
    SLICE_X57Y128        LUT5 (Prop_lut5_I4_O)        0.340    37.531 r  CPU/MULTDIV/reg_q/dff_loop[23].dff/q_i_1__8/O
                         net (fo=1, routed)           0.000    37.531    CPU/MULTDIV/reg_q/dff_loop[23].dff/q_next[23]
    SLICE_X57Y128        FDRE                                         r  CPU/MULTDIV/reg_q/dff_loop[23].dff/q_reg/D
  -------------------------------------------------------------------    -------------------

                         (clock clk_out1_clk_wiz_0_1 rise edge)
                                                     40.000    40.000 r  
    E3                                                0.000    40.000 r  clk_100mhz (IN)
                         net (fo=0)                   0.000    40.000    clk25/inst/clk_in1
    E3                   IBUF (Prop_ibuf_I_O)         1.411    41.411 r  clk25/inst/clkin1_ibufg/O
                         net (fo=1, routed)           1.181    42.592    clk25/inst/clk_in1_clk_wiz_0
    PLLE2_ADV_X1Y2       PLLE2_ADV (Prop_plle2_adv_CLKIN1_CLKOUT0)
                                                     -3.253    39.339 r  clk25/inst/plle2_adv_inst/CLKOUT0
                         net (fo=1, routed)           1.634    40.973    clk25/inst/clk_out1_clk_wiz_0
    BUFGCTRL_X0Y16       BUFG (Prop_bufg_I_O)         0.091    41.064 r  clk25/inst/clkout1_buf/O
                         net (fo=1332, routed)        1.477    42.541    CPU/MULTDIV/reg_q/dff_loop[23].dff/clk_out1
    SLICE_X57Y128        FDRE                                         r  CPU/MULTDIV/reg_q/dff_loop[23].dff/q_reg/C
                         clock pessimism              0.020    42.562    
                         clock uncertainty           -0.161    42.400    
    SLICE_X57Y128        FDRE (Setup_fdre_C_D)        0.029    42.429    CPU/MULTDIV/reg_q/dff_loop[23].dff/q_reg
  -------------------------------------------------------------------
                         required time                         42.429    
                         arrival time                         -37.531    
  -------------------------------------------------------------------
                         slack                                  4.898    





Min Delay Paths
--------------------------------------------------------------------------------------
Slack (MET) :             0.208ns  (arrival time - required time)
  Source:                 CPU/MULTDIV/p_high/dff_loop[27].dff/q_reg/C
                            (rising edge-triggered cell FDRE clocked by clk_out1_clk_wiz_0_1  {rise@0.000ns fall@20.000ns period=40.000ns})
  Destination:            CPU/MULTDIV/p_high/dff_loop[26].dff/q_reg/D
                            (rising edge-triggered cell FDRE clocked by clk_out1_clk_wiz_0_1  {rise@0.000ns fall@20.000ns period=40.000ns})
  Path Group:             clk_out1_clk_wiz_0_1
  Path Type:              Hold (Min at Fast Process Corner)
  Requirement:            0.000ns  (clk_out1_clk_wiz_0_1 rise@0.000ns - clk_out1_clk_wiz_0_1 rise@0.000ns)
  Data Path Delay:        0.344ns  (logic 0.186ns (54.029%)  route 0.158ns (45.971%))
  Logic Levels:           1  (LUT6=1)
  Clock Path Skew:        0.016ns (DCD - SCD - CPR)
    Destination Clock Delay (DCD):    0.917ns
    Source Clock Delay      (SCD):    0.687ns
    Clock Pessimism Removal (CPR):    0.214ns

    Location             Delay type                Incr(ns)  Path(ns)    Netlist Resource(s)
  -------------------------------------------------------------------    -------------------
                         (clock clk_out1_clk_wiz_0_1 rise edge)
                                                      0.000     0.000 r  
    E3                                                0.000     0.000 r  clk_100mhz (IN)
                         net (fo=0)                   0.000     0.000    clk25/inst/clk_in1
    E3                   IBUF (Prop_ibuf_I_O)         0.250     0.250 r  clk25/inst/clkin1_ibufg/O
                         net (fo=1, routed)           0.440     0.690    clk25/inst/clk_in1_clk_wiz_0
    PLLE2_ADV_X1Y2       PLLE2_ADV (Prop_plle2_adv_CLKIN1_CLKOUT0)
                                                     -1.100    -0.410 r  clk25/inst/plle2_adv_inst/CLKOUT0
                         net (fo=1, routed)           0.514     0.104    clk25/inst/clk_out1_clk_wiz_0
    BUFGCTRL_X0Y16       BUFG (Prop_bufg_I_O)         0.026     0.130 r  clk25/inst/clkout1_buf/O
                         net (fo=1332, routed)        0.557     0.687    CPU/MULTDIV/p_high/dff_loop[27].dff/clk_out1
    SLICE_X52Y140        FDRE                                         r  CPU/MULTDIV/p_high/dff_loop[27].dff/q_reg/C
  -------------------------------------------------------------------    -------------------
    SLICE_X52Y140        FDRE (Prop_fdre_C_Q)         0.141     0.828 r  CPU/MULTDIV/p_high/dff_loop[27].dff/q_reg/Q
                         net (fo=7, routed)           0.158     0.986    CPU/MULTDIV/p_high/dff_loop[27].dff/q_reg_0
    SLICE_X54Y141        LUT6 (Prop_lut6_I0_O)        0.045     1.031 r  CPU/MULTDIV/p_high/dff_loop[27].dff/q_i_1__62/O
                         net (fo=1, routed)           0.000     1.031    CPU/MULTDIV/p_high/dff_loop[26].dff/q_reg_4
    SLICE_X54Y141        FDRE                                         r  CPU/MULTDIV/p_high/dff_loop[26].dff/q_reg/D
  -------------------------------------------------------------------    -------------------

                         (clock clk_out1_clk_wiz_0_1 rise edge)
                                                      0.000     0.000 r  
    E3                                                0.000     0.000 r  clk_100mhz (IN)
                         net (fo=0)                   0.000     0.000    clk25/inst/clk_in1
    E3                   IBUF (Prop_ibuf_I_O)         0.438     0.438 r  clk25/inst/clkin1_ibufg/O
                         net (fo=1, routed)           0.481     0.919    clk25/inst/clk_in1_clk_wiz_0
    PLLE2_ADV_X1Y2       PLLE2_ADV (Prop_plle2_adv_CLKIN1_CLKOUT0)
                                                     -1.417    -0.498 r  clk25/inst/plle2_adv_inst/CLKOUT0
                         net (fo=1, routed)           0.560     0.061    clk25/inst/clk_out1_clk_wiz_0
    BUFGCTRL_X0Y16       BUFG (Prop_bufg_I_O)         0.029     0.090 r  clk25/inst/clkout1_buf/O
                         net (fo=1332, routed)        0.826     0.917    CPU/MULTDIV/p_high/dff_loop[26].dff/clk_out1
    SLICE_X54Y141        FDRE                                         r  CPU/MULTDIV/p_high/dff_loop[26].dff/q_reg/C
                         clock pessimism             -0.214     0.703    
    SLICE_X54Y141        FDRE (Hold_fdre_C_D)         0.120     0.823    CPU/MULTDIV/p_high/dff_loop[26].dff/q_reg
  -------------------------------------------------------------------
                         required time                         -0.823    
                         arrival time                           1.031    
  -------------------------------------------------------------------
                         slack                                  0.208    

Slack (MET) :             0.210ns  (arrival time - required time)
  Source:                 vga/Display/vPos_reg[3]/C
                            (rising edge-triggered cell FDCE clocked by clk_out1_clk_wiz_0_1  {rise@0.000ns fall@20.000ns period=40.000ns})
  Destination:            vga/Display/vPos_reg[4]/D
                            (rising edge-triggered cell FDCE clocked by clk_out1_clk_wiz_0_1  {rise@0.000ns fall@20.000ns period=40.000ns})
  Path Group:             clk_out1_clk_wiz_0_1
  Path Type:              Hold (Min at Fast Process Corner)
  Requirement:            0.000ns  (clk_out1_clk_wiz_0_1 rise@0.000ns - clk_out1_clk_wiz_0_1 rise@0.000ns)
  Data Path Delay:        0.315ns  (logic 0.209ns (66.277%)  route 0.106ns (33.723%))
  Logic Levels:           1  (LUT5=1)
  Clock Path Skew:        0.013ns (DCD - SCD - CPR)
    Destination Clock Delay (DCD):    0.911ns
    Source Clock Delay      (SCD):    0.683ns
    Clock Pessimism Removal (CPR):    0.215ns

    Location             Delay type                Incr(ns)  Path(ns)    Netlist Resource(s)
  -------------------------------------------------------------------    -------------------
                         (clock clk_out1_clk_wiz_0_1 rise edge)
                                                      0.000     0.000 r  
    E3                                                0.000     0.000 r  clk_100mhz (IN)
                         net (fo=0)                   0.000     0.000    clk25/inst/clk_in1
    E3                   IBUF (Prop_ibuf_I_O)         0.250     0.250 r  clk25/inst/clkin1_ibufg/O
                         net (fo=1, routed)           0.440     0.690    clk25/inst/clk_in1_clk_wiz_0
    PLLE2_ADV_X1Y2       PLLE2_ADV (Prop_plle2_adv_CLKIN1_CLKOUT0)
                                                     -1.100    -0.410 r  clk25/inst/plle2_adv_inst/CLKOUT0
                         net (fo=1, routed)           0.514     0.104    clk25/inst/clk_out1_clk_wiz_0
    BUFGCTRL_X0Y16       BUFG (Prop_bufg_I_O)         0.026     0.130 r  clk25/inst/clkout1_buf/O
                         net (fo=1332, routed)        0.553     0.683    vga/Display/clk_out1
    SLICE_X30Y123        FDCE                                         r  vga/Display/vPos_reg[3]/C
  -------------------------------------------------------------------    -------------------
    SLICE_X30Y123        FDCE (Prop_fdce_C_Q)         0.164     0.847 r  vga/Display/vPos_reg[3]/Q
                         net (fo=9, routed)           0.106     0.953    vga/Display/vPos_reg_n_0_[3]
    SLICE_X31Y123        LUT5 (Prop_lut5_I4_O)        0.045     0.998 r  vga/Display/vPos[4]_i_1/O
                         net (fo=1, routed)           0.000     0.998    vga/Display/vPos[4]_i_1_n_0
    SLICE_X31Y123        FDCE                                         r  vga/Display/vPos_reg[4]/D
  -------------------------------------------------------------------    -------------------

                         (clock clk_out1_clk_wiz_0_1 rise edge)
                                                      0.000     0.000 r  
    E3                                                0.000     0.000 r  clk_100mhz (IN)
                         net (fo=0)                   0.000     0.000    clk25/inst/clk_in1
    E3                   IBUF (Prop_ibuf_I_O)         0.438     0.438 r  clk25/inst/clkin1_ibufg/O
                         net (fo=1, routed)           0.481     0.919    clk25/inst/clk_in1_clk_wiz_0
    PLLE2_ADV_X1Y2       PLLE2_ADV (Prop_plle2_adv_CLKIN1_CLKOUT0)
                                                     -1.417    -0.498 r  clk25/inst/plle2_adv_inst/CLKOUT0
                         net (fo=1, routed)           0.560     0.061    clk25/inst/clk_out1_clk_wiz_0
    BUFGCTRL_X0Y16       BUFG (Prop_bufg_I_O)         0.029     0.090 r  clk25/inst/clkout1_buf/O
                         net (fo=1332, routed)        0.821     0.911    vga/Display/clk_out1
    SLICE_X31Y123        FDCE                                         r  vga/Display/vPos_reg[4]/C
                         clock pessimism             -0.215     0.696    
    SLICE_X31Y123        FDCE (Hold_fdce_C_D)         0.092     0.788    vga/Display/vPos_reg[4]
  -------------------------------------------------------------------
                         required time                         -0.788    
                         arrival time                           0.998    
  -------------------------------------------------------------------
                         slack                                  0.210    

Slack (MET) :             0.214ns  (arrival time - required time)
  Source:                 CPU/MULTDIV/p_low/dff_loop[18].dff/q_reg/C
                            (rising edge-triggered cell FDRE clocked by clk_out1_clk_wiz_0_1  {rise@0.000ns fall@20.000ns period=40.000ns})
  Destination:            CPU/MULTDIV/p_low/dff_loop[17].dff/q_reg/D
                            (rising edge-triggered cell FDRE clocked by clk_out1_clk_wiz_0_1  {rise@0.000ns fall@20.000ns period=40.000ns})
  Path Group:             clk_out1_clk_wiz_0_1
  Path Type:              Hold (Min at Fast Process Corner)
  Requirement:            0.000ns  (clk_out1_clk_wiz_0_1 rise@0.000ns - clk_out1_clk_wiz_0_1 rise@0.000ns)
  Data Path Delay:        0.367ns  (logic 0.209ns (56.872%)  route 0.158ns (43.128%))
  Logic Levels:           1  (LUT3=1)
  Clock Path Skew:        0.033ns (DCD - SCD - CPR)
    Destination Clock Delay (DCD):    0.903ns
    Source Clock Delay      (SCD):    0.676ns
    Clock Pessimism Removal (CPR):    0.194ns

    Location             Delay type                Incr(ns)  Path(ns)    Netlist Resource(s)
  -------------------------------------------------------------------    -------------------
                         (clock clk_out1_clk_wiz_0_1 rise edge)
                                                      0.000     0.000 r  
    E3                                                0.000     0.000 r  clk_100mhz (IN)
                         net (fo=0)                   0.000     0.000    clk25/inst/clk_in1
    E3                   IBUF (Prop_ibuf_I_O)         0.250     0.250 r  clk25/inst/clkin1_ibufg/O
                         net (fo=1, routed)           0.440     0.690    clk25/inst/clk_in1_clk_wiz_0
    PLLE2_ADV_X1Y2       PLLE2_ADV (Prop_plle2_adv_CLKIN1_CLKOUT0)
                                                     -1.100    -0.410 r  clk25/inst/plle2_adv_inst/CLKOUT0
                         net (fo=1, routed)           0.514     0.104    clk25/inst/clk_out1_clk_wiz_0
    BUFGCTRL_X0Y16       BUFG (Prop_bufg_I_O)         0.026     0.130 r  clk25/inst/clkout1_buf/O
                         net (fo=1332, routed)        0.546     0.676    CPU/MULTDIV/p_low/dff_loop[18].dff/clk_out1
    SLICE_X56Y125        FDRE                                         r  CPU/MULTDIV/p_low/dff_loop[18].dff/q_reg/C
  -------------------------------------------------------------------    -------------------
    SLICE_X56Y125        FDRE (Prop_fdre_C_Q)         0.164     0.840 r  CPU/MULTDIV/p_low/dff_loop[18].dff/q_reg/Q
                         net (fo=3, routed)           0.158     0.998    CPU/dx_insn_reg/dff_loop[28].dff/p_out_low__0[17]
    SLICE_X54Y126        LUT3 (Prop_lut3_I2_O)        0.045     1.043 r  CPU/dx_insn_reg/dff_loop[28].dff/q_i_1__84/O
                         net (fo=1, routed)           0.000     1.043    CPU/MULTDIV/p_low/dff_loop[17].dff/q_reg_1[0]
    SLICE_X54Y126        FDRE                                         r  CPU/MULTDIV/p_low/dff_loop[17].dff/q_reg/D
  -------------------------------------------------------------------    -------------------

                         (clock clk_out1_clk_wiz_0_1 rise edge)
                                                      0.000     0.000 r  
    E3                                                0.000     0.000 r  clk_100mhz (IN)
                         net (fo=0)                   0.000     0.000    clk25/inst/clk_in1
    E3                   IBUF (Prop_ibuf_I_O)         0.438     0.438 r  clk25/inst/clkin1_ibufg/O
                         net (fo=1, routed)           0.481     0.919    clk25/inst/clk_in1_clk_wiz_0
    PLLE2_ADV_X1Y2       PLLE2_ADV (Prop_plle2_adv_CLKIN1_CLKOUT0)
                                                     -1.417    -0.498 r  clk25/inst/plle2_adv_inst/CLKOUT0
                         net (fo=1, routed)           0.560     0.061    clk25/inst/clk_out1_clk_wiz_0
    BUFGCTRL_X0Y16       BUFG (Prop_bufg_I_O)         0.029     0.090 r  clk25/inst/clkout1_buf/O
                         net (fo=1332, routed)        0.812     0.903    CPU/MULTDIV/p_low/dff_loop[17].dff/clk_out1
    SLICE_X54Y126        FDRE                                         r  CPU/MULTDIV/p_low/dff_loop[17].dff/q_reg/C
                         clock pessimism             -0.194     0.709    
    SLICE_X54Y126        FDRE (Hold_fdre_C_D)         0.120     0.829    CPU/MULTDIV/p_low/dff_loop[17].dff/q_reg
  -------------------------------------------------------------------
                         required time                         -0.829    
                         arrival time                           1.043    
  -------------------------------------------------------------------
                         slack                                  0.214    

Slack (MET) :             0.218ns  (arrival time - required time)
  Source:                 CPU/fd_insn_reg/dff_loop[31].dff/q_reg/C
                            (rising edge-triggered cell FDRE clocked by clk_out1_clk_wiz_0_1'  {rise@0.000ns fall@20.000ns period=40.000ns})
  Destination:            CPU/dx_insn_reg/dff_loop[31].dff/q_reg/D
                            (rising edge-triggered cell FDCE clocked by clk_out1_clk_wiz_0_1'  {rise@0.000ns fall@20.000ns period=40.000ns})
  Path Group:             clk_out1_clk_wiz_0_1
  Path Type:              Hold (Min at Fast Process Corner)
  Requirement:            0.000ns  (clk_out1_clk_wiz_0_1 fall@20.000ns - clk_out1_clk_wiz_0_1 fall@20.000ns)
  Data Path Delay:        0.344ns  (logic 0.186ns (54.093%)  route 0.158ns (45.907%))
  Logic Levels:           1  (LUT5=1)
  Clock Path Skew:        0.035ns (DCD - SCD - CPR)
    Destination Clock Delay (DCD):    2.204ns = ( 22.204 - 20.000 ) 
    Source Clock Delay      (SCD):    1.650ns = ( 21.650 - 20.000 ) 
    Clock Pessimism Removal (CPR):    0.520ns

    Location             Delay type                Incr(ns)  Path(ns)    Netlist Resource(s)
  -------------------------------------------------------------------    -------------------
                         (clock clk_out1_clk_wiz_0_1 fall edge)
                                                     20.000    20.000 f  
    E3                                                0.000    20.000 f  clk_100mhz (IN)
                         net (fo=0)                   0.000    20.000    clk25/inst/clk_in1
    E3                   IBUF (Prop_ibuf_I_O)         0.250    20.250 f  clk25/inst/clkin1_ibufg/O
                         net (fo=1, routed)           0.440    20.690    clk25/inst/clk_in1_clk_wiz_0
    PLLE2_ADV_X1Y2       PLLE2_ADV (Prop_plle2_adv_CLKIN1_CLKOUT0)
                                                     -1.100    19.590 f  clk25/inst/plle2_adv_inst/CLKOUT0
                         net (fo=1, routed)           0.514    20.104    clk25/inst/clk_out1_clk_wiz_0
    BUFGCTRL_X0Y16       BUFG (Prop_bufg_I_O)         0.026    20.130 f  clk25/inst/clkout1_buf/O
                         net (fo=1332, routed)        0.625    20.755    clock
    SLICE_X52Y96         LUT1 (Prop_lut1_I0_O)        0.045    20.800 r  q_reg_i_10/O
                         net (fo=1, routed)           0.266    21.066    q_reg_i_10_n_0
    BUFGCTRL_X0Y0        BUFG (Prop_bufg_I_O)         0.026    21.092 r  q_reg_i_3/O
                         net (fo=377, routed)         0.558    21.650    CPU/fd_insn_reg/dff_loop[31].dff/clk0
    SLICE_X28Y128        FDRE                                         r  CPU/fd_insn_reg/dff_loop[31].dff/q_reg/C
  -------------------------------------------------------------------    -------------------
    SLICE_X28Y128        FDRE (Prop_fdre_C_Q)         0.141    21.791 r  CPU/fd_insn_reg/dff_loop[31].dff/q_reg/Q
                         net (fo=5, routed)           0.158    21.949    CPU/fd_insn_reg/dff_loop[22].dff/fd_insn[3]
    SLICE_X31Y129        LUT5 (Prop_lut5_I4_O)        0.045    21.994 r  CPU/fd_insn_reg/dff_loop[22].dff/q_i_1__371/O
                         net (fo=1, routed)           0.000    21.994    CPU/dx_insn_reg/dff_loop[31].dff/dx_insn_in[0]
    SLICE_X31Y129        FDCE                                         r  CPU/dx_insn_reg/dff_loop[31].dff/q_reg/D
  -------------------------------------------------------------------    -------------------

                         (clock clk_out1_clk_wiz_0_1 fall edge)
                                                     20.000    20.000 f  
    E3                                                0.000    20.000 f  clk_100mhz (IN)
                         net (fo=0)                   0.000    20.000    clk25/inst/clk_in1
    E3                   IBUF (Prop_ibuf_I_O)         0.438    20.438 f  clk25/inst/clkin1_ibufg/O
                         net (fo=1, routed)           0.481    20.919    clk25/inst/clk_in1_clk_wiz_0
    PLLE2_ADV_X1Y2       PLLE2_ADV (Prop_plle2_adv_CLKIN1_CLKOUT0)
                                                     -1.417    19.502 f  clk25/inst/plle2_adv_inst/CLKOUT0
                         net (fo=1, routed)           0.560    20.061    clk25/inst/clk_out1_clk_wiz_0
    BUFGCTRL_X0Y16       BUFG (Prop_bufg_I_O)         0.029    20.090 f  clk25/inst/clkout1_buf/O
                         net (fo=1332, routed)        0.904    20.994    clock
    SLICE_X52Y96         LUT1 (Prop_lut1_I0_O)        0.056    21.050 r  q_reg_i_10/O
                         net (fo=1, routed)           0.299    21.349    q_reg_i_10_n_0
    BUFGCTRL_X0Y0        BUFG (Prop_bufg_I_O)         0.029    21.378 r  q_reg_i_3/O
                         net (fo=377, routed)         0.826    22.204    CPU/dx_insn_reg/dff_loop[31].dff/clk0
    SLICE_X31Y129        FDCE                                         r  CPU/dx_insn_reg/dff_loop[31].dff/q_reg/C
                         clock pessimism             -0.520    21.685    
    SLICE_X31Y129        FDCE (Hold_fdce_C_D)         0.091    21.776    CPU/dx_insn_reg/dff_loop[31].dff/q_reg
  -------------------------------------------------------------------
                         required time                        -21.776    
                         arrival time                          21.994    
  -------------------------------------------------------------------
                         slack                                  0.218    

Slack (MET) :             0.220ns  (arrival time - required time)
  Source:                 CPU/fd_pc_plus1_reg/dff_loop[15].dff/q_reg/C
                            (rising edge-triggered cell FDCE clocked by clk_out1_clk_wiz_0_1'  {rise@0.000ns fall@20.000ns period=40.000ns})
  Destination:            CPU/dx_pc_plus1_reg/dff_loop[15].dff/q_reg/D
                            (rising edge-triggered cell FDCE clocked by clk_out1_clk_wiz_0_1'  {rise@0.000ns fall@20.000ns period=40.000ns})
  Path Group:             clk_out1_clk_wiz_0_1
  Path Type:              Hold (Min at Fast Process Corner)
  Requirement:            0.000ns  (clk_out1_clk_wiz_0_1 fall@20.000ns - clk_out1_clk_wiz_0_1 fall@20.000ns)
  Data Path Delay:        0.322ns  (logic 0.186ns (57.733%)  route 0.136ns (42.267%))
  Logic Levels:           1  (LUT5=1)
  Clock Path Skew:        0.011ns (DCD - SCD - CPR)
    Destination Clock Delay (DCD):    2.198ns = ( 22.198 - 20.000 ) 
    Source Clock Delay      (SCD):    1.646ns = ( 21.646 - 20.000 ) 
    Clock Pessimism Removal (CPR):    0.542ns

    Location             Delay type                Incr(ns)  Path(ns)    Netlist Resource(s)
  -------------------------------------------------------------------    -------------------
                         (clock clk_out1_clk_wiz_0_1 fall edge)
                                                     20.000    20.000 f  
    E3                                                0.000    20.000 f  clk_100mhz (IN)
                         net (fo=0)                   0.000    20.000    clk25/inst/clk_in1
    E3                   IBUF (Prop_ibuf_I_O)         0.250    20.250 f  clk25/inst/clkin1_ibufg/O
                         net (fo=1, routed)           0.440    20.690    clk25/inst/clk_in1_clk_wiz_0
    PLLE2_ADV_X1Y2       PLLE2_ADV (Prop_plle2_adv_CLKIN1_CLKOUT0)
                                                     -1.100    19.590 f  clk25/inst/plle2_adv_inst/CLKOUT0
                         net (fo=1, routed)           0.514    20.104    clk25/inst/clk_out1_clk_wiz_0
    BUFGCTRL_X0Y16       BUFG (Prop_bufg_I_O)         0.026    20.130 f  clk25/inst/clkout1_buf/O
                         net (fo=1332, routed)        0.625    20.755    clock
    SLICE_X52Y96         LUT1 (Prop_lut1_I0_O)        0.045    20.800 r  q_reg_i_10/O
                         net (fo=1, routed)           0.266    21.066    q_reg_i_10_n_0
    BUFGCTRL_X0Y0        BUFG (Prop_bufg_I_O)         0.026    21.092 r  q_reg_i_3/O
                         net (fo=377, routed)         0.554    21.646    CPU/fd_pc_plus1_reg/dff_loop[15].dff/clk0
    SLICE_X41Y127        FDCE                                         r  CPU/fd_pc_plus1_reg/dff_loop[15].dff/q_reg/C
  -------------------------------------------------------------------    -------------------
    SLICE_X41Y127        FDCE (Prop_fdce_C_Q)         0.141    21.787 r  CPU/fd_pc_plus1_reg/dff_loop[15].dff/q_reg/Q
                         net (fo=1, routed)           0.136    21.923    CPU/fd_insn_reg/dff_loop[22].dff/q_reg_47
    SLICE_X41Y126        LUT5 (Prop_lut5_I4_O)        0.045    21.968 r  CPU/fd_insn_reg/dff_loop[22].dff/q_i_1__418/O
                         net (fo=1, routed)           0.000    21.968    CPU/dx_pc_plus1_reg/dff_loop[15].dff/dx_pc_plus1_in[0]
    SLICE_X41Y126        FDCE                                         r  CPU/dx_pc_plus1_reg/dff_loop[15].dff/q_reg/D
  -------------------------------------------------------------------    -------------------

                         (clock clk_out1_clk_wiz_0_1 fall edge)
                                                     20.000    20.000 f  
    E3                                                0.000    20.000 f  clk_100mhz (IN)
                         net (fo=0)                   0.000    20.000    clk25/inst/clk_in1
    E3                   IBUF (Prop_ibuf_I_O)         0.438    20.438 f  clk25/inst/clkin1_ibufg/O
                         net (fo=1, routed)           0.481    20.919    clk25/inst/clk_in1_clk_wiz_0
    PLLE2_ADV_X1Y2       PLLE2_ADV (Prop_plle2_adv_CLKIN1_CLKOUT0)
                                                     -1.417    19.502 f  clk25/inst/plle2_adv_inst/CLKOUT0
                         net (fo=1, routed)           0.560    20.061    clk25/inst/clk_out1_clk_wiz_0
    BUFGCTRL_X0Y16       BUFG (Prop_bufg_I_O)         0.029    20.090 f  clk25/inst/clkout1_buf/O
                         net (fo=1332, routed)        0.904    20.994    clock
    SLICE_X52Y96         LUT1 (Prop_lut1_I0_O)        0.056    21.050 r  q_reg_i_10/O
                         net (fo=1, routed)           0.299    21.349    q_reg_i_10_n_0
    BUFGCTRL_X0Y0        BUFG (Prop_bufg_I_O)         0.029    21.378 r  q_reg_i_3/O
                         net (fo=377, routed)         0.821    22.198    CPU/dx_pc_plus1_reg/dff_loop[15].dff/clk0
    SLICE_X41Y126        FDCE                                         r  CPU/dx_pc_plus1_reg/dff_loop[15].dff/q_reg/C
                         clock pessimism             -0.542    21.657    
    SLICE_X41Y126        FDCE (Hold_fdce_C_D)         0.091    21.748    CPU/dx_pc_plus1_reg/dff_loop[15].dff/q_reg
  -------------------------------------------------------------------
                         required time                        -21.748    
                         arrival time                          21.968    
  -------------------------------------------------------------------
                         slack                                  0.220    

Slack (MET) :             0.222ns  (arrival time - required time)
  Source:                 CPU/PC_reg/dff_loop[17].dff/q_reg/C
                            (rising edge-triggered cell FDCE clocked by clk_out1_clk_wiz_0_1'  {rise@0.000ns fall@20.000ns period=40.000ns})
  Destination:            CPU/fd_pc_plus1_reg/dff_loop[17].dff/q_reg/D
                            (rising edge-triggered cell FDCE clocked by clk_out1_clk_wiz_0_1'  {rise@0.000ns fall@20.000ns period=40.000ns})
  Path Group:             clk_out1_clk_wiz_0_1
  Path Type:              Hold (Min at Fast Process Corner)
  Requirement:            0.000ns  (clk_out1_clk_wiz_0_1 fall@20.000ns - clk_out1_clk_wiz_0_1 fall@20.000ns)
  Data Path Delay:        0.326ns  (logic 0.209ns (64.207%)  route 0.117ns (35.793%))
  Logic Levels:           1  (LUT4=1)
  Clock Path Skew:        0.013ns (DCD - SCD - CPR)
    Destination Clock Delay (DCD):    2.202ns = ( 22.202 - 20.000 ) 
    Source Clock Delay      (SCD):    1.648ns = ( 21.648 - 20.000 ) 
    Clock Pessimism Removal (CPR):    0.542ns

    Location             Delay type                Incr(ns)  Path(ns)    Netlist Resource(s)
  -------------------------------------------------------------------    -------------------
                         (clock clk_out1_clk_wiz_0_1 fall edge)
                                                     20.000    20.000 f  
    E3                                                0.000    20.000 f  clk_100mhz (IN)
                         net (fo=0)                   0.000    20.000    clk25/inst/clk_in1
    E3                   IBUF (Prop_ibuf_I_O)         0.250    20.250 f  clk25/inst/clkin1_ibufg/O
                         net (fo=1, routed)           0.440    20.690    clk25/inst/clk_in1_clk_wiz_0
    PLLE2_ADV_X1Y2       PLLE2_ADV (Prop_plle2_adv_CLKIN1_CLKOUT0)
                                                     -1.100    19.590 f  clk25/inst/plle2_adv_inst/CLKOUT0
                         net (fo=1, routed)           0.514    20.104    clk25/inst/clk_out1_clk_wiz_0
    BUFGCTRL_X0Y16       BUFG (Prop_bufg_I_O)         0.026    20.130 f  clk25/inst/clkout1_buf/O
                         net (fo=1332, routed)        0.625    20.755    clock
    SLICE_X52Y96         LUT1 (Prop_lut1_I0_O)        0.045    20.800 r  q_reg_i_10/O
                         net (fo=1, routed)           0.266    21.066    q_reg_i_10_n_0
    BUFGCTRL_X0Y0        BUFG (Prop_bufg_I_O)         0.026    21.092 r  q_reg_i_3/O
                         net (fo=377, routed)         0.556    21.648    CPU/PC_reg/dff_loop[17].dff/clk0
    SLICE_X34Y128        FDCE                                         r  CPU/PC_reg/dff_loop[17].dff/q_reg/C
  -------------------------------------------------------------------    -------------------
    SLICE_X34Y128        FDCE (Prop_fdce_C_Q)         0.164    21.812 r  CPU/PC_reg/dff_loop[17].dff/q_reg/Q
                         net (fo=7, routed)           0.117    21.928    CPU/PC_reg/dff_loop[16].dff/q_reg_4
    SLICE_X35Y128        LUT4 (Prop_lut4_I2_O)        0.045    21.973 r  CPU/PC_reg/dff_loop[16].dff/q_i_1__296/O
                         net (fo=1, routed)           0.000    21.973    CPU/fd_pc_plus1_reg/dff_loop[17].dff/q_reg_2
    SLICE_X35Y128        FDCE                                         r  CPU/fd_pc_plus1_reg/dff_loop[17].dff/q_reg/D
  -------------------------------------------------------------------    -------------------

                         (clock clk_out1_clk_wiz_0_1 fall edge)
                                                     20.000    20.000 f  
    E3                                                0.000    20.000 f  clk_100mhz (IN)
                         net (fo=0)                   0.000    20.000    clk25/inst/clk_in1
    E3                   IBUF (Prop_ibuf_I_O)         0.438    20.438 f  clk25/inst/clkin1_ibufg/O
                         net (fo=1, routed)           0.481    20.919    clk25/inst/clk_in1_clk_wiz_0
    PLLE2_ADV_X1Y2       PLLE2_ADV (Prop_plle2_adv_CLKIN1_CLKOUT0)
                                                     -1.417    19.502 f  clk25/inst/plle2_adv_inst/CLKOUT0
                         net (fo=1, routed)           0.560    20.061    clk25/inst/clk_out1_clk_wiz_0
    BUFGCTRL_X0Y16       BUFG (Prop_bufg_I_O)         0.029    20.090 f  clk25/inst/clkout1_buf/O
                         net (fo=1332, routed)        0.904    20.994    clock
    SLICE_X52Y96         LUT1 (Prop_lut1_I0_O)        0.056    21.050 r  q_reg_i_10/O
                         net (fo=1, routed)           0.299    21.349    q_reg_i_10_n_0
    BUFGCTRL_X0Y0        BUFG (Prop_bufg_I_O)         0.029    21.378 r  q_reg_i_3/O
                         net (fo=377, routed)         0.825    22.202    CPU/fd_pc_plus1_reg/dff_loop[17].dff/clk0
    SLICE_X35Y128        FDCE                                         r  CPU/fd_pc_plus1_reg/dff_loop[17].dff/q_reg/C
                         clock pessimism             -0.542    21.661    
    SLICE_X35Y128        FDCE (Hold_fdce_C_D)         0.091    21.752    CPU/fd_pc_plus1_reg/dff_loop[17].dff/q_reg
  -------------------------------------------------------------------
                         required time                        -21.752    
                         arrival time                          21.973    
  -------------------------------------------------------------------
                         slack                                  0.222    

Slack (MET) :             0.222ns  (arrival time - required time)
  Source:                 CPU/PC_reg/dff_loop[17].dff/q_reg/C
                            (rising edge-triggered cell FDCE clocked by clk_out1_clk_wiz_0_1'  {rise@0.000ns fall@20.000ns period=40.000ns})
  Destination:            CPU/fd_pc_plus1_reg/dff_loop[18].dff/q_reg/D
                            (rising edge-triggered cell FDCE clocked by clk_out1_clk_wiz_0_1'  {rise@0.000ns fall@20.000ns period=40.000ns})
  Path Group:             clk_out1_clk_wiz_0_1
  Path Type:              Hold (Min at Fast Process Corner)
  Requirement:            0.000ns  (clk_out1_clk_wiz_0_1 fall@20.000ns - clk_out1_clk_wiz_0_1 fall@20.000ns)
  Data Path Delay:        0.327ns  (logic 0.209ns (64.010%)  route 0.118ns (35.990%))
  Logic Levels:           1  (LUT5=1)
  Clock Path Skew:        0.013ns (DCD - SCD - CPR)
    Destination Clock Delay (DCD):    2.202ns = ( 22.202 - 20.000 ) 
    Source Clock Delay      (SCD):    1.648ns = ( 21.648 - 20.000 ) 
    Clock Pessimism Removal (CPR):    0.542ns

    Location             Delay type                Incr(ns)  Path(ns)    Netlist Resource(s)
  -------------------------------------------------------------------    -------------------
                         (clock clk_out1_clk_wiz_0_1 fall edge)
                                                     20.000    20.000 f  
    E3                                                0.000    20.000 f  clk_100mhz (IN)
                         net (fo=0)                   0.000    20.000    clk25/inst/clk_in1
    E3                   IBUF (Prop_ibuf_I_O)         0.250    20.250 f  clk25/inst/clkin1_ibufg/O
                         net (fo=1, routed)           0.440    20.690    clk25/inst/clk_in1_clk_wiz_0
    PLLE2_ADV_X1Y2       PLLE2_ADV (Prop_plle2_adv_CLKIN1_CLKOUT0)
                                                     -1.100    19.590 f  clk25/inst/plle2_adv_inst/CLKOUT0
                         net (fo=1, routed)           0.514    20.104    clk25/inst/clk_out1_clk_wiz_0
    BUFGCTRL_X0Y16       BUFG (Prop_bufg_I_O)         0.026    20.130 f  clk25/inst/clkout1_buf/O
                         net (fo=1332, routed)        0.625    20.755    clock
    SLICE_X52Y96         LUT1 (Prop_lut1_I0_O)        0.045    20.800 r  q_reg_i_10/O
                         net (fo=1, routed)           0.266    21.066    q_reg_i_10_n_0
    BUFGCTRL_X0Y0        BUFG (Prop_bufg_I_O)         0.026    21.092 r  q_reg_i_3/O
                         net (fo=377, routed)         0.556    21.648    CPU/PC_reg/dff_loop[17].dff/clk0
    SLICE_X34Y128        FDCE                                         r  CPU/PC_reg/dff_loop[17].dff/q_reg/C
  -------------------------------------------------------------------    -------------------
    SLICE_X34Y128        FDCE (Prop_fdce_C_Q)         0.164    21.812 r  CPU/PC_reg/dff_loop[17].dff/q_reg/Q
                         net (fo=7, routed)           0.118    21.929    CPU/PC_reg/dff_loop[17].dff/q_reg_0
    SLICE_X35Y128        LUT5 (Prop_lut5_I0_O)        0.045    21.974 r  CPU/PC_reg/dff_loop[17].dff/q_i_1__297/O
                         net (fo=1, routed)           0.000    21.974    CPU/fd_pc_plus1_reg/dff_loop[18].dff/q_reg_2
    SLICE_X35Y128        FDCE                                         r  CPU/fd_pc_plus1_reg/dff_loop[18].dff/q_reg/D
  -------------------------------------------------------------------    -------------------

                         (clock clk_out1_clk_wiz_0_1 fall edge)
                                                     20.000    20.000 f  
    E3                                                0.000    20.000 f  clk_100mhz (IN)
                         net (fo=0)                   0.000    20.000    clk25/inst/clk_in1
    E3                   IBUF (Prop_ibuf_I_O)         0.438    20.438 f  clk25/inst/clkin1_ibufg/O
                         net (fo=1, routed)           0.481    20.919    clk25/inst/clk_in1_clk_wiz_0
    PLLE2_ADV_X1Y2       PLLE2_ADV (Prop_plle2_adv_CLKIN1_CLKOUT0)
                                                     -1.417    19.502 f  clk25/inst/plle2_adv_inst/CLKOUT0
                         net (fo=1, routed)           0.560    20.061    clk25/inst/clk_out1_clk_wiz_0
    BUFGCTRL_X0Y16       BUFG (Prop_bufg_I_O)         0.029    20.090 f  clk25/inst/clkout1_buf/O
                         net (fo=1332, routed)        0.904    20.994    clock
    SLICE_X52Y96         LUT1 (Prop_lut1_I0_O)        0.056    21.050 r  q_reg_i_10/O
                         net (fo=1, routed)           0.299    21.349    q_reg_i_10_n_0
    BUFGCTRL_X0Y0        BUFG (Prop_bufg_I_O)         0.029    21.378 r  q_reg_i_3/O
                         net (fo=377, routed)         0.825    22.202    CPU/fd_pc_plus1_reg/dff_loop[18].dff/clk0
    SLICE_X35Y128        FDCE                                         r  CPU/fd_pc_plus1_reg/dff_loop[18].dff/q_reg/C
                         clock pessimism             -0.542    21.661    
    SLICE_X35Y128        FDCE (Hold_fdce_C_D)         0.092    21.753    CPU/fd_pc_plus1_reg/dff_loop[18].dff/q_reg
  -------------------------------------------------------------------
                         required time                        -21.753    
                         arrival time                          21.974    
  -------------------------------------------------------------------
                         slack                                  0.222    

Slack (MET) :             0.224ns  (arrival time - required time)
  Source:                 CPU/fd_pc_plus1_reg/dff_loop[12].dff/q_reg/C
                            (rising edge-triggered cell FDCE clocked by clk_out1_clk_wiz_0_1'  {rise@0.000ns fall@20.000ns period=40.000ns})
  Destination:            CPU/dx_pc_plus1_reg/dff_loop[12].dff/q_reg/D
                            (rising edge-triggered cell FDCE clocked by clk_out1_clk_wiz_0_1'  {rise@0.000ns fall@20.000ns period=40.000ns})
  Path Group:             clk_out1_clk_wiz_0_1
  Path Type:              Hold (Min at Fast Process Corner)
  Requirement:            0.000ns  (clk_out1_clk_wiz_0_1 fall@20.000ns - clk_out1_clk_wiz_0_1 fall@20.000ns)
  Data Path Delay:        0.328ns  (logic 0.186ns (56.719%)  route 0.142ns (43.282%))
  Logic Levels:           1  (LUT5=1)
  Clock Path Skew:        0.013ns (DCD - SCD - CPR)
    Destination Clock Delay (DCD):    2.197ns = ( 22.197 - 20.000 ) 
    Source Clock Delay      (SCD):    1.643ns = ( 21.643 - 20.000 ) 
    Clock Pessimism Removal (CPR):    0.542ns

    Location             Delay type                Incr(ns)  Path(ns)    Netlist Resource(s)
  -------------------------------------------------------------------    -------------------
                         (clock clk_out1_clk_wiz_0_1 fall edge)
                                                     20.000    20.000 f  
    E3                                                0.000    20.000 f  clk_100mhz (IN)
                         net (fo=0)                   0.000    20.000    clk25/inst/clk_in1
    E3                   IBUF (Prop_ibuf_I_O)         0.250    20.250 f  clk25/inst/clkin1_ibufg/O
                         net (fo=1, routed)           0.440    20.690    clk25/inst/clk_in1_clk_wiz_0
    PLLE2_ADV_X1Y2       PLLE2_ADV (Prop_plle2_adv_CLKIN1_CLKOUT0)
                                                     -1.100    19.590 f  clk25/inst/plle2_adv_inst/CLKOUT0
                         net (fo=1, routed)           0.514    20.104    clk25/inst/clk_out1_clk_wiz_0
    BUFGCTRL_X0Y16       BUFG (Prop_bufg_I_O)         0.026    20.130 f  clk25/inst/clkout1_buf/O
                         net (fo=1332, routed)        0.625    20.755    clock
    SLICE_X52Y96         LUT1 (Prop_lut1_I0_O)        0.045    20.800 r  q_reg_i_10/O
                         net (fo=1, routed)           0.266    21.066    q_reg_i_10_n_0
    BUFGCTRL_X0Y0        BUFG (Prop_bufg_I_O)         0.026    21.092 r  q_reg_i_3/O
                         net (fo=377, routed)         0.551    21.643    CPU/fd_pc_plus1_reg/dff_loop[12].dff/clk0
    SLICE_X39Y124        FDCE                                         r  CPU/fd_pc_plus1_reg/dff_loop[12].dff/q_reg/C
  -------------------------------------------------------------------    -------------------
    SLICE_X39Y124        FDCE (Prop_fdce_C_Q)         0.141    21.784 r  CPU/fd_pc_plus1_reg/dff_loop[12].dff/q_reg/Q
                         net (fo=1, routed)           0.142    21.926    CPU/fd_insn_reg/dff_loop[22].dff/q_reg_50
    SLICE_X40Y124        LUT5 (Prop_lut5_I4_O)        0.045    21.971 r  CPU/fd_insn_reg/dff_loop[22].dff/q_i_1__421/O
                         net (fo=1, routed)           0.000    21.971    CPU/dx_pc_plus1_reg/dff_loop[12].dff/dx_pc_plus1_in[0]
    SLICE_X40Y124        FDCE                                         r  CPU/dx_pc_plus1_reg/dff_loop[12].dff/q_reg/D
  -------------------------------------------------------------------    -------------------

                         (clock clk_out1_clk_wiz_0_1 fall edge)
                                                     20.000    20.000 f  
    E3                                                0.000    20.000 f  clk_100mhz (IN)
                         net (fo=0)                   0.000    20.000    clk25/inst/clk_in1
    E3                   IBUF (Prop_ibuf_I_O)         0.438    20.438 f  clk25/inst/clkin1_ibufg/O
                         net (fo=1, routed)           0.481    20.919    clk25/inst/clk_in1_clk_wiz_0
    PLLE2_ADV_X1Y2       PLLE2_ADV (Prop_plle2_adv_CLKIN1_CLKOUT0)
                                                     -1.417    19.502 f  clk25/inst/plle2_adv_inst/CLKOUT0
                         net (fo=1, routed)           0.560    20.061    clk25/inst/clk_out1_clk_wiz_0
    BUFGCTRL_X0Y16       BUFG (Prop_bufg_I_O)         0.029    20.090 f  clk25/inst/clkout1_buf/O
                         net (fo=1332, routed)        0.904    20.994    clock
    SLICE_X52Y96         LUT1 (Prop_lut1_I0_O)        0.056    21.050 r  q_reg_i_10/O
                         net (fo=1, routed)           0.299    21.349    q_reg_i_10_n_0
    BUFGCTRL_X0Y0        BUFG (Prop_bufg_I_O)         0.029    21.378 r  q_reg_i_3/O
                         net (fo=377, routed)         0.820    22.197    CPU/dx_pc_plus1_reg/dff_loop[12].dff/clk0
    SLICE_X40Y124        FDCE                                         r  CPU/dx_pc_plus1_reg/dff_loop[12].dff/q_reg/C
                         clock pessimism             -0.542    21.656    
    SLICE_X40Y124        FDCE (Hold_fdce_C_D)         0.091    21.747    CPU/dx_pc_plus1_reg/dff_loop[12].dff/q_reg
  -------------------------------------------------------------------
                         required time                        -21.747    
                         arrival time                          21.971    
  -------------------------------------------------------------------
                         slack                                  0.224    

Slack (MET) :             0.224ns  (arrival time - required time)
  Source:                 vga/Display/hPos_reg[7]/C
                            (rising edge-triggered cell FDCE clocked by clk_out1_clk_wiz_0_1  {rise@0.000ns fall@20.000ns period=40.000ns})
  Destination:            vga/active_prev_reg/D
                            (rising edge-triggered cell FDRE clocked by clk_out1_clk_wiz_0_1  {rise@0.000ns fall@20.000ns period=40.000ns})
  Path Group:             clk_out1_clk_wiz_0_1
  Path Type:              Hold (Min at Fast Process Corner)
  Requirement:            0.000ns  (clk_out1_clk_wiz_0_1 rise@0.000ns - clk_out1_clk_wiz_0_1 rise@0.000ns)
  Data Path Delay:        0.328ns  (logic 0.186ns (56.653%)  route 0.142ns (43.347%))
  Logic Levels:           1  (LUT5=1)
  Clock Path Skew:        0.013ns (DCD - SCD - CPR)
    Destination Clock Delay (DCD):    0.911ns
    Source Clock Delay      (SCD):    0.683ns
    Clock Pessimism Removal (CPR):    0.215ns

    Location             Delay type                Incr(ns)  Path(ns)    Netlist Resource(s)
  -------------------------------------------------------------------    -------------------
                         (clock clk_out1_clk_wiz_0_1 rise edge)
                                                      0.000     0.000 r  
    E3                                                0.000     0.000 r  clk_100mhz (IN)
                         net (fo=0)                   0.000     0.000    clk25/inst/clk_in1
    E3                   IBUF (Prop_ibuf_I_O)         0.250     0.250 r  clk25/inst/clkin1_ibufg/O
                         net (fo=1, routed)           0.440     0.690    clk25/inst/clk_in1_clk_wiz_0
    PLLE2_ADV_X1Y2       PLLE2_ADV (Prop_plle2_adv_CLKIN1_CLKOUT0)
                                                     -1.100    -0.410 r  clk25/inst/plle2_adv_inst/CLKOUT0
                         net (fo=1, routed)           0.514     0.104    clk25/inst/clk_out1_clk_wiz_0
    BUFGCTRL_X0Y16       BUFG (Prop_bufg_I_O)         0.026     0.130 r  clk25/inst/clkout1_buf/O
                         net (fo=1332, routed)        0.553     0.683    vga/Display/clk_out1
    SLICE_X33Y123        FDCE                                         r  vga/Display/hPos_reg[7]/C
  -------------------------------------------------------------------    -------------------
    SLICE_X33Y123        FDCE (Prop_fdce_C_Q)         0.141     0.824 f  vga/Display/hPos_reg[7]/Q
                         net (fo=10, routed)          0.142     0.966    vga/Display/hPos_reg_n_0_[7]
    SLICE_X32Y123        LUT5 (Prop_lut5_I2_O)        0.045     1.011 r  vga/Display/active_prev_i_1/O
                         net (fo=1, routed)           0.000     1.011    vga/active
    SLICE_X32Y123        FDRE                                         r  vga/active_prev_reg/D
  -------------------------------------------------------------------    -------------------

                         (clock clk_out1_clk_wiz_0_1 rise edge)
                                                      0.000     0.000 r  
    E3                                                0.000     0.000 r  clk_100mhz (IN)
                         net (fo=0)                   0.000     0.000    clk25/inst/clk_in1
    E3                   IBUF (Prop_ibuf_I_O)         0.438     0.438 r  clk25/inst/clkin1_ibufg/O
                         net (fo=1, routed)           0.481     0.919    clk25/inst/clk_in1_clk_wiz_0
    PLLE2_ADV_X1Y2       PLLE2_ADV (Prop_plle2_adv_CLKIN1_CLKOUT0)
                                                     -1.417    -0.498 r  clk25/inst/plle2_adv_inst/CLKOUT0
                         net (fo=1, routed)           0.560     0.061    clk25/inst/clk_out1_clk_wiz_0
    BUFGCTRL_X0Y16       BUFG (Prop_bufg_I_O)         0.029     0.090 r  clk25/inst/clkout1_buf/O
                         net (fo=1332, routed)        0.821     0.911    vga/clk_out1
    SLICE_X32Y123        FDRE                                         r  vga/active_prev_reg/C
                         clock pessimism             -0.215     0.696    
    SLICE_X32Y123        FDRE (Hold_fdre_C_D)         0.091     0.787    vga/active_prev_reg
  -------------------------------------------------------------------
                         required time                         -0.787    
                         arrival time                           1.011    
  -------------------------------------------------------------------
                         slack                                  0.224    

Slack (MET) :             0.231ns  (arrival time - required time)
  Source:                 CPU/MULTDIV/count_reg/dff_loop[2].dff/q_reg/C
                            (rising edge-triggered cell FDRE clocked by clk_out1_clk_wiz_0_1  {rise@0.000ns fall@20.000ns period=40.000ns})
  Destination:            CPU/MULTDIV/count_reg/dff_loop[5].dff/q_reg/D
                            (rising edge-triggered cell FDRE clocked by clk_out1_clk_wiz_0_1  {rise@0.000ns fall@20.000ns period=40.000ns})
  Path Group:             clk_out1_clk_wiz_0_1
  Path Type:              Hold (Min at Fast Process Corner)
  Requirement:            0.000ns  (clk_out1_clk_wiz_0_1 rise@0.000ns - clk_out1_clk_wiz_0_1 rise@0.000ns)
  Data Path Delay:        0.335ns  (logic 0.186ns (55.512%)  route 0.149ns (44.488%))
  Logic Levels:           1  (LUT6=1)
  Clock Path Skew:        0.013ns (DCD - SCD - CPR)
    Destination Clock Delay (DCD):    0.919ns
    Source Clock Delay      (SCD):    0.688ns
    Clock Pessimism Removal (CPR):    0.218ns

    Location             Delay type                Incr(ns)  Path(ns)    Netlist Resource(s)
  -------------------------------------------------------------------    -------------------
                         (clock clk_out1_clk_wiz_0_1 rise edge)
                                                      0.000     0.000 r  
    E3                                                0.000     0.000 r  clk_100mhz (IN)
                         net (fo=0)                   0.000     0.000    clk25/inst/clk_in1
    E3                   IBUF (Prop_ibuf_I_O)         0.250     0.250 r  clk25/inst/clkin1_ibufg/O
                         net (fo=1, routed)           0.440     0.690    clk25/inst/clk_in1_clk_wiz_0
    PLLE2_ADV_X1Y2       PLLE2_ADV (Prop_plle2_adv_CLKIN1_CLKOUT0)
                                                     -1.100    -0.410 r  clk25/inst/plle2_adv_inst/CLKOUT0
                         net (fo=1, routed)           0.514     0.104    clk25/inst/clk_out1_clk_wiz_0
    BUFGCTRL_X0Y16       BUFG (Prop_bufg_I_O)         0.026     0.130 r  clk25/inst/clkout1_buf/O
                         net (fo=1332, routed)        0.558     0.688    CPU/MULTDIV/count_reg/dff_loop[2].dff/clk_out1
    SLICE_X48Y139        FDRE                                         r  CPU/MULTDIV/count_reg/dff_loop[2].dff/q_reg/C
  -------------------------------------------------------------------    -------------------
    SLICE_X48Y139        FDRE (Prop_fdre_C_Q)         0.141     0.829 r  CPU/MULTDIV/count_reg/dff_loop[2].dff/q_reg/Q
                         net (fo=4, routed)           0.149     0.978    CPU/MULTDIV/count_reg/dff_loop[5].dff/q_reg_7[1]
    SLICE_X49Y139        LUT6 (Prop_lut6_I1_O)        0.045     1.023 r  CPU/MULTDIV/count_reg/dff_loop[5].dff/q_i_1__320/O
                         net (fo=1, routed)           0.000     1.023    CPU/MULTDIV/count_reg/dff_loop[5].dff/q_i_1__320_n_0
    SLICE_X49Y139        FDRE                                         r  CPU/MULTDIV/count_reg/dff_loop[5].dff/q_reg/D
  -------------------------------------------------------------------    -------------------

                         (clock clk_out1_clk_wiz_0_1 rise edge)
                                                      0.000     0.000 r  
    E3                                                0.000     0.000 r  clk_100mhz (IN)
                         net (fo=0)                   0.000     0.000    clk25/inst/clk_in1
    E3                   IBUF (Prop_ibuf_I_O)         0.438     0.438 r  clk25/inst/clkin1_ibufg/O
                         net (fo=1, routed)           0.481     0.919    clk25/inst/clk_in1_clk_wiz_0
    PLLE2_ADV_X1Y2       PLLE2_ADV (Prop_plle2_adv_CLKIN1_CLKOUT0)
                                                     -1.417    -0.498 r  clk25/inst/plle2_adv_inst/CLKOUT0
                         net (fo=1, routed)           0.560     0.061    clk25/inst/clk_out1_clk_wiz_0
    BUFGCTRL_X0Y16       BUFG (Prop_bufg_I_O)         0.029     0.090 r  clk25/inst/clkout1_buf/O
                         net (fo=1332, routed)        0.829     0.919    CPU/MULTDIV/count_reg/dff_loop[5].dff/clk_out1
    SLICE_X49Y139        FDRE                                         r  CPU/MULTDIV/count_reg/dff_loop[5].dff/q_reg/C
                         clock pessimism             -0.218     0.701    
    SLICE_X49Y139        FDRE (Hold_fdre_C_D)         0.091     0.792    CPU/MULTDIV/count_reg/dff_loop[5].dff/q_reg
  -------------------------------------------------------------------
                         required time                         -0.792    
                         arrival time                           1.023    
  -------------------------------------------------------------------
                         slack                                  0.231    





Pulse Width Checks
--------------------------------------------------------------------------------------
Clock Name:         clk_out1_clk_wiz_0_1
Waveform(ns):       { 0.000 20.000 }
Period(ns):         40.000
Sources:            { clk25/inst/plle2_adv_inst/CLKOUT0 }

Check Type        Corner  Lib Pin             Reference Pin  Required(ns)  Actual(ns)  Slack(ns)  Location        Pin
Min Period        n/a     RAMB36E1/CLKARDCLK  n/a            2.944         40.000      37.056     RAMB36_X1Y24    ProcMem/mem_reg_0/CLKARDCLK
Min Period        n/a     RAMB36E1/CLKARDCLK  n/a            2.944         40.000      37.056     RAMB36_X1Y25    ProcMem/mem_reg_1/CLKARDCLK
Min Period        n/a     RAMB36E1/CLKARDCLK  n/a            2.944         40.000      37.056     RAMB36_X1Y27    ProcMem/mem_reg_2/CLKARDCLK
Min Period        n/a     RAMB36E1/CLKARDCLK  n/a            2.944         40.000      37.056     RAMB36_X1Y26    ProcMem/mem_reg_3/CLKARDCLK
Min Period        n/a     RAMB36E1/CLKARDCLK  n/a            2.576         40.000      37.424     RAMB36_X0Y23    InstMem/dataOut_reg_0/CLKARDCLK
Min Period        n/a     RAMB36E1/CLKARDCLK  n/a            2.576         40.000      37.424     RAMB36_X0Y24    InstMem/dataOut_reg_1/CLKARDCLK
Min Period        n/a     RAMB36E1/CLKARDCLK  n/a            2.576         40.000      37.424     RAMB36_X0Y26    InstMem/dataOut_reg_2/CLKARDCLK
Min Period        n/a     RAMB36E1/CLKARDCLK  n/a            2.576         40.000      37.424     RAMB36_X0Y25    InstMem/dataOut_reg_3/CLKARDCLK
Min Period        n/a     RAMB36E1/CLKBWRCLK  n/a            2.576         40.000      37.424     RAMB36_X1Y24    ProcMem/mem_reg_0/CLKBWRCLK
Min Period        n/a     RAMB36E1/CLKBWRCLK  n/a            2.576         40.000      37.424     RAMB36_X1Y25    ProcMem/mem_reg_1/CLKBWRCLK
Max Period        n/a     PLLE2_ADV/CLKOUT0   n/a            160.000       40.000      120.000    PLLE2_ADV_X1Y2  clk25/inst/plle2_adv_inst/CLKOUT0
Low Pulse Width   Slow    FDRE/C              n/a            0.500         20.000      19.500     SLICE_X48Y120   LED_reg[0]/C
Low Pulse Width   Fast    FDRE/C              n/a            0.500         20.000      19.500     SLICE_X48Y120   LED_reg[0]/C
Low Pulse Width   Slow    FDRE/C              n/a            0.500         20.000      19.500     SLICE_X48Y120   LED_reg[10]/C
Low Pulse Width   Fast    FDRE/C              n/a            0.500         20.000      19.500     SLICE_X48Y120   LED_reg[10]/C
Low Pulse Width   Slow    FDRE/C              n/a            0.500         20.000      19.500     SLICE_X52Y120   LED_reg[11]/C
Low Pulse Width   Fast    FDRE/C              n/a            0.500         20.000      19.500     SLICE_X52Y120   LED_reg[11]/C
Low Pulse Width   Slow    FDRE/C              n/a            0.500         20.000      19.500     SLICE_X52Y122   LED_reg[12]/C
Low Pulse Width   Fast    FDRE/C              n/a            0.500         20.000      19.500     SLICE_X52Y122   LED_reg[12]/C
Low Pulse Width   Slow    FDRE/C              n/a            0.500         20.000      19.500     SLICE_X52Y120   LED_reg[13]/C
Low Pulse Width   Fast    FDRE/C              n/a            0.500         20.000      19.500     SLICE_X52Y120   LED_reg[13]/C
High Pulse Width  Slow    FDRE/C              n/a            0.500         20.000      19.500     SLICE_X48Y120   LED_reg[0]/C
High Pulse Width  Fast    FDRE/C              n/a            0.500         20.000      19.500     SLICE_X48Y120   LED_reg[0]/C
High Pulse Width  Slow    FDRE/C              n/a            0.500         20.000      19.500     SLICE_X48Y120   LED_reg[10]/C
High Pulse Width  Fast    FDRE/C              n/a            0.500         20.000      19.500     SLICE_X48Y120   LED_reg[10]/C
High Pulse Width  Slow    FDRE/C              n/a            0.500         20.000      19.500     SLICE_X52Y120   LED_reg[11]/C
High Pulse Width  Fast    FDRE/C              n/a            0.500         20.000      19.500     SLICE_X52Y120   LED_reg[11]/C
High Pulse Width  Slow    FDRE/C              n/a            0.500         20.000      19.500     SLICE_X52Y122   LED_reg[12]/C
High Pulse Width  Fast    FDRE/C              n/a            0.500         20.000      19.500     SLICE_X52Y122   LED_reg[12]/C
High Pulse Width  Slow    FDRE/C              n/a            0.500         20.000      19.500     SLICE_X52Y120   LED_reg[13]/C
High Pulse Width  Fast    FDRE/C              n/a            0.500         20.000      19.500     SLICE_X52Y120   LED_reg[13]/C



---------------------------------------------------------------------------------------------------
From Clock:  clkfbout_clk_wiz_0_1
  To Clock:  clkfbout_clk_wiz_0_1

Setup :           NA  Failing Endpoints,  Worst Slack           NA  ,  Total Violation           NA
Hold  :           NA  Failing Endpoints,  Worst Slack           NA  ,  Total Violation           NA
PW    :            0  Failing Endpoints,  Worst Slack       12.633ns,  Total Violation        0.000ns
---------------------------------------------------------------------------------------------------


Pulse Width Checks
--------------------------------------------------------------------------------------
Clock Name:         clkfbout_clk_wiz_0_1
Waveform(ns):       { 0.000 20.000 }
Period(ns):         40.000
Sources:            { clk25/inst/plle2_adv_inst/CLKFBOUT }

Check Type  Corner  Lib Pin             Reference Pin  Required(ns)  Actual(ns)  Slack(ns)  Location        Pin
Min Period  n/a     BUFG/I              n/a            2.155         40.000      37.845     BUFGCTRL_X0Y17  clk25/inst/clkf_buf/I
Min Period  n/a     PLLE2_ADV/CLKFBOUT  n/a            1.249         40.000      38.751     PLLE2_ADV_X1Y2  clk25/inst/plle2_adv_inst/CLKFBOUT
Min Period  n/a     PLLE2_ADV/CLKFBIN   n/a            1.249         40.000      38.751     PLLE2_ADV_X1Y2  clk25/inst/plle2_adv_inst/CLKFBIN
Max Period  n/a     PLLE2_ADV/CLKFBIN   n/a            52.633        40.000      12.633     PLLE2_ADV_X1Y2  clk25/inst/plle2_adv_inst/CLKFBIN
Max Period  n/a     PLLE2_ADV/CLKFBOUT  n/a            160.000       40.000      120.000    PLLE2_ADV_X1Y2  clk25/inst/plle2_adv_inst/CLKFBOUT



---------------------------------------------------------------------------------------------------
From Clock:  clk_out1_clk_wiz_0_1
  To Clock:  clk_out1_clk_wiz_0

Setup :            0  Failing Endpoints,  Worst Slack        3.298ns,  Total Violation        0.000ns
Hold  :            0  Failing Endpoints,  Worst Slack        0.029ns,  Total Violation        0.000ns
---------------------------------------------------------------------------------------------------


Max Delay Paths
--------------------------------------------------------------------------------------
Slack (MET) :             3.298ns  (required time - arrival time)
  Source:                 CPU/dx_insn_reg/dff_loop[29].dff/q_reg/C
                            (rising edge-triggered cell FDCE clocked by clk_out1_clk_wiz_0_1'  {rise@0.000ns fall@20.000ns period=40.000ns})
  Destination:            CPU/MULTDIV/reg_udividend/dff_loop[31].dff/q_reg/D
                            (rising edge-triggered cell FDRE clocked by clk_out1_clk_wiz_0  {rise@0.000ns fall@20.000ns period=40.000ns})
  Path Group:             clk_out1_clk_wiz_0
  Path Type:              Setup (Max at Slow Process Corner)
  Requirement:            20.000ns  (clk_out1_clk_wiz_0 rise@40.000ns - clk_out1_clk_wiz_0_1 fall@20.000ns)
  Data Path Delay:        13.412ns  (logic 2.523ns (18.812%)  route 10.889ns (81.188%))
  Logic Levels:           13  (LUT3=2 LUT4=2 LUT5=3 LUT6=6)
  Clock Path Skew:        -2.841ns (DCD - SCD + CPR)
    Destination Clock Delay (DCD):    2.561ns = ( 42.561 - 40.000 ) 
    Source Clock Delay      (SCD):    5.423ns = ( 25.423 - 20.000 ) 
    Clock Pessimism Removal (CPR):    0.020ns
  Clock Uncertainty:      0.180ns  ((TSJ^2 + DJ^2)^1/2) / 2 + PE
    Total System Jitter     (TSJ):    0.071ns
    Discrete Jitter          (DJ):    0.352ns
    Phase Error              (PE):    0.000ns
  Clock Domain Crossing:  Inter clock paths are considered valid unless explicitly excluded by timing constraints such as set_clock_groups or set_false_path.

    Location             Delay type                Incr(ns)  Path(ns)    Netlist Resource(s)
  -------------------------------------------------------------------    -------------------
                         (clock clk_out1_clk_wiz_0_1 fall edge)
                                                     20.000    20.000 f  
    E3                                                0.000    20.000 f  clk_100mhz (IN)
                         net (fo=0)                   0.000    20.000    clk25/inst/clk_in1
    E3                   IBUF (Prop_ibuf_I_O)         1.482    21.482 f  clk25/inst/clkin1_ibufg/O
                         net (fo=1, routed)           1.253    22.735    clk25/inst/clk_in1_clk_wiz_0
    PLLE2_ADV_X1Y2       PLLE2_ADV (Prop_plle2_adv_CLKIN1_CLKOUT0)
                                                     -3.459    19.276 f  clk25/inst/plle2_adv_inst/CLKOUT0
                         net (fo=1, routed)           1.713    20.989    clk25/inst/clk_out1_clk_wiz_0
    BUFGCTRL_X0Y16       BUFG (Prop_bufg_I_O)         0.096    21.085 f  clk25/inst/clkout1_buf/O
                         net (fo=1332, routed)        1.784    22.868    clock
    SLICE_X52Y96         LUT1 (Prop_lut1_I0_O)        0.124    22.992 r  q_reg_i_10/O
                         net (fo=1, routed)           0.720    23.713    q_reg_i_10_n_0
    BUFGCTRL_X0Y0        BUFG (Prop_bufg_I_O)         0.096    23.809 r  q_reg_i_3/O
                         net (fo=377, routed)         1.614    25.423    CPU/dx_insn_reg/dff_loop[29].dff/clk0
    SLICE_X31Y129        FDCE                                         r  CPU/dx_insn_reg/dff_loop[29].dff/q_reg/C
  -------------------------------------------------------------------    -------------------
    SLICE_X31Y129        FDCE (Prop_fdce_C_Q)         0.456    25.879 r  CPU/dx_insn_reg/dff_loop[29].dff/q_reg/Q
                         net (fo=31, routed)          1.580    27.459    CPU/dx_insn_reg/dff_loop[28].dff/q_i_18__14_2
    SLICE_X36Y130        LUT5 (Prop_lut5_I3_O)        0.154    27.613 f  CPU/dx_insn_reg/dff_loop[28].dff/q_i_17__15/O
                         net (fo=7, routed)           0.772    28.385    CPU/dx_insn_reg/dff_loop[28].dff/q_i_17__15_n_0
    SLICE_X36Y134        LUT4 (Prop_lut4_I0_O)        0.327    28.712 f  CPU/dx_insn_reg/dff_loop[28].dff/q_i_14__21/O
                         net (fo=3, routed)           0.631    29.342    CPU/dx_insn_reg/dff_loop[28].dff/q_i_14__21_n_0
    SLICE_X36Y133        LUT6 (Prop_lut6_I0_O)        0.124    29.466 r  CPU/dx_insn_reg/dff_loop[28].dff/q_i_6__50/O
                         net (fo=2, routed)           0.584    30.050    CPU/dx_insn_reg/dff_loop[28].dff/q_i_6__50_n_0
    SLICE_X37Y134        LUT6 (Prop_lut6_I0_O)        0.124    30.174 r  CPU/dx_insn_reg/dff_loop[28].dff/q_i_4__89/O
                         net (fo=32, routed)          1.090    31.264    CPU/dx_insn_reg/dff_loop[28].dff/q_i_4__89_n_0
    SLICE_X44Y136        LUT5 (Prop_lut5_I1_O)        0.124    31.388 f  CPU/dx_insn_reg/dff_loop[28].dff/q_i_2__143/O
                         net (fo=22, routed)          1.329    32.717    CPU/dx_insn_reg/dff_loop[28].dff/bypass_readDataA[0]
    SLICE_X51Y125        LUT3 (Prop_lut3_I1_O)        0.150    32.867 r  CPU/dx_insn_reg/dff_loop[28].dff/q_i_2__45/O
                         net (fo=5, routed)           0.635    33.501    CPU/dx_insn_reg/dff_loop[28].dff/q_i_2__45_n_0
    SLICE_X52Y123        LUT5 (Prop_lut5_I0_O)        0.326    33.827 r  CPU/dx_insn_reg/dff_loop[28].dff/q_i_2__218/O
                         net (fo=6, routed)           0.499    34.327    CPU/dx_insn_reg/dff_loop[28].dff/q_i_2__218_n_0
    SLICE_X52Y125        LUT6 (Prop_lut6_I3_O)        0.124    34.451 r  CPU/dx_insn_reg/dff_loop[28].dff/q_i_2__43/O
                         net (fo=4, routed)           0.561    35.012    CPU/dx_insn_reg/dff_loop[28].dff/q_i_2__43_n_0
    SLICE_X55Y127        LUT6 (Prop_lut6_I1_O)        0.124    35.136 r  CPU/dx_insn_reg/dff_loop[28].dff/q_i_3__31/O
                         net (fo=2, routed)           0.471    35.607    CPU/dx_insn_reg/dff_loop[28].dff/q_i_3__31_n_0
    SLICE_X56Y128        LUT6 (Prop_lut6_I2_O)        0.124    35.731 r  CPU/dx_insn_reg/dff_loop[28].dff/q_i_2__38/O
                         net (fo=6, routed)           0.583    36.313    CPU/dx_insn_reg/dff_loop[28].dff/q_i_2__38_n_0
    SLICE_X57Y132        LUT6 (Prop_lut6_I2_O)        0.124    36.437 r  CPU/dx_insn_reg/dff_loop[28].dff/q_i_2__36/O
                         net (fo=6, routed)           0.631    37.068    CPU/dx_insn_reg/dff_loop[28].dff/q_i_2__36_n_0
    SLICE_X56Y132        LUT4 (Prop_lut4_I1_O)        0.124    37.192 r  CPU/dx_insn_reg/dff_loop[28].dff/q_i_3__30/O
                         net (fo=2, routed)           0.711    37.904    CPU/dx_insn_reg/dff_loop[28].dff/q_i_3__30_n_0
    SLICE_X52Y134        LUT3 (Prop_lut3_I0_O)        0.118    38.022 r  CPU/dx_insn_reg/dff_loop[28].dff/q_i_1__39/O
                         net (fo=1, routed)           0.813    38.834    CPU/MULTDIV/reg_udividend/dff_loop[31].dff/q_reg_0
    SLICE_X39Y135        FDRE                                         r  CPU/MULTDIV/reg_udividend/dff_loop[31].dff/q_reg/D
  -------------------------------------------------------------------    -------------------

                         (clock clk_out1_clk_wiz_0 rise edge)
                                                     40.000    40.000 r  
    E3                                                0.000    40.000 r  clk_100mhz (IN)
                         net (fo=0)                   0.000    40.000    clk25/inst/clk_in1
    E3                   IBUF (Prop_ibuf_I_O)         1.411    41.411 r  clk25/inst/clkin1_ibufg/O
                         net (fo=1, routed)           1.181    42.592    clk25/inst/clk_in1_clk_wiz_0
    PLLE2_ADV_X1Y2       PLLE2_ADV (Prop_plle2_adv_CLKIN1_CLKOUT0)
                                                     -3.253    39.339 r  clk25/inst/plle2_adv_inst/CLKOUT0
                         net (fo=1, routed)           1.634    40.973    clk25/inst/clk_out1_clk_wiz_0
    BUFGCTRL_X0Y16       BUFG (Prop_bufg_I_O)         0.091    41.064 r  clk25/inst/clkout1_buf/O
                         net (fo=1332, routed)        1.497    42.561    CPU/MULTDIV/reg_udividend/dff_loop[31].dff/clk_out1
    SLICE_X39Y135        FDRE                                         r  CPU/MULTDIV/reg_udividend/dff_loop[31].dff/q_reg/C
                         clock pessimism              0.020    42.582    
                         clock uncertainty           -0.180    42.402    
    SLICE_X39Y135        FDRE (Setup_fdre_C_D)       -0.269    42.133    CPU/MULTDIV/reg_udividend/dff_loop[31].dff/q_reg
  -------------------------------------------------------------------
                         required time                         42.133    
                         arrival time                         -38.834    
  -------------------------------------------------------------------
                         slack                                  3.298    

Slack (MET) :             4.028ns  (required time - arrival time)
  Source:                 CPU/dx_insn_reg/dff_loop[29].dff/q_reg/C
                            (rising edge-triggered cell FDCE clocked by clk_out1_clk_wiz_0_1'  {rise@0.000ns fall@20.000ns period=40.000ns})
  Destination:            CPU/MULTDIV/reg_udividend/dff_loop[29].dff/q_reg/D
                            (rising edge-triggered cell FDRE clocked by clk_out1_clk_wiz_0  {rise@0.000ns fall@20.000ns period=40.000ns})
  Path Group:             clk_out1_clk_wiz_0
  Path Type:              Setup (Max at Slow Process Corner)
  Requirement:            20.000ns  (clk_out1_clk_wiz_0 rise@40.000ns - clk_out1_clk_wiz_0_1 fall@20.000ns)
  Data Path Delay:        12.705ns  (logic 2.740ns (21.566%)  route 9.965ns (78.434%))
  Logic Levels:           13  (LUT3=3 LUT4=1 LUT5=3 LUT6=6)
  Clock Path Skew:        -2.857ns (DCD - SCD + CPR)
    Destination Clock Delay (DCD):    2.545ns = ( 42.545 - 40.000 ) 
    Source Clock Delay      (SCD):    5.423ns = ( 25.423 - 20.000 ) 
    Clock Pessimism Removal (CPR):    0.020ns
  Clock Uncertainty:      0.180ns  ((TSJ^2 + DJ^2)^1/2) / 2 + PE
    Total System Jitter     (TSJ):    0.071ns
    Discrete Jitter          (DJ):    0.352ns
    Phase Error              (PE):    0.000ns
  Clock Domain Crossing:  Inter clock paths are considered valid unless explicitly excluded by timing constraints such as set_clock_groups or set_false_path.

    Location             Delay type                Incr(ns)  Path(ns)    Netlist Resource(s)
  -------------------------------------------------------------------    -------------------
                         (clock clk_out1_clk_wiz_0_1 fall edge)
                                                     20.000    20.000 f  
    E3                                                0.000    20.000 f  clk_100mhz (IN)
                         net (fo=0)                   0.000    20.000    clk25/inst/clk_in1
    E3                   IBUF (Prop_ibuf_I_O)         1.482    21.482 f  clk25/inst/clkin1_ibufg/O
                         net (fo=1, routed)           1.253    22.735    clk25/inst/clk_in1_clk_wiz_0
    PLLE2_ADV_X1Y2       PLLE2_ADV (Prop_plle2_adv_CLKIN1_CLKOUT0)
                                                     -3.459    19.276 f  clk25/inst/plle2_adv_inst/CLKOUT0
                         net (fo=1, routed)           1.713    20.989    clk25/inst/clk_out1_clk_wiz_0
    BUFGCTRL_X0Y16       BUFG (Prop_bufg_I_O)         0.096    21.085 f  clk25/inst/clkout1_buf/O
                         net (fo=1332, routed)        1.784    22.868    clock
    SLICE_X52Y96         LUT1 (Prop_lut1_I0_O)        0.124    22.992 r  q_reg_i_10/O
                         net (fo=1, routed)           0.720    23.713    q_reg_i_10_n_0
    BUFGCTRL_X0Y0        BUFG (Prop_bufg_I_O)         0.096    23.809 r  q_reg_i_3/O
                         net (fo=377, routed)         1.614    25.423    CPU/dx_insn_reg/dff_loop[29].dff/clk0
    SLICE_X31Y129        FDCE                                         r  CPU/dx_insn_reg/dff_loop[29].dff/q_reg/C
  -------------------------------------------------------------------    -------------------
    SLICE_X31Y129        FDCE (Prop_fdce_C_Q)         0.456    25.879 r  CPU/dx_insn_reg/dff_loop[29].dff/q_reg/Q
                         net (fo=31, routed)          1.580    27.459    CPU/dx_insn_reg/dff_loop[28].dff/q_i_18__14_2
    SLICE_X36Y130        LUT5 (Prop_lut5_I3_O)        0.154    27.613 f  CPU/dx_insn_reg/dff_loop[28].dff/q_i_17__15/O
                         net (fo=7, routed)           0.772    28.385    CPU/dx_insn_reg/dff_loop[28].dff/q_i_17__15_n_0
    SLICE_X36Y134        LUT4 (Prop_lut4_I0_O)        0.327    28.712 f  CPU/dx_insn_reg/dff_loop[28].dff/q_i_14__21/O
                         net (fo=3, routed)           0.631    29.342    CPU/dx_insn_reg/dff_loop[28].dff/q_i_14__21_n_0
    SLICE_X36Y133        LUT6 (Prop_lut6_I0_O)        0.124    29.466 r  CPU/dx_insn_reg/dff_loop[28].dff/q_i_6__50/O
                         net (fo=2, routed)           0.584    30.050    CPU/dx_insn_reg/dff_loop[28].dff/q_i_6__50_n_0
    SLICE_X37Y134        LUT6 (Prop_lut6_I0_O)        0.124    30.174 r  CPU/dx_insn_reg/dff_loop[28].dff/q_i_4__89/O
                         net (fo=32, routed)          1.090    31.264    CPU/dx_insn_reg/dff_loop[28].dff/q_i_4__89_n_0
    SLICE_X44Y136        LUT5 (Prop_lut5_I1_O)        0.124    31.388 f  CPU/dx_insn_reg/dff_loop[28].dff/q_i_2__143/O
                         net (fo=22, routed)          1.329    32.717    CPU/dx_insn_reg/dff_loop[28].dff/bypass_readDataA[0]
    SLICE_X51Y125        LUT3 (Prop_lut3_I1_O)        0.150    32.867 r  CPU/dx_insn_reg/dff_loop[28].dff/q_i_2__45/O
                         net (fo=5, routed)           0.635    33.501    CPU/dx_insn_reg/dff_loop[28].dff/q_i_2__45_n_0
    SLICE_X52Y123        LUT5 (Prop_lut5_I0_O)        0.326    33.827 r  CPU/dx_insn_reg/dff_loop[28].dff/q_i_2__218/O
                         net (fo=6, routed)           0.499    34.327    CPU/dx_insn_reg/dff_loop[28].dff/q_i_2__218_n_0
    SLICE_X52Y125        LUT6 (Prop_lut6_I3_O)        0.124    34.451 r  CPU/dx_insn_reg/dff_loop[28].dff/q_i_2__43/O
                         net (fo=4, routed)           0.561    35.012    CPU/dx_insn_reg/dff_loop[28].dff/q_i_2__43_n_0
    SLICE_X55Y127        LUT6 (Prop_lut6_I1_O)        0.124    35.136 r  CPU/dx_insn_reg/dff_loop[28].dff/q_i_3__31/O
                         net (fo=2, routed)           0.471    35.607    CPU/dx_insn_reg/dff_loop[28].dff/q_i_3__31_n_0
    SLICE_X56Y128        LUT6 (Prop_lut6_I2_O)        0.124    35.731 r  CPU/dx_insn_reg/dff_loop[28].dff/q_i_2__38/O
                         net (fo=6, routed)           0.583    36.313    CPU/dx_insn_reg/dff_loop[28].dff/q_i_2__38_n_0
    SLICE_X57Y132        LUT6 (Prop_lut6_I2_O)        0.124    36.437 r  CPU/dx_insn_reg/dff_loop[28].dff/q_i_2__36/O
                         net (fo=6, routed)           0.631    37.068    CPU/dx_insn_reg/dff_loop[28].dff/q_i_2__36_n_0
    SLICE_X56Y132        LUT3 (Prop_lut3_I1_O)        0.117    37.185 r  CPU/dx_insn_reg/dff_loop[28].dff/q_i_4__47/O
                         net (fo=2, routed)           0.407    37.593    CPU/dx_insn_reg/dff_loop[28].dff/q_i_4__47_n_0
    SLICE_X57Y132        LUT3 (Prop_lut3_I1_O)        0.342    37.935 r  CPU/dx_insn_reg/dff_loop[28].dff/q_i_1__56/O
                         net (fo=1, routed)           0.193    38.128    CPU/MULTDIV/reg_udividend/dff_loop[29].dff/q_reg_1
    SLICE_X56Y132        FDRE                                         r  CPU/MULTDIV/reg_udividend/dff_loop[29].dff/q_reg/D
  -------------------------------------------------------------------    -------------------

                         (clock clk_out1_clk_wiz_0 rise edge)
                                                     40.000    40.000 r  
    E3                                                0.000    40.000 r  clk_100mhz (IN)
                         net (fo=0)                   0.000    40.000    clk25/inst/clk_in1
    E3                   IBUF (Prop_ibuf_I_O)         1.411    41.411 r  clk25/inst/clkin1_ibufg/O
                         net (fo=1, routed)           1.181    42.592    clk25/inst/clk_in1_clk_wiz_0
    PLLE2_ADV_X1Y2       PLLE2_ADV (Prop_plle2_adv_CLKIN1_CLKOUT0)
                                                     -3.253    39.339 r  clk25/inst/plle2_adv_inst/CLKOUT0
                         net (fo=1, routed)           1.634    40.973    clk25/inst/clk_out1_clk_wiz_0
    BUFGCTRL_X0Y16       BUFG (Prop_bufg_I_O)         0.091    41.064 r  clk25/inst/clkout1_buf/O
                         net (fo=1332, routed)        1.481    42.545    CPU/MULTDIV/reg_udividend/dff_loop[29].dff/clk_out1
    SLICE_X56Y132        FDRE                                         r  CPU/MULTDIV/reg_udividend/dff_loop[29].dff/q_reg/C
                         clock pessimism              0.020    42.566    
                         clock uncertainty           -0.180    42.386    
    SLICE_X56Y132        FDRE (Setup_fdre_C_D)       -0.230    42.156    CPU/MULTDIV/reg_udividend/dff_loop[29].dff/q_reg
  -------------------------------------------------------------------
                         required time                         42.156    
                         arrival time                         -38.128    
  -------------------------------------------------------------------
                         slack                                  4.028    

Slack (MET) :             4.388ns  (required time - arrival time)
  Source:                 CPU/dx_insn_reg/dff_loop[29].dff/q_reg/C
                            (rising edge-triggered cell FDCE clocked by clk_out1_clk_wiz_0_1'  {rise@0.000ns fall@20.000ns period=40.000ns})
  Destination:            CPU/MULTDIV/reg_q/dff_loop[31].dff/q_reg/D
                            (rising edge-triggered cell FDRE clocked by clk_out1_clk_wiz_0  {rise@0.000ns fall@20.000ns period=40.000ns})
  Path Group:             clk_out1_clk_wiz_0
  Path Type:              Setup (Max at Slow Process Corner)
  Requirement:            20.000ns  (clk_out1_clk_wiz_0 rise@40.000ns - clk_out1_clk_wiz_0_1 fall@20.000ns)
  Data Path Delay:        12.605ns  (logic 2.529ns (20.063%)  route 10.076ns (79.937%))
  Logic Levels:           13  (LUT3=1 LUT4=2 LUT5=4 LUT6=6)
  Clock Path Skew:        -2.856ns (DCD - SCD + CPR)
    Destination Clock Delay (DCD):    2.546ns = ( 42.546 - 40.000 ) 
    Source Clock Delay      (SCD):    5.423ns = ( 25.423 - 20.000 ) 
    Clock Pessimism Removal (CPR):    0.020ns
  Clock Uncertainty:      0.180ns  ((TSJ^2 + DJ^2)^1/2) / 2 + PE
    Total System Jitter     (TSJ):    0.071ns
    Discrete Jitter          (DJ):    0.352ns
    Phase Error              (PE):    0.000ns
  Clock Domain Crossing:  Inter clock paths are considered valid unless explicitly excluded by timing constraints such as set_clock_groups or set_false_path.

    Location             Delay type                Incr(ns)  Path(ns)    Netlist Resource(s)
  -------------------------------------------------------------------    -------------------
                         (clock clk_out1_clk_wiz_0_1 fall edge)
                                                     20.000    20.000 f  
    E3                                                0.000    20.000 f  clk_100mhz (IN)
                         net (fo=0)                   0.000    20.000    clk25/inst/clk_in1
    E3                   IBUF (Prop_ibuf_I_O)         1.482    21.482 f  clk25/inst/clkin1_ibufg/O
                         net (fo=1, routed)           1.253    22.735    clk25/inst/clk_in1_clk_wiz_0
    PLLE2_ADV_X1Y2       PLLE2_ADV (Prop_plle2_adv_CLKIN1_CLKOUT0)
                                                     -3.459    19.276 f  clk25/inst/plle2_adv_inst/CLKOUT0
                         net (fo=1, routed)           1.713    20.989    clk25/inst/clk_out1_clk_wiz_0
    BUFGCTRL_X0Y16       BUFG (Prop_bufg_I_O)         0.096    21.085 f  clk25/inst/clkout1_buf/O
                         net (fo=1332, routed)        1.784    22.868    clock
    SLICE_X52Y96         LUT1 (Prop_lut1_I0_O)        0.124    22.992 r  q_reg_i_10/O
                         net (fo=1, routed)           0.720    23.713    q_reg_i_10_n_0
    BUFGCTRL_X0Y0        BUFG (Prop_bufg_I_O)         0.096    23.809 r  q_reg_i_3/O
                         net (fo=377, routed)         1.614    25.423    CPU/dx_insn_reg/dff_loop[29].dff/clk0
    SLICE_X31Y129        FDCE                                         r  CPU/dx_insn_reg/dff_loop[29].dff/q_reg/C
  -------------------------------------------------------------------    -------------------
    SLICE_X31Y129        FDCE (Prop_fdce_C_Q)         0.456    25.879 r  CPU/dx_insn_reg/dff_loop[29].dff/q_reg/Q
                         net (fo=31, routed)          1.580    27.459    CPU/dx_insn_reg/dff_loop[28].dff/q_i_18__14_2
    SLICE_X36Y130        LUT5 (Prop_lut5_I3_O)        0.154    27.613 f  CPU/dx_insn_reg/dff_loop[28].dff/q_i_17__15/O
                         net (fo=7, routed)           0.772    28.385    CPU/dx_insn_reg/dff_loop[28].dff/q_i_17__15_n_0
    SLICE_X36Y134        LUT4 (Prop_lut4_I0_O)        0.327    28.712 f  CPU/dx_insn_reg/dff_loop[28].dff/q_i_14__21/O
                         net (fo=3, routed)           0.631    29.342    CPU/dx_insn_reg/dff_loop[28].dff/q_i_14__21_n_0
    SLICE_X36Y133        LUT6 (Prop_lut6_I0_O)        0.124    29.466 r  CPU/dx_insn_reg/dff_loop[28].dff/q_i_6__50/O
                         net (fo=2, routed)           0.584    30.050    CPU/dx_insn_reg/dff_loop[28].dff/q_i_6__50_n_0
    SLICE_X37Y134        LUT6 (Prop_lut6_I0_O)        0.124    30.174 r  CPU/dx_insn_reg/dff_loop[28].dff/q_i_4__89/O
                         net (fo=32, routed)          1.090    31.264    CPU/dx_insn_reg/dff_loop[28].dff/q_i_4__89_n_0
    SLICE_X44Y136        LUT5 (Prop_lut5_I1_O)        0.124    31.388 f  CPU/dx_insn_reg/dff_loop[28].dff/q_i_2__143/O
                         net (fo=22, routed)          1.329    32.717    CPU/dx_insn_reg/dff_loop[28].dff/bypass_readDataA[0]
    SLICE_X51Y125        LUT3 (Prop_lut3_I1_O)        0.150    32.867 r  CPU/dx_insn_reg/dff_loop[28].dff/q_i_2__45/O
                         net (fo=5, routed)           0.635    33.501    CPU/dx_insn_reg/dff_loop[28].dff/q_i_2__45_n_0
    SLICE_X52Y123        LUT5 (Prop_lut5_I0_O)        0.326    33.827 r  CPU/dx_insn_reg/dff_loop[28].dff/q_i_2__218/O
                         net (fo=6, routed)           0.499    34.327    CPU/dx_insn_reg/dff_loop[28].dff/q_i_2__218_n_0
    SLICE_X52Y125        LUT6 (Prop_lut6_I3_O)        0.124    34.451 r  CPU/dx_insn_reg/dff_loop[28].dff/q_i_2__43/O
                         net (fo=4, routed)           0.561    35.012    CPU/dx_insn_reg/dff_loop[28].dff/q_i_2__43_n_0
    SLICE_X55Y127        LUT6 (Prop_lut6_I1_O)        0.124    35.136 r  CPU/dx_insn_reg/dff_loop[28].dff/q_i_3__31/O
                         net (fo=2, routed)           0.471    35.607    CPU/dx_insn_reg/dff_loop[28].dff/q_i_3__31_n_0
    SLICE_X56Y128        LUT6 (Prop_lut6_I2_O)        0.124    35.731 r  CPU/dx_insn_reg/dff_loop[28].dff/q_i_2__38/O
                         net (fo=6, routed)           0.583    36.313    CPU/dx_insn_reg/dff_loop[28].dff/q_i_2__38_n_0
    SLICE_X57Y132        LUT6 (Prop_lut6_I2_O)        0.124    36.437 r  CPU/dx_insn_reg/dff_loop[28].dff/q_i_2__36/O
                         net (fo=6, routed)           0.631    37.068    CPU/dx_insn_reg/dff_loop[28].dff/q_i_2__36_n_0
    SLICE_X56Y132        LUT4 (Prop_lut4_I1_O)        0.124    37.192 r  CPU/dx_insn_reg/dff_loop[28].dff/q_i_3__30/O
                         net (fo=2, routed)           0.711    37.904    CPU/dx_insn_reg/dff_loop[28].dff/q_i_3__30_n_0
    SLICE_X52Y134        LUT5 (Prop_lut5_I2_O)        0.124    38.028 r  CPU/dx_insn_reg/dff_loop[28].dff/q_i_1__1/O
                         net (fo=1, routed)           0.000    38.028    CPU/MULTDIV/reg_q/dff_loop[31].dff/q_reg_5[0]
    SLICE_X52Y134        FDRE                                         r  CPU/MULTDIV/reg_q/dff_loop[31].dff/q_reg/D
  -------------------------------------------------------------------    -------------------

                         (clock clk_out1_clk_wiz_0 rise edge)
                                                     40.000    40.000 r  
    E3                                                0.000    40.000 r  clk_100mhz (IN)
                         net (fo=0)                   0.000    40.000    clk25/inst/clk_in1
    E3                   IBUF (Prop_ibuf_I_O)         1.411    41.411 r  clk25/inst/clkin1_ibufg/O
                         net (fo=1, routed)           1.181    42.592    clk25/inst/clk_in1_clk_wiz_0
    PLLE2_ADV_X1Y2       PLLE2_ADV (Prop_plle2_adv_CLKIN1_CLKOUT0)
                                                     -3.253    39.339 r  clk25/inst/plle2_adv_inst/CLKOUT0
                         net (fo=1, routed)           1.634    40.973    clk25/inst/clk_out1_clk_wiz_0
    BUFGCTRL_X0Y16       BUFG (Prop_bufg_I_O)         0.091    41.064 r  clk25/inst/clkout1_buf/O
                         net (fo=1332, routed)        1.482    42.546    CPU/MULTDIV/reg_q/dff_loop[31].dff/clk_out1
    SLICE_X52Y134        FDRE                                         r  CPU/MULTDIV/reg_q/dff_loop[31].dff/q_reg/C
                         clock pessimism              0.020    42.567    
                         clock uncertainty           -0.180    42.387    
    SLICE_X52Y134        FDRE (Setup_fdre_C_D)        0.029    42.416    CPU/MULTDIV/reg_q/dff_loop[31].dff/q_reg
  -------------------------------------------------------------------
                         required time                         42.416    
                         arrival time                         -38.028    
  -------------------------------------------------------------------
                         slack                                  4.388    

Slack (MET) :             4.474ns  (required time - arrival time)
  Source:                 CPU/dx_insn_reg/dff_loop[29].dff/q_reg/C
                            (rising edge-triggered cell FDCE clocked by clk_out1_clk_wiz_0_1'  {rise@0.000ns fall@20.000ns period=40.000ns})
  Destination:            CPU/MULTDIV/reg_q/dff_loop[29].dff/q_reg/D
                            (rising edge-triggered cell FDRE clocked by clk_out1_clk_wiz_0  {rise@0.000ns fall@20.000ns period=40.000ns})
  Path Group:             clk_out1_clk_wiz_0
  Path Type:              Setup (Max at Slow Process Corner)
  Requirement:            20.000ns  (clk_out1_clk_wiz_0 rise@40.000ns - clk_out1_clk_wiz_0_1 fall@20.000ns)
  Data Path Delay:        12.518ns  (logic 2.746ns (21.936%)  route 9.772ns (78.064%))
  Logic Levels:           13  (LUT3=2 LUT4=1 LUT5=4 LUT6=6)
  Clock Path Skew:        -2.857ns (DCD - SCD + CPR)
    Destination Clock Delay (DCD):    2.545ns = ( 42.545 - 40.000 ) 
    Source Clock Delay      (SCD):    5.423ns = ( 25.423 - 20.000 ) 
    Clock Pessimism Removal (CPR):    0.020ns
  Clock Uncertainty:      0.180ns  ((TSJ^2 + DJ^2)^1/2) / 2 + PE
    Total System Jitter     (TSJ):    0.071ns
    Discrete Jitter          (DJ):    0.352ns
    Phase Error              (PE):    0.000ns
  Clock Domain Crossing:  Inter clock paths are considered valid unless explicitly excluded by timing constraints such as set_clock_groups or set_false_path.

    Location             Delay type                Incr(ns)  Path(ns)    Netlist Resource(s)
  -------------------------------------------------------------------    -------------------
                         (clock clk_out1_clk_wiz_0_1 fall edge)
                                                     20.000    20.000 f  
    E3                                                0.000    20.000 f  clk_100mhz (IN)
                         net (fo=0)                   0.000    20.000    clk25/inst/clk_in1
    E3                   IBUF (Prop_ibuf_I_O)         1.482    21.482 f  clk25/inst/clkin1_ibufg/O
                         net (fo=1, routed)           1.253    22.735    clk25/inst/clk_in1_clk_wiz_0
    PLLE2_ADV_X1Y2       PLLE2_ADV (Prop_plle2_adv_CLKIN1_CLKOUT0)
                                                     -3.459    19.276 f  clk25/inst/plle2_adv_inst/CLKOUT0
                         net (fo=1, routed)           1.713    20.989    clk25/inst/clk_out1_clk_wiz_0
    BUFGCTRL_X0Y16       BUFG (Prop_bufg_I_O)         0.096    21.085 f  clk25/inst/clkout1_buf/O
                         net (fo=1332, routed)        1.784    22.868    clock
    SLICE_X52Y96         LUT1 (Prop_lut1_I0_O)        0.124    22.992 r  q_reg_i_10/O
                         net (fo=1, routed)           0.720    23.713    q_reg_i_10_n_0
    BUFGCTRL_X0Y0        BUFG (Prop_bufg_I_O)         0.096    23.809 r  q_reg_i_3/O
                         net (fo=377, routed)         1.614    25.423    CPU/dx_insn_reg/dff_loop[29].dff/clk0
    SLICE_X31Y129        FDCE                                         r  CPU/dx_insn_reg/dff_loop[29].dff/q_reg/C
  -------------------------------------------------------------------    -------------------
    SLICE_X31Y129        FDCE (Prop_fdce_C_Q)         0.456    25.879 r  CPU/dx_insn_reg/dff_loop[29].dff/q_reg/Q
                         net (fo=31, routed)          1.580    27.459    CPU/dx_insn_reg/dff_loop[28].dff/q_i_18__14_2
    SLICE_X36Y130        LUT5 (Prop_lut5_I3_O)        0.154    27.613 f  CPU/dx_insn_reg/dff_loop[28].dff/q_i_17__15/O
                         net (fo=7, routed)           0.772    28.385    CPU/dx_insn_reg/dff_loop[28].dff/q_i_17__15_n_0
    SLICE_X36Y134        LUT4 (Prop_lut4_I0_O)        0.327    28.712 f  CPU/dx_insn_reg/dff_loop[28].dff/q_i_14__21/O
                         net (fo=3, routed)           0.631    29.342    CPU/dx_insn_reg/dff_loop[28].dff/q_i_14__21_n_0
    SLICE_X36Y133        LUT6 (Prop_lut6_I0_O)        0.124    29.466 r  CPU/dx_insn_reg/dff_loop[28].dff/q_i_6__50/O
                         net (fo=2, routed)           0.584    30.050    CPU/dx_insn_reg/dff_loop[28].dff/q_i_6__50_n_0
    SLICE_X37Y134        LUT6 (Prop_lut6_I0_O)        0.124    30.174 r  CPU/dx_insn_reg/dff_loop[28].dff/q_i_4__89/O
                         net (fo=32, routed)          1.090    31.264    CPU/dx_insn_reg/dff_loop[28].dff/q_i_4__89_n_0
    SLICE_X44Y136        LUT5 (Prop_lut5_I1_O)        0.124    31.388 f  CPU/dx_insn_reg/dff_loop[28].dff/q_i_2__143/O
                         net (fo=22, routed)          1.329    32.717    CPU/dx_insn_reg/dff_loop[28].dff/bypass_readDataA[0]
    SLICE_X51Y125        LUT3 (Prop_lut3_I1_O)        0.150    32.867 r  CPU/dx_insn_reg/dff_loop[28].dff/q_i_2__45/O
                         net (fo=5, routed)           0.635    33.501    CPU/dx_insn_reg/dff_loop[28].dff/q_i_2__45_n_0
    SLICE_X52Y123        LUT5 (Prop_lut5_I0_O)        0.326    33.827 r  CPU/dx_insn_reg/dff_loop[28].dff/q_i_2__218/O
                         net (fo=6, routed)           0.499    34.327    CPU/dx_insn_reg/dff_loop[28].dff/q_i_2__218_n_0
    SLICE_X52Y125        LUT6 (Prop_lut6_I3_O)        0.124    34.451 r  CPU/dx_insn_reg/dff_loop[28].dff/q_i_2__43/O
                         net (fo=4, routed)           0.561    35.012    CPU/dx_insn_reg/dff_loop[28].dff/q_i_2__43_n_0
    SLICE_X55Y127        LUT6 (Prop_lut6_I1_O)        0.124    35.136 r  CPU/dx_insn_reg/dff_loop[28].dff/q_i_3__31/O
                         net (fo=2, routed)           0.471    35.607    CPU/dx_insn_reg/dff_loop[28].dff/q_i_3__31_n_0
    SLICE_X56Y128        LUT6 (Prop_lut6_I2_O)        0.124    35.731 r  CPU/dx_insn_reg/dff_loop[28].dff/q_i_2__38/O
                         net (fo=6, routed)           0.583    36.313    CPU/dx_insn_reg/dff_loop[28].dff/q_i_2__38_n_0
    SLICE_X57Y132        LUT6 (Prop_lut6_I2_O)        0.124    36.437 r  CPU/dx_insn_reg/dff_loop[28].dff/q_i_2__36/O
                         net (fo=6, routed)           0.631    37.068    CPU/dx_insn_reg/dff_loop[28].dff/q_i_2__36_n_0
    SLICE_X56Y132        LUT3 (Prop_lut3_I1_O)        0.117    37.185 r  CPU/dx_insn_reg/dff_loop[28].dff/q_i_4__47/O
                         net (fo=2, routed)           0.407    37.593    CPU/dx_insn_reg/dff_loop[28].dff/q_i_4__47_n_0
    SLICE_X57Y132        LUT5 (Prop_lut5_I3_O)        0.348    37.941 r  CPU/dx_insn_reg/dff_loop[28].dff/q_i_1__3/O
                         net (fo=1, routed)           0.000    37.941    CPU/MULTDIV/reg_q/dff_loop[29].dff/q_reg_4[0]
    SLICE_X57Y132        FDRE                                         r  CPU/MULTDIV/reg_q/dff_loop[29].dff/q_reg/D
  -------------------------------------------------------------------    -------------------

                         (clock clk_out1_clk_wiz_0 rise edge)
                                                     40.000    40.000 r  
    E3                                                0.000    40.000 r  clk_100mhz (IN)
                         net (fo=0)                   0.000    40.000    clk25/inst/clk_in1
    E3                   IBUF (Prop_ibuf_I_O)         1.411    41.411 r  clk25/inst/clkin1_ibufg/O
                         net (fo=1, routed)           1.181    42.592    clk25/inst/clk_in1_clk_wiz_0
    PLLE2_ADV_X1Y2       PLLE2_ADV (Prop_plle2_adv_CLKIN1_CLKOUT0)
                                                     -3.253    39.339 r  clk25/inst/plle2_adv_inst/CLKOUT0
                         net (fo=1, routed)           1.634    40.973    clk25/inst/clk_out1_clk_wiz_0
    BUFGCTRL_X0Y16       BUFG (Prop_bufg_I_O)         0.091    41.064 r  clk25/inst/clkout1_buf/O
                         net (fo=1332, routed)        1.481    42.545    CPU/MULTDIV/reg_q/dff_loop[29].dff/clk_out1
    SLICE_X57Y132        FDRE                                         r  CPU/MULTDIV/reg_q/dff_loop[29].dff/q_reg/C
                         clock pessimism              0.020    42.566    
                         clock uncertainty           -0.180    42.386    
    SLICE_X57Y132        FDRE (Setup_fdre_C_D)        0.029    42.415    CPU/MULTDIV/reg_q/dff_loop[29].dff/q_reg
  -------------------------------------------------------------------
                         required time                         42.415    
                         arrival time                         -37.941    
  -------------------------------------------------------------------
                         slack                                  4.474    

Slack (MET) :             4.513ns  (required time - arrival time)
  Source:                 CPU/dx_insn_reg/dff_loop[29].dff/q_reg/C
                            (rising edge-triggered cell FDCE clocked by clk_out1_clk_wiz_0_1'  {rise@0.000ns fall@20.000ns period=40.000ns})
  Destination:            CPU/MULTDIV/reg_q/dff_loop[27].dff/q_reg/D
                            (rising edge-triggered cell FDRE clocked by clk_out1_clk_wiz_0  {rise@0.000ns fall@20.000ns period=40.000ns})
  Path Group:             clk_out1_clk_wiz_0
  Path Type:              Setup (Max at Slow Process Corner)
  Requirement:            20.000ns  (clk_out1_clk_wiz_0 rise@40.000ns - clk_out1_clk_wiz_0_1 fall@20.000ns)
  Data Path Delay:        12.477ns  (logic 2.737ns (21.937%)  route 9.740ns (78.063%))
  Logic Levels:           13  (LUT3=2 LUT4=1 LUT5=4 LUT6=6)
  Clock Path Skew:        -2.860ns (DCD - SCD + CPR)
    Destination Clock Delay (DCD):    2.542ns = ( 42.542 - 40.000 ) 
    Source Clock Delay      (SCD):    5.423ns = ( 25.423 - 20.000 ) 
    Clock Pessimism Removal (CPR):    0.020ns
  Clock Uncertainty:      0.180ns  ((TSJ^2 + DJ^2)^1/2) / 2 + PE
    Total System Jitter     (TSJ):    0.071ns
    Discrete Jitter          (DJ):    0.352ns
    Phase Error              (PE):    0.000ns
  Clock Domain Crossing:  Inter clock paths are considered valid unless explicitly excluded by timing constraints such as set_clock_groups or set_false_path.

    Location             Delay type                Incr(ns)  Path(ns)    Netlist Resource(s)
  -------------------------------------------------------------------    -------------------
                         (clock clk_out1_clk_wiz_0_1 fall edge)
                                                     20.000    20.000 f  
    E3                                                0.000    20.000 f  clk_100mhz (IN)
                         net (fo=0)                   0.000    20.000    clk25/inst/clk_in1
    E3                   IBUF (Prop_ibuf_I_O)         1.482    21.482 f  clk25/inst/clkin1_ibufg/O
                         net (fo=1, routed)           1.253    22.735    clk25/inst/clk_in1_clk_wiz_0
    PLLE2_ADV_X1Y2       PLLE2_ADV (Prop_plle2_adv_CLKIN1_CLKOUT0)
                                                     -3.459    19.276 f  clk25/inst/plle2_adv_inst/CLKOUT0
                         net (fo=1, routed)           1.713    20.989    clk25/inst/clk_out1_clk_wiz_0
    BUFGCTRL_X0Y16       BUFG (Prop_bufg_I_O)         0.096    21.085 f  clk25/inst/clkout1_buf/O
                         net (fo=1332, routed)        1.784    22.868    clock
    SLICE_X52Y96         LUT1 (Prop_lut1_I0_O)        0.124    22.992 r  q_reg_i_10/O
                         net (fo=1, routed)           0.720    23.713    q_reg_i_10_n_0
    BUFGCTRL_X0Y0        BUFG (Prop_bufg_I_O)         0.096    23.809 r  q_reg_i_3/O
                         net (fo=377, routed)         1.614    25.423    CPU/dx_insn_reg/dff_loop[29].dff/clk0
    SLICE_X31Y129        FDCE                                         r  CPU/dx_insn_reg/dff_loop[29].dff/q_reg/C
  -------------------------------------------------------------------    -------------------
    SLICE_X31Y129        FDCE (Prop_fdce_C_Q)         0.456    25.879 r  CPU/dx_insn_reg/dff_loop[29].dff/q_reg/Q
                         net (fo=31, routed)          1.580    27.459    CPU/dx_insn_reg/dff_loop[28].dff/q_i_18__14_2
    SLICE_X36Y130        LUT5 (Prop_lut5_I3_O)        0.154    27.613 f  CPU/dx_insn_reg/dff_loop[28].dff/q_i_17__15/O
                         net (fo=7, routed)           0.772    28.385    CPU/dx_insn_reg/dff_loop[28].dff/q_i_17__15_n_0
    SLICE_X36Y134        LUT4 (Prop_lut4_I0_O)        0.327    28.712 f  CPU/dx_insn_reg/dff_loop[28].dff/q_i_14__21/O
                         net (fo=3, routed)           0.631    29.342    CPU/dx_insn_reg/dff_loop[28].dff/q_i_14__21_n_0
    SLICE_X36Y133        LUT6 (Prop_lut6_I0_O)        0.124    29.466 r  CPU/dx_insn_reg/dff_loop[28].dff/q_i_6__50/O
                         net (fo=2, routed)           0.584    30.050    CPU/dx_insn_reg/dff_loop[28].dff/q_i_6__50_n_0
    SLICE_X37Y134        LUT6 (Prop_lut6_I0_O)        0.124    30.174 r  CPU/dx_insn_reg/dff_loop[28].dff/q_i_4__89/O
                         net (fo=32, routed)          1.090    31.264    CPU/dx_insn_reg/dff_loop[28].dff/q_i_4__89_n_0
    SLICE_X44Y136        LUT5 (Prop_lut5_I1_O)        0.124    31.388 f  CPU/dx_insn_reg/dff_loop[28].dff/q_i_2__143/O
                         net (fo=22, routed)          1.329    32.717    CPU/dx_insn_reg/dff_loop[28].dff/bypass_readDataA[0]
    SLICE_X51Y125        LUT3 (Prop_lut3_I1_O)        0.150    32.867 r  CPU/dx_insn_reg/dff_loop[28].dff/q_i_2__45/O
                         net (fo=5, routed)           0.635    33.501    CPU/dx_insn_reg/dff_loop[28].dff/q_i_2__45_n_0
    SLICE_X52Y123        LUT5 (Prop_lut5_I0_O)        0.326    33.827 r  CPU/dx_insn_reg/dff_loop[28].dff/q_i_2__218/O
                         net (fo=6, routed)           0.499    34.327    CPU/dx_insn_reg/dff_loop[28].dff/q_i_2__218_n_0
    SLICE_X52Y125        LUT6 (Prop_lut6_I3_O)        0.124    34.451 r  CPU/dx_insn_reg/dff_loop[28].dff/q_i_2__43/O
                         net (fo=4, routed)           0.561    35.012    CPU/dx_insn_reg/dff_loop[28].dff/q_i_2__43_n_0
    SLICE_X55Y127        LUT6 (Prop_lut6_I1_O)        0.124    35.136 r  CPU/dx_insn_reg/dff_loop[28].dff/q_i_3__31/O
                         net (fo=2, routed)           0.471    35.607    CPU/dx_insn_reg/dff_loop[28].dff/q_i_3__31_n_0
    SLICE_X56Y128        LUT6 (Prop_lut6_I2_O)        0.124    35.731 r  CPU/dx_insn_reg/dff_loop[28].dff/q_i_2__38/O
                         net (fo=6, routed)           0.583    36.313    CPU/dx_insn_reg/dff_loop[28].dff/q_i_2__38_n_0
    SLICE_X57Y132        LUT6 (Prop_lut6_I2_O)        0.124    36.437 r  CPU/dx_insn_reg/dff_loop[28].dff/q_i_2__36/O
                         net (fo=6, routed)           0.707    37.144    CPU/dx_insn_reg/dff_loop[28].dff/q_i_2__36_n_0
    SLICE_X56Y132        LUT3 (Prop_lut3_I1_O)        0.116    37.260 r  CPU/dx_insn_reg/dff_loop[28].dff/q_i_1__55/O
                         net (fo=2, routed)           0.299    37.559    CPU/MULTDIV/reg_q/dff_loop[27].dff/q_reg_8
    SLICE_X57Y130        LUT5 (Prop_lut5_I4_O)        0.340    37.899 r  CPU/MULTDIV/reg_q/dff_loop[27].dff/q_i_1__4/O
                         net (fo=1, routed)           0.000    37.899    CPU/MULTDIV/reg_q/dff_loop[27].dff/q_next[27]
    SLICE_X57Y130        FDRE                                         r  CPU/MULTDIV/reg_q/dff_loop[27].dff/q_reg/D
  -------------------------------------------------------------------    -------------------

                         (clock clk_out1_clk_wiz_0 rise edge)
                                                     40.000    40.000 r  
    E3                                                0.000    40.000 r  clk_100mhz (IN)
                         net (fo=0)                   0.000    40.000    clk25/inst/clk_in1
    E3                   IBUF (Prop_ibuf_I_O)         1.411    41.411 r  clk25/inst/clkin1_ibufg/O
                         net (fo=1, routed)           1.181    42.592    clk25/inst/clk_in1_clk_wiz_0
    PLLE2_ADV_X1Y2       PLLE2_ADV (Prop_plle2_adv_CLKIN1_CLKOUT0)
                                                     -3.253    39.339 r  clk25/inst/plle2_adv_inst/CLKOUT0
                         net (fo=1, routed)           1.634    40.973    clk25/inst/clk_out1_clk_wiz_0
    BUFGCTRL_X0Y16       BUFG (Prop_bufg_I_O)         0.091    41.064 r  clk25/inst/clkout1_buf/O
                         net (fo=1332, routed)        1.478    42.542    CPU/MULTDIV/reg_q/dff_loop[27].dff/clk_out1
    SLICE_X57Y130        FDRE                                         r  CPU/MULTDIV/reg_q/dff_loop[27].dff/q_reg/C
                         clock pessimism              0.020    42.563    
                         clock uncertainty           -0.180    42.383    
    SLICE_X57Y130        FDRE (Setup_fdre_C_D)        0.029    42.412    CPU/MULTDIV/reg_q/dff_loop[27].dff/q_reg
  -------------------------------------------------------------------
                         required time                         42.412    
                         arrival time                         -37.899    
  -------------------------------------------------------------------
                         slack                                  4.513    

Slack (MET) :             4.552ns  (required time - arrival time)
  Source:                 CPU/dx_insn_reg/dff_loop[29].dff/q_reg/C
                            (rising edge-triggered cell FDCE clocked by clk_out1_clk_wiz_0_1'  {rise@0.000ns fall@20.000ns period=40.000ns})
  Destination:            CPU/MULTDIV/reg_udividend/dff_loop[28].dff/q_reg/D
                            (rising edge-triggered cell FDRE clocked by clk_out1_clk_wiz_0  {rise@0.000ns fall@20.000ns period=40.000ns})
  Path Group:             clk_out1_clk_wiz_0
  Path Type:              Setup (Max at Slow Process Corner)
  Requirement:            20.000ns  (clk_out1_clk_wiz_0 rise@40.000ns - clk_out1_clk_wiz_0_1 fall@20.000ns)
  Data Path Delay:        12.366ns  (logic 2.405ns (19.448%)  route 9.961ns (80.552%))
  Logic Levels:           12  (LUT3=1 LUT4=2 LUT5=3 LUT6=6)
  Clock Path Skew:        -2.857ns (DCD - SCD + CPR)
    Destination Clock Delay (DCD):    2.545ns = ( 42.545 - 40.000 ) 
    Source Clock Delay      (SCD):    5.423ns = ( 25.423 - 20.000 ) 
    Clock Pessimism Removal (CPR):    0.020ns
  Clock Uncertainty:      0.180ns  ((TSJ^2 + DJ^2)^1/2) / 2 + PE
    Total System Jitter     (TSJ):    0.071ns
    Discrete Jitter          (DJ):    0.352ns
    Phase Error              (PE):    0.000ns
  Clock Domain Crossing:  Inter clock paths are considered valid unless explicitly excluded by timing constraints such as set_clock_groups or set_false_path.

    Location             Delay type                Incr(ns)  Path(ns)    Netlist Resource(s)
  -------------------------------------------------------------------    -------------------
                         (clock clk_out1_clk_wiz_0_1 fall edge)
                                                     20.000    20.000 f  
    E3                                                0.000    20.000 f  clk_100mhz (IN)
                         net (fo=0)                   0.000    20.000    clk25/inst/clk_in1
    E3                   IBUF (Prop_ibuf_I_O)         1.482    21.482 f  clk25/inst/clkin1_ibufg/O
                         net (fo=1, routed)           1.253    22.735    clk25/inst/clk_in1_clk_wiz_0
    PLLE2_ADV_X1Y2       PLLE2_ADV (Prop_plle2_adv_CLKIN1_CLKOUT0)
                                                     -3.459    19.276 f  clk25/inst/plle2_adv_inst/CLKOUT0
                         net (fo=1, routed)           1.713    20.989    clk25/inst/clk_out1_clk_wiz_0
    BUFGCTRL_X0Y16       BUFG (Prop_bufg_I_O)         0.096    21.085 f  clk25/inst/clkout1_buf/O
                         net (fo=1332, routed)        1.784    22.868    clock
    SLICE_X52Y96         LUT1 (Prop_lut1_I0_O)        0.124    22.992 r  q_reg_i_10/O
                         net (fo=1, routed)           0.720    23.713    q_reg_i_10_n_0
    BUFGCTRL_X0Y0        BUFG (Prop_bufg_I_O)         0.096    23.809 r  q_reg_i_3/O
                         net (fo=377, routed)         1.614    25.423    CPU/dx_insn_reg/dff_loop[29].dff/clk0
    SLICE_X31Y129        FDCE                                         r  CPU/dx_insn_reg/dff_loop[29].dff/q_reg/C
  -------------------------------------------------------------------    -------------------
    SLICE_X31Y129        FDCE (Prop_fdce_C_Q)         0.456    25.879 r  CPU/dx_insn_reg/dff_loop[29].dff/q_reg/Q
                         net (fo=31, routed)          1.580    27.459    CPU/dx_insn_reg/dff_loop[28].dff/q_i_18__14_2
    SLICE_X36Y130        LUT5 (Prop_lut5_I3_O)        0.154    27.613 f  CPU/dx_insn_reg/dff_loop[28].dff/q_i_17__15/O
                         net (fo=7, routed)           0.772    28.385    CPU/dx_insn_reg/dff_loop[28].dff/q_i_17__15_n_0
    SLICE_X36Y134        LUT4 (Prop_lut4_I0_O)        0.327    28.712 f  CPU/dx_insn_reg/dff_loop[28].dff/q_i_14__21/O
                         net (fo=3, routed)           0.631    29.342    CPU/dx_insn_reg/dff_loop[28].dff/q_i_14__21_n_0
    SLICE_X36Y133        LUT6 (Prop_lut6_I0_O)        0.124    29.466 r  CPU/dx_insn_reg/dff_loop[28].dff/q_i_6__50/O
                         net (fo=2, routed)           0.584    30.050    CPU/dx_insn_reg/dff_loop[28].dff/q_i_6__50_n_0
    SLICE_X37Y134        LUT6 (Prop_lut6_I0_O)        0.124    30.174 r  CPU/dx_insn_reg/dff_loop[28].dff/q_i_4__89/O
                         net (fo=32, routed)          1.090    31.264    CPU/dx_insn_reg/dff_loop[28].dff/q_i_4__89_n_0
    SLICE_X44Y136        LUT5 (Prop_lut5_I1_O)        0.124    31.388 f  CPU/dx_insn_reg/dff_loop[28].dff/q_i_2__143/O
                         net (fo=22, routed)          1.329    32.717    CPU/dx_insn_reg/dff_loop[28].dff/bypass_readDataA[0]
    SLICE_X51Y125        LUT3 (Prop_lut3_I1_O)        0.150    32.867 r  CPU/dx_insn_reg/dff_loop[28].dff/q_i_2__45/O
                         net (fo=5, routed)           0.635    33.501    CPU/dx_insn_reg/dff_loop[28].dff/q_i_2__45_n_0
    SLICE_X52Y123        LUT5 (Prop_lut5_I0_O)        0.326    33.827 r  CPU/dx_insn_reg/dff_loop[28].dff/q_i_2__218/O
                         net (fo=6, routed)           0.499    34.327    CPU/dx_insn_reg/dff_loop[28].dff/q_i_2__218_n_0
    SLICE_X52Y125        LUT6 (Prop_lut6_I3_O)        0.124    34.451 r  CPU/dx_insn_reg/dff_loop[28].dff/q_i_2__43/O
                         net (fo=4, routed)           0.561    35.012    CPU/dx_insn_reg/dff_loop[28].dff/q_i_2__43_n_0
    SLICE_X55Y127        LUT6 (Prop_lut6_I1_O)        0.124    35.136 r  CPU/dx_insn_reg/dff_loop[28].dff/q_i_3__31/O
                         net (fo=2, routed)           0.471    35.607    CPU/dx_insn_reg/dff_loop[28].dff/q_i_3__31_n_0
    SLICE_X56Y128        LUT6 (Prop_lut6_I2_O)        0.124    35.731 r  CPU/dx_insn_reg/dff_loop[28].dff/q_i_2__38/O
                         net (fo=6, routed)           0.583    36.313    CPU/dx_insn_reg/dff_loop[28].dff/q_i_2__38_n_0
    SLICE_X57Y132        LUT6 (Prop_lut6_I2_O)        0.124    36.437 r  CPU/dx_insn_reg/dff_loop[28].dff/q_i_2__36/O
                         net (fo=6, routed)           0.707    37.144    CPU/dx_insn_reg/dff_loop[28].dff/q_i_2__36_n_0
    SLICE_X56Y132        LUT4 (Prop_lut4_I0_O)        0.124    37.268 r  CPU/dx_insn_reg/dff_loop[28].dff/q_i_1__336/O
                         net (fo=1, routed)           0.521    37.789    CPU/MULTDIV/reg_udividend/dff_loop[28].dff/q_reg_0
    SLICE_X56Y132        FDRE                                         r  CPU/MULTDIV/reg_udividend/dff_loop[28].dff/q_reg/D
  -------------------------------------------------------------------    -------------------

                         (clock clk_out1_clk_wiz_0 rise edge)
                                                     40.000    40.000 r  
    E3                                                0.000    40.000 r  clk_100mhz (IN)
                         net (fo=0)                   0.000    40.000    clk25/inst/clk_in1
    E3                   IBUF (Prop_ibuf_I_O)         1.411    41.411 r  clk25/inst/clkin1_ibufg/O
                         net (fo=1, routed)           1.181    42.592    clk25/inst/clk_in1_clk_wiz_0
    PLLE2_ADV_X1Y2       PLLE2_ADV (Prop_plle2_adv_CLKIN1_CLKOUT0)
                                                     -3.253    39.339 r  clk25/inst/plle2_adv_inst/CLKOUT0
                         net (fo=1, routed)           1.634    40.973    clk25/inst/clk_out1_clk_wiz_0
    BUFGCTRL_X0Y16       BUFG (Prop_bufg_I_O)         0.091    41.064 r  clk25/inst/clkout1_buf/O
                         net (fo=1332, routed)        1.481    42.545    CPU/MULTDIV/reg_udividend/dff_loop[28].dff/clk_out1
    SLICE_X56Y132        FDRE                                         r  CPU/MULTDIV/reg_udividend/dff_loop[28].dff/q_reg/C
                         clock pessimism              0.020    42.566    
                         clock uncertainty           -0.180    42.386    
    SLICE_X56Y132        FDRE (Setup_fdre_C_D)       -0.045    42.341    CPU/MULTDIV/reg_udividend/dff_loop[28].dff/q_reg
  -------------------------------------------------------------------
                         required time                         42.341    
                         arrival time                         -37.789    
  -------------------------------------------------------------------
                         slack                                  4.552    

Slack (MET) :             4.632ns  (required time - arrival time)
  Source:                 CPU/dx_insn_reg/dff_loop[29].dff/q_reg/C
                            (rising edge-triggered cell FDCE clocked by clk_out1_clk_wiz_0_1'  {rise@0.000ns fall@20.000ns period=40.000ns})
  Destination:            CPU/MULTDIV/reg_udividend/dff_loop[30].dff/q_reg/D
                            (rising edge-triggered cell FDRE clocked by clk_out1_clk_wiz_0  {rise@0.000ns fall@20.000ns period=40.000ns})
  Path Group:             clk_out1_clk_wiz_0
  Path Type:              Setup (Max at Slow Process Corner)
  Requirement:            20.000ns  (clk_out1_clk_wiz_0 rise@40.000ns - clk_out1_clk_wiz_0_1 fall@20.000ns)
  Data Path Delay:        12.304ns  (logic 2.405ns (19.547%)  route 9.899ns (80.453%))
  Logic Levels:           12  (LUT3=1 LUT4=1 LUT5=3 LUT6=7)
  Clock Path Skew:        -2.857ns (DCD - SCD + CPR)
    Destination Clock Delay (DCD):    2.545ns = ( 42.545 - 40.000 ) 
    Source Clock Delay      (SCD):    5.423ns = ( 25.423 - 20.000 ) 
    Clock Pessimism Removal (CPR):    0.020ns
  Clock Uncertainty:      0.180ns  ((TSJ^2 + DJ^2)^1/2) / 2 + PE
    Total System Jitter     (TSJ):    0.071ns
    Discrete Jitter          (DJ):    0.352ns
    Phase Error              (PE):    0.000ns
  Clock Domain Crossing:  Inter clock paths are considered valid unless explicitly excluded by timing constraints such as set_clock_groups or set_false_path.

    Location             Delay type                Incr(ns)  Path(ns)    Netlist Resource(s)
  -------------------------------------------------------------------    -------------------
                         (clock clk_out1_clk_wiz_0_1 fall edge)
                                                     20.000    20.000 f  
    E3                                                0.000    20.000 f  clk_100mhz (IN)
                         net (fo=0)                   0.000    20.000    clk25/inst/clk_in1
    E3                   IBUF (Prop_ibuf_I_O)         1.482    21.482 f  clk25/inst/clkin1_ibufg/O
                         net (fo=1, routed)           1.253    22.735    clk25/inst/clk_in1_clk_wiz_0
    PLLE2_ADV_X1Y2       PLLE2_ADV (Prop_plle2_adv_CLKIN1_CLKOUT0)
                                                     -3.459    19.276 f  clk25/inst/plle2_adv_inst/CLKOUT0
                         net (fo=1, routed)           1.713    20.989    clk25/inst/clk_out1_clk_wiz_0
    BUFGCTRL_X0Y16       BUFG (Prop_bufg_I_O)         0.096    21.085 f  clk25/inst/clkout1_buf/O
                         net (fo=1332, routed)        1.784    22.868    clock
    SLICE_X52Y96         LUT1 (Prop_lut1_I0_O)        0.124    22.992 r  q_reg_i_10/O
                         net (fo=1, routed)           0.720    23.713    q_reg_i_10_n_0
    BUFGCTRL_X0Y0        BUFG (Prop_bufg_I_O)         0.096    23.809 r  q_reg_i_3/O
                         net (fo=377, routed)         1.614    25.423    CPU/dx_insn_reg/dff_loop[29].dff/clk0
    SLICE_X31Y129        FDCE                                         r  CPU/dx_insn_reg/dff_loop[29].dff/q_reg/C
  -------------------------------------------------------------------    -------------------
    SLICE_X31Y129        FDCE (Prop_fdce_C_Q)         0.456    25.879 r  CPU/dx_insn_reg/dff_loop[29].dff/q_reg/Q
                         net (fo=31, routed)          1.580    27.459    CPU/dx_insn_reg/dff_loop[28].dff/q_i_18__14_2
    SLICE_X36Y130        LUT5 (Prop_lut5_I3_O)        0.154    27.613 f  CPU/dx_insn_reg/dff_loop[28].dff/q_i_17__15/O
                         net (fo=7, routed)           0.772    28.385    CPU/dx_insn_reg/dff_loop[28].dff/q_i_17__15_n_0
    SLICE_X36Y134        LUT4 (Prop_lut4_I0_O)        0.327    28.712 f  CPU/dx_insn_reg/dff_loop[28].dff/q_i_14__21/O
                         net (fo=3, routed)           0.631    29.342    CPU/dx_insn_reg/dff_loop[28].dff/q_i_14__21_n_0
    SLICE_X36Y133        LUT6 (Prop_lut6_I0_O)        0.124    29.466 r  CPU/dx_insn_reg/dff_loop[28].dff/q_i_6__50/O
                         net (fo=2, routed)           0.584    30.050    CPU/dx_insn_reg/dff_loop[28].dff/q_i_6__50_n_0
    SLICE_X37Y134        LUT6 (Prop_lut6_I0_O)        0.124    30.174 r  CPU/dx_insn_reg/dff_loop[28].dff/q_i_4__89/O
                         net (fo=32, routed)          1.090    31.264    CPU/dx_insn_reg/dff_loop[28].dff/q_i_4__89_n_0
    SLICE_X44Y136        LUT5 (Prop_lut5_I1_O)        0.124    31.388 f  CPU/dx_insn_reg/dff_loop[28].dff/q_i_2__143/O
                         net (fo=22, routed)          1.329    32.717    CPU/dx_insn_reg/dff_loop[28].dff/bypass_readDataA[0]
    SLICE_X51Y125        LUT3 (Prop_lut3_I1_O)        0.150    32.867 r  CPU/dx_insn_reg/dff_loop[28].dff/q_i_2__45/O
                         net (fo=5, routed)           0.635    33.501    CPU/dx_insn_reg/dff_loop[28].dff/q_i_2__45_n_0
    SLICE_X52Y123        LUT5 (Prop_lut5_I0_O)        0.326    33.827 r  CPU/dx_insn_reg/dff_loop[28].dff/q_i_2__218/O
                         net (fo=6, routed)           0.499    34.327    CPU/dx_insn_reg/dff_loop[28].dff/q_i_2__218_n_0
    SLICE_X52Y125        LUT6 (Prop_lut6_I3_O)        0.124    34.451 r  CPU/dx_insn_reg/dff_loop[28].dff/q_i_2__43/O
                         net (fo=4, routed)           0.561    35.012    CPU/dx_insn_reg/dff_loop[28].dff/q_i_2__43_n_0
    SLICE_X55Y127        LUT6 (Prop_lut6_I1_O)        0.124    35.136 r  CPU/dx_insn_reg/dff_loop[28].dff/q_i_3__31/O
                         net (fo=2, routed)           0.471    35.607    CPU/dx_insn_reg/dff_loop[28].dff/q_i_3__31_n_0
    SLICE_X56Y128        LUT6 (Prop_lut6_I2_O)        0.124    35.731 r  CPU/dx_insn_reg/dff_loop[28].dff/q_i_2__38/O
                         net (fo=6, routed)           0.583    36.313    CPU/dx_insn_reg/dff_loop[28].dff/q_i_2__38_n_0
    SLICE_X57Y132        LUT6 (Prop_lut6_I2_O)        0.124    36.437 r  CPU/dx_insn_reg/dff_loop[28].dff/q_i_2__36/O
                         net (fo=6, routed)           0.541    36.978    CPU/dx_insn_reg/dff_loop[28].dff/q_i_2__36_n_0
    SLICE_X56Y132        LUT6 (Prop_lut6_I2_O)        0.124    37.102 r  CPU/dx_insn_reg/dff_loop[28].dff/q_i_1__57/O
                         net (fo=2, routed)           0.624    37.726    CPU/MULTDIV/reg_udividend/dff_loop[30].dff/q_reg_1
    SLICE_X56Y132        FDRE                                         r  CPU/MULTDIV/reg_udividend/dff_loop[30].dff/q_reg/D
  -------------------------------------------------------------------    -------------------

                         (clock clk_out1_clk_wiz_0 rise edge)
                                                     40.000    40.000 r  
    E3                                                0.000    40.000 r  clk_100mhz (IN)
                         net (fo=0)                   0.000    40.000    clk25/inst/clk_in1
    E3                   IBUF (Prop_ibuf_I_O)         1.411    41.411 r  clk25/inst/clkin1_ibufg/O
                         net (fo=1, routed)           1.181    42.592    clk25/inst/clk_in1_clk_wiz_0
    PLLE2_ADV_X1Y2       PLLE2_ADV (Prop_plle2_adv_CLKIN1_CLKOUT0)
                                                     -3.253    39.339 r  clk25/inst/plle2_adv_inst/CLKOUT0
                         net (fo=1, routed)           1.634    40.973    clk25/inst/clk_out1_clk_wiz_0
    BUFGCTRL_X0Y16       BUFG (Prop_bufg_I_O)         0.091    41.064 r  clk25/inst/clkout1_buf/O
                         net (fo=1332, routed)        1.481    42.545    CPU/MULTDIV/reg_udividend/dff_loop[30].dff/clk_out1
    SLICE_X56Y132        FDRE                                         r  CPU/MULTDIV/reg_udividend/dff_loop[30].dff/q_reg/C
                         clock pessimism              0.020    42.566    
                         clock uncertainty           -0.180    42.386    
    SLICE_X56Y132        FDRE (Setup_fdre_C_D)       -0.028    42.358    CPU/MULTDIV/reg_udividend/dff_loop[30].dff/q_reg
  -------------------------------------------------------------------
                         required time                         42.358    
                         arrival time                         -37.726    
  -------------------------------------------------------------------
                         slack                                  4.632    

Slack (MET) :             4.741ns  (required time - arrival time)
  Source:                 CPU/dx_insn_reg/dff_loop[29].dff/q_reg/C
                            (rising edge-triggered cell FDCE clocked by clk_out1_clk_wiz_0_1'  {rise@0.000ns fall@20.000ns period=40.000ns})
  Destination:            CPU/MULTDIV/reg_q/dff_loop[26].dff/q_reg/D
                            (rising edge-triggered cell FDRE clocked by clk_out1_clk_wiz_0  {rise@0.000ns fall@20.000ns period=40.000ns})
  Path Group:             clk_out1_clk_wiz_0
  Path Type:              Setup (Max at Slow Process Corner)
  Requirement:            20.000ns  (clk_out1_clk_wiz_0 rise@40.000ns - clk_out1_clk_wiz_0_1 fall@20.000ns)
  Data Path Delay:        12.250ns  (logic 2.529ns (20.645%)  route 9.721ns (79.355%))
  Logic Levels:           13  (LUT3=2 LUT4=1 LUT5=5 LUT6=5)
  Clock Path Skew:        -2.860ns (DCD - SCD + CPR)
    Destination Clock Delay (DCD):    2.542ns = ( 42.542 - 40.000 ) 
    Source Clock Delay      (SCD):    5.423ns = ( 25.423 - 20.000 ) 
    Clock Pessimism Removal (CPR):    0.020ns
  Clock Uncertainty:      0.180ns  ((TSJ^2 + DJ^2)^1/2) / 2 + PE
    Total System Jitter     (TSJ):    0.071ns
    Discrete Jitter          (DJ):    0.352ns
    Phase Error              (PE):    0.000ns
  Clock Domain Crossing:  Inter clock paths are considered valid unless explicitly excluded by timing constraints such as set_clock_groups or set_false_path.

    Location             Delay type                Incr(ns)  Path(ns)    Netlist Resource(s)
  -------------------------------------------------------------------    -------------------
                         (clock clk_out1_clk_wiz_0_1 fall edge)
                                                     20.000    20.000 f  
    E3                                                0.000    20.000 f  clk_100mhz (IN)
                         net (fo=0)                   0.000    20.000    clk25/inst/clk_in1
    E3                   IBUF (Prop_ibuf_I_O)         1.482    21.482 f  clk25/inst/clkin1_ibufg/O
                         net (fo=1, routed)           1.253    22.735    clk25/inst/clk_in1_clk_wiz_0
    PLLE2_ADV_X1Y2       PLLE2_ADV (Prop_plle2_adv_CLKIN1_CLKOUT0)
                                                     -3.459    19.276 f  clk25/inst/plle2_adv_inst/CLKOUT0
                         net (fo=1, routed)           1.713    20.989    clk25/inst/clk_out1_clk_wiz_0
    BUFGCTRL_X0Y16       BUFG (Prop_bufg_I_O)         0.096    21.085 f  clk25/inst/clkout1_buf/O
                         net (fo=1332, routed)        1.784    22.868    clock
    SLICE_X52Y96         LUT1 (Prop_lut1_I0_O)        0.124    22.992 r  q_reg_i_10/O
                         net (fo=1, routed)           0.720    23.713    q_reg_i_10_n_0
    BUFGCTRL_X0Y0        BUFG (Prop_bufg_I_O)         0.096    23.809 r  q_reg_i_3/O
                         net (fo=377, routed)         1.614    25.423    CPU/dx_insn_reg/dff_loop[29].dff/clk0
    SLICE_X31Y129        FDCE                                         r  CPU/dx_insn_reg/dff_loop[29].dff/q_reg/C
  -------------------------------------------------------------------    -------------------
    SLICE_X31Y129        FDCE (Prop_fdce_C_Q)         0.456    25.879 r  CPU/dx_insn_reg/dff_loop[29].dff/q_reg/Q
                         net (fo=31, routed)          1.580    27.459    CPU/dx_insn_reg/dff_loop[28].dff/q_i_18__14_2
    SLICE_X36Y130        LUT5 (Prop_lut5_I3_O)        0.154    27.613 f  CPU/dx_insn_reg/dff_loop[28].dff/q_i_17__15/O
                         net (fo=7, routed)           0.772    28.385    CPU/dx_insn_reg/dff_loop[28].dff/q_i_17__15_n_0
    SLICE_X36Y134        LUT4 (Prop_lut4_I0_O)        0.327    28.712 f  CPU/dx_insn_reg/dff_loop[28].dff/q_i_14__21/O
                         net (fo=3, routed)           0.631    29.342    CPU/dx_insn_reg/dff_loop[28].dff/q_i_14__21_n_0
    SLICE_X36Y133        LUT6 (Prop_lut6_I0_O)        0.124    29.466 r  CPU/dx_insn_reg/dff_loop[28].dff/q_i_6__50/O
                         net (fo=2, routed)           0.584    30.050    CPU/dx_insn_reg/dff_loop[28].dff/q_i_6__50_n_0
    SLICE_X37Y134        LUT6 (Prop_lut6_I0_O)        0.124    30.174 r  CPU/dx_insn_reg/dff_loop[28].dff/q_i_4__89/O
                         net (fo=32, routed)          1.090    31.264    CPU/dx_insn_reg/dff_loop[28].dff/q_i_4__89_n_0
    SLICE_X44Y136        LUT5 (Prop_lut5_I1_O)        0.124    31.388 r  CPU/dx_insn_reg/dff_loop[28].dff/q_i_2__143/O
                         net (fo=22, routed)          1.329    32.717    CPU/dx_insn_reg/dff_loop[28].dff/bypass_readDataA[0]
    SLICE_X51Y125        LUT3 (Prop_lut3_I1_O)        0.150    32.867 f  CPU/dx_insn_reg/dff_loop[28].dff/q_i_2__45/O
                         net (fo=5, routed)           0.635    33.501    CPU/dx_insn_reg/dff_loop[28].dff/q_i_2__45_n_0
    SLICE_X52Y123        LUT5 (Prop_lut5_I0_O)        0.326    33.827 f  CPU/dx_insn_reg/dff_loop[28].dff/q_i_2__218/O
                         net (fo=6, routed)           0.499    34.327    CPU/dx_insn_reg/dff_loop[28].dff/q_i_2__218_n_0
    SLICE_X52Y125        LUT6 (Prop_lut6_I3_O)        0.124    34.451 f  CPU/dx_insn_reg/dff_loop[28].dff/q_i_2__43/O
                         net (fo=4, routed)           0.561    35.012    CPU/dx_insn_reg/dff_loop[28].dff/q_i_2__43_n_0
    SLICE_X55Y127        LUT6 (Prop_lut6_I1_O)        0.124    35.136 f  CPU/dx_insn_reg/dff_loop[28].dff/q_i_3__31/O
                         net (fo=2, routed)           0.471    35.607    CPU/dx_insn_reg/dff_loop[28].dff/q_i_3__31_n_0
    SLICE_X56Y128        LUT6 (Prop_lut6_I2_O)        0.124    35.731 f  CPU/dx_insn_reg/dff_loop[28].dff/q_i_2__38/O
                         net (fo=6, routed)           0.651    36.382    CPU/dx_insn_reg/dff_loop[28].dff/q_i_2__38_n_0
    SLICE_X58Y130        LUT5 (Prop_lut5_I3_O)        0.124    36.506 r  CPU/dx_insn_reg/dff_loop[28].dff/q_i_2__37/O
                         net (fo=1, routed)           0.464    36.970    CPU/dx_insn_reg/dff_loop[28].dff/q_i_2__37_n_0
    SLICE_X58Y130        LUT3 (Prop_lut3_I2_O)        0.124    37.094 r  CPU/dx_insn_reg/dff_loop[28].dff/q_i_1__54/O
                         net (fo=2, routed)           0.455    37.549    CPU/MULTDIV/reg_q/dff_loop[26].dff/q_reg_6
    SLICE_X57Y129        LUT5 (Prop_lut5_I4_O)        0.124    37.673 r  CPU/MULTDIV/reg_q/dff_loop[26].dff/q_i_1__5/O
                         net (fo=1, routed)           0.000    37.673    CPU/MULTDIV/reg_q/dff_loop[26].dff/q_next[26]
    SLICE_X57Y129        FDRE                                         r  CPU/MULTDIV/reg_q/dff_loop[26].dff/q_reg/D
  -------------------------------------------------------------------    -------------------

                         (clock clk_out1_clk_wiz_0 rise edge)
                                                     40.000    40.000 r  
    E3                                                0.000    40.000 r  clk_100mhz (IN)
                         net (fo=0)                   0.000    40.000    clk25/inst/clk_in1
    E3                   IBUF (Prop_ibuf_I_O)         1.411    41.411 r  clk25/inst/clkin1_ibufg/O
                         net (fo=1, routed)           1.181    42.592    clk25/inst/clk_in1_clk_wiz_0
    PLLE2_ADV_X1Y2       PLLE2_ADV (Prop_plle2_adv_CLKIN1_CLKOUT0)
                                                     -3.253    39.339 r  clk25/inst/plle2_adv_inst/CLKOUT0
                         net (fo=1, routed)           1.634    40.973    clk25/inst/clk_out1_clk_wiz_0
    BUFGCTRL_X0Y16       BUFG (Prop_bufg_I_O)         0.091    41.064 r  clk25/inst/clkout1_buf/O
                         net (fo=1332, routed)        1.478    42.542    CPU/MULTDIV/reg_q/dff_loop[26].dff/clk_out1
    SLICE_X57Y129        FDRE                                         r  CPU/MULTDIV/reg_q/dff_loop[26].dff/q_reg/C
                         clock pessimism              0.020    42.563    
                         clock uncertainty           -0.180    42.383    
    SLICE_X57Y129        FDRE (Setup_fdre_C_D)        0.031    42.414    CPU/MULTDIV/reg_q/dff_loop[26].dff/q_reg
  -------------------------------------------------------------------
                         required time                         42.414    
                         arrival time                         -37.673    
  -------------------------------------------------------------------
                         slack                                  4.741    

Slack (MET) :             4.753ns  (required time - arrival time)
  Source:                 CPU/dx_insn_reg/dff_loop[29].dff/q_reg/C
                            (rising edge-triggered cell FDCE clocked by clk_out1_clk_wiz_0_1'  {rise@0.000ns fall@20.000ns period=40.000ns})
  Destination:            CPU/MULTDIV/reg_udividend/dff_loop[26].dff/q_reg/D
                            (rising edge-triggered cell FDRE clocked by clk_out1_clk_wiz_0  {rise@0.000ns fall@20.000ns period=40.000ns})
  Path Group:             clk_out1_clk_wiz_0
  Path Type:              Setup (Max at Slow Process Corner)
  Requirement:            20.000ns  (clk_out1_clk_wiz_0 rise@40.000ns - clk_out1_clk_wiz_0_1 fall@20.000ns)
  Data Path Delay:        12.178ns  (logic 2.405ns (19.749%)  route 9.773ns (80.251%))
  Logic Levels:           12  (LUT3=2 LUT4=1 LUT5=4 LUT6=5)
  Clock Path Skew:        -2.861ns (DCD - SCD + CPR)
    Destination Clock Delay (DCD):    2.541ns = ( 42.541 - 40.000 ) 
    Source Clock Delay      (SCD):    5.423ns = ( 25.423 - 20.000 ) 
    Clock Pessimism Removal (CPR):    0.020ns
  Clock Uncertainty:      0.180ns  ((TSJ^2 + DJ^2)^1/2) / 2 + PE
    Total System Jitter     (TSJ):    0.071ns
    Discrete Jitter          (DJ):    0.352ns
    Phase Error              (PE):    0.000ns
  Clock Domain Crossing:  Inter clock paths are considered valid unless explicitly excluded by timing constraints such as set_clock_groups or set_false_path.

    Location             Delay type                Incr(ns)  Path(ns)    Netlist Resource(s)
  -------------------------------------------------------------------    -------------------
                         (clock clk_out1_clk_wiz_0_1 fall edge)
                                                     20.000    20.000 f  
    E3                                                0.000    20.000 f  clk_100mhz (IN)
                         net (fo=0)                   0.000    20.000    clk25/inst/clk_in1
    E3                   IBUF (Prop_ibuf_I_O)         1.482    21.482 f  clk25/inst/clkin1_ibufg/O
                         net (fo=1, routed)           1.253    22.735    clk25/inst/clk_in1_clk_wiz_0
    PLLE2_ADV_X1Y2       PLLE2_ADV (Prop_plle2_adv_CLKIN1_CLKOUT0)
                                                     -3.459    19.276 f  clk25/inst/plle2_adv_inst/CLKOUT0
                         net (fo=1, routed)           1.713    20.989    clk25/inst/clk_out1_clk_wiz_0
    BUFGCTRL_X0Y16       BUFG (Prop_bufg_I_O)         0.096    21.085 f  clk25/inst/clkout1_buf/O
                         net (fo=1332, routed)        1.784    22.868    clock
    SLICE_X52Y96         LUT1 (Prop_lut1_I0_O)        0.124    22.992 r  q_reg_i_10/O
                         net (fo=1, routed)           0.720    23.713    q_reg_i_10_n_0
    BUFGCTRL_X0Y0        BUFG (Prop_bufg_I_O)         0.096    23.809 r  q_reg_i_3/O
                         net (fo=377, routed)         1.614    25.423    CPU/dx_insn_reg/dff_loop[29].dff/clk0
    SLICE_X31Y129        FDCE                                         r  CPU/dx_insn_reg/dff_loop[29].dff/q_reg/C
  -------------------------------------------------------------------    -------------------
    SLICE_X31Y129        FDCE (Prop_fdce_C_Q)         0.456    25.879 r  CPU/dx_insn_reg/dff_loop[29].dff/q_reg/Q
                         net (fo=31, routed)          1.580    27.459    CPU/dx_insn_reg/dff_loop[28].dff/q_i_18__14_2
    SLICE_X36Y130        LUT5 (Prop_lut5_I3_O)        0.154    27.613 f  CPU/dx_insn_reg/dff_loop[28].dff/q_i_17__15/O
                         net (fo=7, routed)           0.772    28.385    CPU/dx_insn_reg/dff_loop[28].dff/q_i_17__15_n_0
    SLICE_X36Y134        LUT4 (Prop_lut4_I0_O)        0.327    28.712 f  CPU/dx_insn_reg/dff_loop[28].dff/q_i_14__21/O
                         net (fo=3, routed)           0.631    29.342    CPU/dx_insn_reg/dff_loop[28].dff/q_i_14__21_n_0
    SLICE_X36Y133        LUT6 (Prop_lut6_I0_O)        0.124    29.466 r  CPU/dx_insn_reg/dff_loop[28].dff/q_i_6__50/O
                         net (fo=2, routed)           0.584    30.050    CPU/dx_insn_reg/dff_loop[28].dff/q_i_6__50_n_0
    SLICE_X37Y134        LUT6 (Prop_lut6_I0_O)        0.124    30.174 r  CPU/dx_insn_reg/dff_loop[28].dff/q_i_4__89/O
                         net (fo=32, routed)          1.090    31.264    CPU/dx_insn_reg/dff_loop[28].dff/q_i_4__89_n_0
    SLICE_X44Y136        LUT5 (Prop_lut5_I1_O)        0.124    31.388 r  CPU/dx_insn_reg/dff_loop[28].dff/q_i_2__143/O
                         net (fo=22, routed)          1.329    32.717    CPU/dx_insn_reg/dff_loop[28].dff/bypass_readDataA[0]
    SLICE_X51Y125        LUT3 (Prop_lut3_I1_O)        0.150    32.867 f  CPU/dx_insn_reg/dff_loop[28].dff/q_i_2__45/O
                         net (fo=5, routed)           0.635    33.501    CPU/dx_insn_reg/dff_loop[28].dff/q_i_2__45_n_0
    SLICE_X52Y123        LUT5 (Prop_lut5_I0_O)        0.326    33.827 f  CPU/dx_insn_reg/dff_loop[28].dff/q_i_2__218/O
                         net (fo=6, routed)           0.499    34.327    CPU/dx_insn_reg/dff_loop[28].dff/q_i_2__218_n_0
    SLICE_X52Y125        LUT6 (Prop_lut6_I3_O)        0.124    34.451 f  CPU/dx_insn_reg/dff_loop[28].dff/q_i_2__43/O
                         net (fo=4, routed)           0.561    35.012    CPU/dx_insn_reg/dff_loop[28].dff/q_i_2__43_n_0
    SLICE_X55Y127        LUT6 (Prop_lut6_I1_O)        0.124    35.136 f  CPU/dx_insn_reg/dff_loop[28].dff/q_i_3__31/O
                         net (fo=2, routed)           0.471    35.607    CPU/dx_insn_reg/dff_loop[28].dff/q_i_3__31_n_0
    SLICE_X56Y128        LUT6 (Prop_lut6_I2_O)        0.124    35.731 f  CPU/dx_insn_reg/dff_loop[28].dff/q_i_2__38/O
                         net (fo=6, routed)           0.651    36.382    CPU/dx_insn_reg/dff_loop[28].dff/q_i_2__38_n_0
    SLICE_X58Y130        LUT5 (Prop_lut5_I3_O)        0.124    36.506 r  CPU/dx_insn_reg/dff_loop[28].dff/q_i_2__37/O
                         net (fo=1, routed)           0.464    36.970    CPU/dx_insn_reg/dff_loop[28].dff/q_i_2__37_n_0
    SLICE_X58Y130        LUT3 (Prop_lut3_I2_O)        0.124    37.094 r  CPU/dx_insn_reg/dff_loop[28].dff/q_i_1__54/O
                         net (fo=2, routed)           0.507    37.601    CPU/MULTDIV/reg_udividend/dff_loop[26].dff/q_reg_0
    SLICE_X56Y128        FDRE                                         r  CPU/MULTDIV/reg_udividend/dff_loop[26].dff/q_reg/D
  -------------------------------------------------------------------    -------------------

                         (clock clk_out1_clk_wiz_0 rise edge)
                                                     40.000    40.000 r  
    E3                                                0.000    40.000 r  clk_100mhz (IN)
                         net (fo=0)                   0.000    40.000    clk25/inst/clk_in1
    E3                   IBUF (Prop_ibuf_I_O)         1.411    41.411 r  clk25/inst/clkin1_ibufg/O
                         net (fo=1, routed)           1.181    42.592    clk25/inst/clk_in1_clk_wiz_0
    PLLE2_ADV_X1Y2       PLLE2_ADV (Prop_plle2_adv_CLKIN1_CLKOUT0)
                                                     -3.253    39.339 r  clk25/inst/plle2_adv_inst/CLKOUT0
                         net (fo=1, routed)           1.634    40.973    clk25/inst/clk_out1_clk_wiz_0
    BUFGCTRL_X0Y16       BUFG (Prop_bufg_I_O)         0.091    41.064 r  clk25/inst/clkout1_buf/O
                         net (fo=1332, routed)        1.477    42.541    CPU/MULTDIV/reg_udividend/dff_loop[26].dff/clk_out1
    SLICE_X56Y128        FDRE                                         r  CPU/MULTDIV/reg_udividend/dff_loop[26].dff/q_reg/C
                         clock pessimism              0.020    42.562    
                         clock uncertainty           -0.180    42.382    
    SLICE_X56Y128        FDRE (Setup_fdre_C_D)       -0.028    42.354    CPU/MULTDIV/reg_udividend/dff_loop[26].dff/q_reg
  -------------------------------------------------------------------
                         required time                         42.354    
                         arrival time                         -37.601    
  -------------------------------------------------------------------
                         slack                                  4.753    

Slack (MET) :             4.880ns  (required time - arrival time)
  Source:                 CPU/dx_insn_reg/dff_loop[29].dff/q_reg/C
                            (rising edge-triggered cell FDCE clocked by clk_out1_clk_wiz_0_1'  {rise@0.000ns fall@20.000ns period=40.000ns})
  Destination:            CPU/MULTDIV/reg_q/dff_loop[23].dff/q_reg/D
                            (rising edge-triggered cell FDRE clocked by clk_out1_clk_wiz_0  {rise@0.000ns fall@20.000ns period=40.000ns})
  Path Group:             clk_out1_clk_wiz_0
  Path Type:              Setup (Max at Slow Process Corner)
  Requirement:            20.000ns  (clk_out1_clk_wiz_0 rise@40.000ns - clk_out1_clk_wiz_0_1 fall@20.000ns)
  Data Path Delay:        12.109ns  (logic 2.647ns (21.861%)  route 9.462ns (78.139%))
  Logic Levels:           12  (LUT3=1 LUT4=2 LUT5=4 LUT6=5)
  Clock Path Skew:        -2.861ns (DCD - SCD + CPR)
    Destination Clock Delay (DCD):    2.541ns = ( 42.541 - 40.000 ) 
    Source Clock Delay      (SCD):    5.423ns = ( 25.423 - 20.000 ) 
    Clock Pessimism Removal (CPR):    0.020ns
  Clock Uncertainty:      0.180ns  ((TSJ^2 + DJ^2)^1/2) / 2 + PE
    Total System Jitter     (TSJ):    0.071ns
    Discrete Jitter          (DJ):    0.352ns
    Phase Error              (PE):    0.000ns
  Clock Domain Crossing:  Inter clock paths are considered valid unless explicitly excluded by timing constraints such as set_clock_groups or set_false_path.

    Location             Delay type                Incr(ns)  Path(ns)    Netlist Resource(s)
  -------------------------------------------------------------------    -------------------
                         (clock clk_out1_clk_wiz_0_1 fall edge)
                                                     20.000    20.000 f  
    E3                                                0.000    20.000 f  clk_100mhz (IN)
                         net (fo=0)                   0.000    20.000    clk25/inst/clk_in1
    E3                   IBUF (Prop_ibuf_I_O)         1.482    21.482 f  clk25/inst/clkin1_ibufg/O
                         net (fo=1, routed)           1.253    22.735    clk25/inst/clk_in1_clk_wiz_0
    PLLE2_ADV_X1Y2       PLLE2_ADV (Prop_plle2_adv_CLKIN1_CLKOUT0)
                                                     -3.459    19.276 f  clk25/inst/plle2_adv_inst/CLKOUT0
                         net (fo=1, routed)           1.713    20.989    clk25/inst/clk_out1_clk_wiz_0
    BUFGCTRL_X0Y16       BUFG (Prop_bufg_I_O)         0.096    21.085 f  clk25/inst/clkout1_buf/O
                         net (fo=1332, routed)        1.784    22.868    clock
    SLICE_X52Y96         LUT1 (Prop_lut1_I0_O)        0.124    22.992 r  q_reg_i_10/O
                         net (fo=1, routed)           0.720    23.713    q_reg_i_10_n_0
    BUFGCTRL_X0Y0        BUFG (Prop_bufg_I_O)         0.096    23.809 r  q_reg_i_3/O
                         net (fo=377, routed)         1.614    25.423    CPU/dx_insn_reg/dff_loop[29].dff/clk0
    SLICE_X31Y129        FDCE                                         r  CPU/dx_insn_reg/dff_loop[29].dff/q_reg/C
  -------------------------------------------------------------------    -------------------
    SLICE_X31Y129        FDCE (Prop_fdce_C_Q)         0.456    25.879 r  CPU/dx_insn_reg/dff_loop[29].dff/q_reg/Q
                         net (fo=31, routed)          1.580    27.459    CPU/dx_insn_reg/dff_loop[28].dff/q_i_18__14_2
    SLICE_X36Y130        LUT5 (Prop_lut5_I3_O)        0.154    27.613 f  CPU/dx_insn_reg/dff_loop[28].dff/q_i_17__15/O
                         net (fo=7, routed)           0.772    28.385    CPU/dx_insn_reg/dff_loop[28].dff/q_i_17__15_n_0
    SLICE_X36Y134        LUT4 (Prop_lut4_I0_O)        0.327    28.712 f  CPU/dx_insn_reg/dff_loop[28].dff/q_i_14__21/O
                         net (fo=3, routed)           0.631    29.342    CPU/dx_insn_reg/dff_loop[28].dff/q_i_14__21_n_0
    SLICE_X36Y133        LUT6 (Prop_lut6_I0_O)        0.124    29.466 r  CPU/dx_insn_reg/dff_loop[28].dff/q_i_6__50/O
                         net (fo=2, routed)           0.584    30.050    CPU/dx_insn_reg/dff_loop[28].dff/q_i_6__50_n_0
    SLICE_X37Y134        LUT6 (Prop_lut6_I0_O)        0.124    30.174 r  CPU/dx_insn_reg/dff_loop[28].dff/q_i_4__89/O
                         net (fo=32, routed)          1.090    31.264    CPU/dx_insn_reg/dff_loop[28].dff/q_i_4__89_n_0
    SLICE_X44Y136        LUT5 (Prop_lut5_I1_O)        0.124    31.388 f  CPU/dx_insn_reg/dff_loop[28].dff/q_i_2__143/O
                         net (fo=22, routed)          1.329    32.717    CPU/dx_insn_reg/dff_loop[28].dff/bypass_readDataA[0]
    SLICE_X51Y125        LUT3 (Prop_lut3_I1_O)        0.150    32.867 r  CPU/dx_insn_reg/dff_loop[28].dff/q_i_2__45/O
                         net (fo=5, routed)           0.635    33.501    CPU/dx_insn_reg/dff_loop[28].dff/q_i_2__45_n_0
    SLICE_X52Y123        LUT5 (Prop_lut5_I0_O)        0.326    33.827 r  CPU/dx_insn_reg/dff_loop[28].dff/q_i_2__218/O
                         net (fo=6, routed)           0.499    34.327    CPU/dx_insn_reg/dff_loop[28].dff/q_i_2__218_n_0
    SLICE_X52Y125        LUT6 (Prop_lut6_I3_O)        0.124    34.451 r  CPU/dx_insn_reg/dff_loop[28].dff/q_i_2__43/O
                         net (fo=4, routed)           0.561    35.012    CPU/dx_insn_reg/dff_loop[28].dff/q_i_2__43_n_0
    SLICE_X55Y127        LUT6 (Prop_lut6_I1_O)        0.124    35.136 r  CPU/dx_insn_reg/dff_loop[28].dff/q_i_3__31/O
                         net (fo=2, routed)           0.471    35.607    CPU/dx_insn_reg/dff_loop[28].dff/q_i_3__31_n_0
    SLICE_X56Y128        LUT6 (Prop_lut6_I2_O)        0.124    35.731 r  CPU/dx_insn_reg/dff_loop[28].dff/q_i_2__38/O
                         net (fo=6, routed)           0.715    36.446    CPU/dx_insn_reg/dff_loop[28].dff/q_i_2__38_n_0
    SLICE_X56Y128        LUT4 (Prop_lut4_I0_O)        0.150    36.596 r  CPU/dx_insn_reg/dff_loop[28].dff/q_i_1__340/O
                         net (fo=2, routed)           0.595    37.191    CPU/MULTDIV/reg_q/dff_loop[23].dff/q_reg_5
    SLICE_X57Y128        LUT5 (Prop_lut5_I4_O)        0.340    37.531 r  CPU/MULTDIV/reg_q/dff_loop[23].dff/q_i_1__8/O
                         net (fo=1, routed)           0.000    37.531    CPU/MULTDIV/reg_q/dff_loop[23].dff/q_next[23]
    SLICE_X57Y128        FDRE                                         r  CPU/MULTDIV/reg_q/dff_loop[23].dff/q_reg/D
  -------------------------------------------------------------------    -------------------

                         (clock clk_out1_clk_wiz_0 rise edge)
                                                     40.000    40.000 r  
    E3                                                0.000    40.000 r  clk_100mhz (IN)
                         net (fo=0)                   0.000    40.000    clk25/inst/clk_in1
    E3                   IBUF (Prop_ibuf_I_O)         1.411    41.411 r  clk25/inst/clkin1_ibufg/O
                         net (fo=1, routed)           1.181    42.592    clk25/inst/clk_in1_clk_wiz_0
    PLLE2_ADV_X1Y2       PLLE2_ADV (Prop_plle2_adv_CLKIN1_CLKOUT0)
                                                     -3.253    39.339 r  clk25/inst/plle2_adv_inst/CLKOUT0
                         net (fo=1, routed)           1.634    40.973    clk25/inst/clk_out1_clk_wiz_0
    BUFGCTRL_X0Y16       BUFG (Prop_bufg_I_O)         0.091    41.064 r  clk25/inst/clkout1_buf/O
                         net (fo=1332, routed)        1.477    42.541    CPU/MULTDIV/reg_q/dff_loop[23].dff/clk_out1
    SLICE_X57Y128        FDRE                                         r  CPU/MULTDIV/reg_q/dff_loop[23].dff/q_reg/C
                         clock pessimism              0.020    42.562    
                         clock uncertainty           -0.180    42.382    
    SLICE_X57Y128        FDRE (Setup_fdre_C_D)        0.029    42.411    CPU/MULTDIV/reg_q/dff_loop[23].dff/q_reg
  -------------------------------------------------------------------
                         required time                         42.411    
                         arrival time                         -37.531    
  -------------------------------------------------------------------
                         slack                                  4.880    





Min Delay Paths
--------------------------------------------------------------------------------------
Slack (MET) :             0.029ns  (arrival time - required time)
  Source:                 CPU/MULTDIV/p_high/dff_loop[27].dff/q_reg/C
                            (rising edge-triggered cell FDRE clocked by clk_out1_clk_wiz_0_1  {rise@0.000ns fall@20.000ns period=40.000ns})
  Destination:            CPU/MULTDIV/p_high/dff_loop[26].dff/q_reg/D
                            (rising edge-triggered cell FDRE clocked by clk_out1_clk_wiz_0  {rise@0.000ns fall@20.000ns period=40.000ns})
  Path Group:             clk_out1_clk_wiz_0
  Path Type:              Hold (Min at Fast Process Corner)
  Requirement:            0.000ns  (clk_out1_clk_wiz_0 rise@0.000ns - clk_out1_clk_wiz_0_1 rise@0.000ns)
  Data Path Delay:        0.344ns  (logic 0.186ns (54.029%)  route 0.158ns (45.971%))
  Logic Levels:           1  (LUT6=1)
  Clock Path Skew:        0.016ns (DCD - SCD - CPR)
    Destination Clock Delay (DCD):    0.917ns
    Source Clock Delay      (SCD):    0.687ns
    Clock Pessimism Removal (CPR):    0.214ns
  Clock Uncertainty:      0.180ns  ((TSJ^2 + DJ^2)^1/2) / 2 + PE
    Total System Jitter     (TSJ):    0.071ns
    Discrete Jitter          (DJ):    0.352ns
    Phase Error              (PE):    0.000ns
  Clock Domain Crossing:  Inter clock paths are considered valid unless explicitly excluded by timing constraints such as set_clock_groups or set_false_path.

    Location             Delay type                Incr(ns)  Path(ns)    Netlist Resource(s)
  -------------------------------------------------------------------    -------------------
                         (clock clk_out1_clk_wiz_0_1 rise edge)
                                                      0.000     0.000 r  
    E3                                                0.000     0.000 r  clk_100mhz (IN)
                         net (fo=0)                   0.000     0.000    clk25/inst/clk_in1
    E3                   IBUF (Prop_ibuf_I_O)         0.250     0.250 r  clk25/inst/clkin1_ibufg/O
                         net (fo=1, routed)           0.440     0.690    clk25/inst/clk_in1_clk_wiz_0
    PLLE2_ADV_X1Y2       PLLE2_ADV (Prop_plle2_adv_CLKIN1_CLKOUT0)
                                                     -1.100    -0.410 r  clk25/inst/plle2_adv_inst/CLKOUT0
                         net (fo=1, routed)           0.514     0.104    clk25/inst/clk_out1_clk_wiz_0
    BUFGCTRL_X0Y16       BUFG (Prop_bufg_I_O)         0.026     0.130 r  clk25/inst/clkout1_buf/O
                         net (fo=1332, routed)        0.557     0.687    CPU/MULTDIV/p_high/dff_loop[27].dff/clk_out1
    SLICE_X52Y140        FDRE                                         r  CPU/MULTDIV/p_high/dff_loop[27].dff/q_reg/C
  -------------------------------------------------------------------    -------------------
    SLICE_X52Y140        FDRE (Prop_fdre_C_Q)         0.141     0.828 r  CPU/MULTDIV/p_high/dff_loop[27].dff/q_reg/Q
                         net (fo=7, routed)           0.158     0.986    CPU/MULTDIV/p_high/dff_loop[27].dff/q_reg_0
    SLICE_X54Y141        LUT6 (Prop_lut6_I0_O)        0.045     1.031 r  CPU/MULTDIV/p_high/dff_loop[27].dff/q_i_1__62/O
                         net (fo=1, routed)           0.000     1.031    CPU/MULTDIV/p_high/dff_loop[26].dff/q_reg_4
    SLICE_X54Y141        FDRE                                         r  CPU/MULTDIV/p_high/dff_loop[26].dff/q_reg/D
  -------------------------------------------------------------------    -------------------

                         (clock clk_out1_clk_wiz_0 rise edge)
                                                      0.000     0.000 r  
    E3                                                0.000     0.000 r  clk_100mhz (IN)
                         net (fo=0)                   0.000     0.000    clk25/inst/clk_in1
    E3                   IBUF (Prop_ibuf_I_O)         0.438     0.438 r  clk25/inst/clkin1_ibufg/O
                         net (fo=1, routed)           0.481     0.919    clk25/inst/clk_in1_clk_wiz_0
    PLLE2_ADV_X1Y2       PLLE2_ADV (Prop_plle2_adv_CLKIN1_CLKOUT0)
                                                     -1.417    -0.498 r  clk25/inst/plle2_adv_inst/CLKOUT0
                         net (fo=1, routed)           0.560     0.061    clk25/inst/clk_out1_clk_wiz_0
    BUFGCTRL_X0Y16       BUFG (Prop_bufg_I_O)         0.029     0.090 r  clk25/inst/clkout1_buf/O
                         net (fo=1332, routed)        0.826     0.917    CPU/MULTDIV/p_high/dff_loop[26].dff/clk_out1
    SLICE_X54Y141        FDRE                                         r  CPU/MULTDIV/p_high/dff_loop[26].dff/q_reg/C
                         clock pessimism             -0.214     0.703    
                         clock uncertainty            0.180     0.883    
    SLICE_X54Y141        FDRE (Hold_fdre_C_D)         0.120     1.003    CPU/MULTDIV/p_high/dff_loop[26].dff/q_reg
  -------------------------------------------------------------------
                         required time                         -1.003    
                         arrival time                           1.031    
  -------------------------------------------------------------------
                         slack                                  0.029    

Slack (MET) :             0.031ns  (arrival time - required time)
  Source:                 vga/Display/vPos_reg[3]/C
                            (rising edge-triggered cell FDCE clocked by clk_out1_clk_wiz_0_1  {rise@0.000ns fall@20.000ns period=40.000ns})
  Destination:            vga/Display/vPos_reg[4]/D
                            (rising edge-triggered cell FDCE clocked by clk_out1_clk_wiz_0  {rise@0.000ns fall@20.000ns period=40.000ns})
  Path Group:             clk_out1_clk_wiz_0
  Path Type:              Hold (Min at Fast Process Corner)
  Requirement:            0.000ns  (clk_out1_clk_wiz_0 rise@0.000ns - clk_out1_clk_wiz_0_1 rise@0.000ns)
  Data Path Delay:        0.315ns  (logic 0.209ns (66.277%)  route 0.106ns (33.723%))
  Logic Levels:           1  (LUT5=1)
  Clock Path Skew:        0.013ns (DCD - SCD - CPR)
    Destination Clock Delay (DCD):    0.911ns
    Source Clock Delay      (SCD):    0.683ns
    Clock Pessimism Removal (CPR):    0.215ns
  Clock Uncertainty:      0.180ns  ((TSJ^2 + DJ^2)^1/2) / 2 + PE
    Total System Jitter     (TSJ):    0.071ns
    Discrete Jitter          (DJ):    0.352ns
    Phase Error              (PE):    0.000ns
  Clock Domain Crossing:  Inter clock paths are considered valid unless explicitly excluded by timing constraints such as set_clock_groups or set_false_path.

    Location             Delay type                Incr(ns)  Path(ns)    Netlist Resource(s)
  -------------------------------------------------------------------    -------------------
                         (clock clk_out1_clk_wiz_0_1 rise edge)
                                                      0.000     0.000 r  
    E3                                                0.000     0.000 r  clk_100mhz (IN)
                         net (fo=0)                   0.000     0.000    clk25/inst/clk_in1
    E3                   IBUF (Prop_ibuf_I_O)         0.250     0.250 r  clk25/inst/clkin1_ibufg/O
                         net (fo=1, routed)           0.440     0.690    clk25/inst/clk_in1_clk_wiz_0
    PLLE2_ADV_X1Y2       PLLE2_ADV (Prop_plle2_adv_CLKIN1_CLKOUT0)
                                                     -1.100    -0.410 r  clk25/inst/plle2_adv_inst/CLKOUT0
                         net (fo=1, routed)           0.514     0.104    clk25/inst/clk_out1_clk_wiz_0
    BUFGCTRL_X0Y16       BUFG (Prop_bufg_I_O)         0.026     0.130 r  clk25/inst/clkout1_buf/O
                         net (fo=1332, routed)        0.553     0.683    vga/Display/clk_out1
    SLICE_X30Y123        FDCE                                         r  vga/Display/vPos_reg[3]/C
  -------------------------------------------------------------------    -------------------
    SLICE_X30Y123        FDCE (Prop_fdce_C_Q)         0.164     0.847 r  vga/Display/vPos_reg[3]/Q
                         net (fo=9, routed)           0.106     0.953    vga/Display/vPos_reg_n_0_[3]
    SLICE_X31Y123        LUT5 (Prop_lut5_I4_O)        0.045     0.998 r  vga/Display/vPos[4]_i_1/O
                         net (fo=1, routed)           0.000     0.998    vga/Display/vPos[4]_i_1_n_0
    SLICE_X31Y123        FDCE                                         r  vga/Display/vPos_reg[4]/D
  -------------------------------------------------------------------    -------------------

                         (clock clk_out1_clk_wiz_0 rise edge)
                                                      0.000     0.000 r  
    E3                                                0.000     0.000 r  clk_100mhz (IN)
                         net (fo=0)                   0.000     0.000    clk25/inst/clk_in1
    E3                   IBUF (Prop_ibuf_I_O)         0.438     0.438 r  clk25/inst/clkin1_ibufg/O
                         net (fo=1, routed)           0.481     0.919    clk25/inst/clk_in1_clk_wiz_0
    PLLE2_ADV_X1Y2       PLLE2_ADV (Prop_plle2_adv_CLKIN1_CLKOUT0)
                                                     -1.417    -0.498 r  clk25/inst/plle2_adv_inst/CLKOUT0
                         net (fo=1, routed)           0.560     0.061    clk25/inst/clk_out1_clk_wiz_0
    BUFGCTRL_X0Y16       BUFG (Prop_bufg_I_O)         0.029     0.090 r  clk25/inst/clkout1_buf/O
                         net (fo=1332, routed)        0.821     0.911    vga/Display/clk_out1
    SLICE_X31Y123        FDCE                                         r  vga/Display/vPos_reg[4]/C
                         clock pessimism             -0.215     0.696    
                         clock uncertainty            0.180     0.876    
    SLICE_X31Y123        FDCE (Hold_fdce_C_D)         0.092     0.968    vga/Display/vPos_reg[4]
  -------------------------------------------------------------------
                         required time                         -0.968    
                         arrival time                           0.998    
  -------------------------------------------------------------------
                         slack                                  0.031    

Slack (MET) :             0.035ns  (arrival time - required time)
  Source:                 CPU/MULTDIV/p_low/dff_loop[18].dff/q_reg/C
                            (rising edge-triggered cell FDRE clocked by clk_out1_clk_wiz_0_1  {rise@0.000ns fall@20.000ns period=40.000ns})
  Destination:            CPU/MULTDIV/p_low/dff_loop[17].dff/q_reg/D
                            (rising edge-triggered cell FDRE clocked by clk_out1_clk_wiz_0  {rise@0.000ns fall@20.000ns period=40.000ns})
  Path Group:             clk_out1_clk_wiz_0
  Path Type:              Hold (Min at Fast Process Corner)
  Requirement:            0.000ns  (clk_out1_clk_wiz_0 rise@0.000ns - clk_out1_clk_wiz_0_1 rise@0.000ns)
  Data Path Delay:        0.367ns  (logic 0.209ns (56.872%)  route 0.158ns (43.128%))
  Logic Levels:           1  (LUT3=1)
  Clock Path Skew:        0.033ns (DCD - SCD - CPR)
    Destination Clock Delay (DCD):    0.903ns
    Source Clock Delay      (SCD):    0.676ns
    Clock Pessimism Removal (CPR):    0.194ns
  Clock Uncertainty:      0.180ns  ((TSJ^2 + DJ^2)^1/2) / 2 + PE
    Total System Jitter     (TSJ):    0.071ns
    Discrete Jitter          (DJ):    0.352ns
    Phase Error              (PE):    0.000ns
  Clock Domain Crossing:  Inter clock paths are considered valid unless explicitly excluded by timing constraints such as set_clock_groups or set_false_path.

    Location             Delay type                Incr(ns)  Path(ns)    Netlist Resource(s)
  -------------------------------------------------------------------    -------------------
                         (clock clk_out1_clk_wiz_0_1 rise edge)
                                                      0.000     0.000 r  
    E3                                                0.000     0.000 r  clk_100mhz (IN)
                         net (fo=0)                   0.000     0.000    clk25/inst/clk_in1
    E3                   IBUF (Prop_ibuf_I_O)         0.250     0.250 r  clk25/inst/clkin1_ibufg/O
                         net (fo=1, routed)           0.440     0.690    clk25/inst/clk_in1_clk_wiz_0
    PLLE2_ADV_X1Y2       PLLE2_ADV (Prop_plle2_adv_CLKIN1_CLKOUT0)
                                                     -1.100    -0.410 r  clk25/inst/plle2_adv_inst/CLKOUT0
                         net (fo=1, routed)           0.514     0.104    clk25/inst/clk_out1_clk_wiz_0
    BUFGCTRL_X0Y16       BUFG (Prop_bufg_I_O)         0.026     0.130 r  clk25/inst/clkout1_buf/O
                         net (fo=1332, routed)        0.546     0.676    CPU/MULTDIV/p_low/dff_loop[18].dff/clk_out1
    SLICE_X56Y125        FDRE                                         r  CPU/MULTDIV/p_low/dff_loop[18].dff/q_reg/C
  -------------------------------------------------------------------    -------------------
    SLICE_X56Y125        FDRE (Prop_fdre_C_Q)         0.164     0.840 r  CPU/MULTDIV/p_low/dff_loop[18].dff/q_reg/Q
                         net (fo=3, routed)           0.158     0.998    CPU/dx_insn_reg/dff_loop[28].dff/p_out_low__0[17]
    SLICE_X54Y126        LUT3 (Prop_lut3_I2_O)        0.045     1.043 r  CPU/dx_insn_reg/dff_loop[28].dff/q_i_1__84/O
                         net (fo=1, routed)           0.000     1.043    CPU/MULTDIV/p_low/dff_loop[17].dff/q_reg_1[0]
    SLICE_X54Y126        FDRE                                         r  CPU/MULTDIV/p_low/dff_loop[17].dff/q_reg/D
  -------------------------------------------------------------------    -------------------

                         (clock clk_out1_clk_wiz_0 rise edge)
                                                      0.000     0.000 r  
    E3                                                0.000     0.000 r  clk_100mhz (IN)
                         net (fo=0)                   0.000     0.000    clk25/inst/clk_in1
    E3                   IBUF (Prop_ibuf_I_O)         0.438     0.438 r  clk25/inst/clkin1_ibufg/O
                         net (fo=1, routed)           0.481     0.919    clk25/inst/clk_in1_clk_wiz_0
    PLLE2_ADV_X1Y2       PLLE2_ADV (Prop_plle2_adv_CLKIN1_CLKOUT0)
                                                     -1.417    -0.498 r  clk25/inst/plle2_adv_inst/CLKOUT0
                         net (fo=1, routed)           0.560     0.061    clk25/inst/clk_out1_clk_wiz_0
    BUFGCTRL_X0Y16       BUFG (Prop_bufg_I_O)         0.029     0.090 r  clk25/inst/clkout1_buf/O
                         net (fo=1332, routed)        0.812     0.903    CPU/MULTDIV/p_low/dff_loop[17].dff/clk_out1
    SLICE_X54Y126        FDRE                                         r  CPU/MULTDIV/p_low/dff_loop[17].dff/q_reg/C
                         clock pessimism             -0.194     0.709    
                         clock uncertainty            0.180     0.889    
    SLICE_X54Y126        FDRE (Hold_fdre_C_D)         0.120     1.009    CPU/MULTDIV/p_low/dff_loop[17].dff/q_reg
  -------------------------------------------------------------------
                         required time                         -1.009    
                         arrival time                           1.043    
  -------------------------------------------------------------------
                         slack                                  0.035    

Slack (MET) :             0.038ns  (arrival time - required time)
  Source:                 CPU/fd_insn_reg/dff_loop[31].dff/q_reg/C
                            (rising edge-triggered cell FDRE clocked by clk_out1_clk_wiz_0_1'  {rise@0.000ns fall@20.000ns period=40.000ns})
  Destination:            CPU/dx_insn_reg/dff_loop[31].dff/q_reg/D
                            (rising edge-triggered cell FDCE clocked by clk_out1_clk_wiz_0'  {rise@0.000ns fall@20.000ns period=40.000ns})
  Path Group:             clk_out1_clk_wiz_0
  Path Type:              Hold (Min at Fast Process Corner)
  Requirement:            0.000ns  (clk_out1_clk_wiz_0 fall@20.000ns - clk_out1_clk_wiz_0_1 fall@20.000ns)
  Data Path Delay:        0.344ns  (logic 0.186ns (54.093%)  route 0.158ns (45.907%))
  Logic Levels:           1  (LUT5=1)
  Clock Path Skew:        0.035ns (DCD - SCD - CPR)
    Destination Clock Delay (DCD):    2.204ns = ( 22.204 - 20.000 ) 
    Source Clock Delay      (SCD):    1.650ns = ( 21.650 - 20.000 ) 
    Clock Pessimism Removal (CPR):    0.520ns
  Clock Uncertainty:      0.180ns  ((TSJ^2 + DJ^2)^1/2) / 2 + PE
    Total System Jitter     (TSJ):    0.071ns
    Discrete Jitter          (DJ):    0.352ns
    Phase Error              (PE):    0.000ns
  Clock Domain Crossing:  Inter clock paths are considered valid unless explicitly excluded by timing constraints such as set_clock_groups or set_false_path.

    Location             Delay type                Incr(ns)  Path(ns)    Netlist Resource(s)
  -------------------------------------------------------------------    -------------------
                         (clock clk_out1_clk_wiz_0_1 fall edge)
                                                     20.000    20.000 f  
    E3                                                0.000    20.000 f  clk_100mhz (IN)
                         net (fo=0)                   0.000    20.000    clk25/inst/clk_in1
    E3                   IBUF (Prop_ibuf_I_O)         0.250    20.250 f  clk25/inst/clkin1_ibufg/O
                         net (fo=1, routed)           0.440    20.690    clk25/inst/clk_in1_clk_wiz_0
    PLLE2_ADV_X1Y2       PLLE2_ADV (Prop_plle2_adv_CLKIN1_CLKOUT0)
                                                     -1.100    19.590 f  clk25/inst/plle2_adv_inst/CLKOUT0
                         net (fo=1, routed)           0.514    20.104    clk25/inst/clk_out1_clk_wiz_0
    BUFGCTRL_X0Y16       BUFG (Prop_bufg_I_O)         0.026    20.130 f  clk25/inst/clkout1_buf/O
                         net (fo=1332, routed)        0.625    20.755    clock
    SLICE_X52Y96         LUT1 (Prop_lut1_I0_O)        0.045    20.800 r  q_reg_i_10/O
                         net (fo=1, routed)           0.266    21.066    q_reg_i_10_n_0
    BUFGCTRL_X0Y0        BUFG (Prop_bufg_I_O)         0.026    21.092 r  q_reg_i_3/O
                         net (fo=377, routed)         0.558    21.650    CPU/fd_insn_reg/dff_loop[31].dff/clk0
    SLICE_X28Y128        FDRE                                         r  CPU/fd_insn_reg/dff_loop[31].dff/q_reg/C
  -------------------------------------------------------------------    -------------------
    SLICE_X28Y128        FDRE (Prop_fdre_C_Q)         0.141    21.791 r  CPU/fd_insn_reg/dff_loop[31].dff/q_reg/Q
                         net (fo=5, routed)           0.158    21.949    CPU/fd_insn_reg/dff_loop[22].dff/fd_insn[3]
    SLICE_X31Y129        LUT5 (Prop_lut5_I4_O)        0.045    21.994 r  CPU/fd_insn_reg/dff_loop[22].dff/q_i_1__371/O
                         net (fo=1, routed)           0.000    21.994    CPU/dx_insn_reg/dff_loop[31].dff/dx_insn_in[0]
    SLICE_X31Y129        FDCE                                         r  CPU/dx_insn_reg/dff_loop[31].dff/q_reg/D
  -------------------------------------------------------------------    -------------------

                         (clock clk_out1_clk_wiz_0 fall edge)
                                                     20.000    20.000 f  
    E3                                                0.000    20.000 f  clk_100mhz (IN)
                         net (fo=0)                   0.000    20.000    clk25/inst/clk_in1
    E3                   IBUF (Prop_ibuf_I_O)         0.438    20.438 f  clk25/inst/clkin1_ibufg/O
                         net (fo=1, routed)           0.481    20.919    clk25/inst/clk_in1_clk_wiz_0
    PLLE2_ADV_X1Y2       PLLE2_ADV (Prop_plle2_adv_CLKIN1_CLKOUT0)
                                                     -1.417    19.502 f  clk25/inst/plle2_adv_inst/CLKOUT0
                         net (fo=1, routed)           0.560    20.061    clk25/inst/clk_out1_clk_wiz_0
    BUFGCTRL_X0Y16       BUFG (Prop_bufg_I_O)         0.029    20.090 f  clk25/inst/clkout1_buf/O
                         net (fo=1332, routed)        0.904    20.994    clock
    SLICE_X52Y96         LUT1 (Prop_lut1_I0_O)        0.056    21.050 r  q_reg_i_10/O
                         net (fo=1, routed)           0.299    21.349    q_reg_i_10_n_0
    BUFGCTRL_X0Y0        BUFG (Prop_bufg_I_O)         0.029    21.378 r  q_reg_i_3/O
                         net (fo=377, routed)         0.826    22.204    CPU/dx_insn_reg/dff_loop[31].dff/clk0
    SLICE_X31Y129        FDCE                                         r  CPU/dx_insn_reg/dff_loop[31].dff/q_reg/C
                         clock pessimism             -0.520    21.685    
                         clock uncertainty            0.180    21.864    
    SLICE_X31Y129        FDCE (Hold_fdce_C_D)         0.091    21.955    CPU/dx_insn_reg/dff_loop[31].dff/q_reg
  -------------------------------------------------------------------
                         required time                        -21.955    
                         arrival time                          21.994    
  -------------------------------------------------------------------
                         slack                                  0.038    

Slack (MET) :             0.040ns  (arrival time - required time)
  Source:                 CPU/fd_pc_plus1_reg/dff_loop[15].dff/q_reg/C
                            (rising edge-triggered cell FDCE clocked by clk_out1_clk_wiz_0_1'  {rise@0.000ns fall@20.000ns period=40.000ns})
  Destination:            CPU/dx_pc_plus1_reg/dff_loop[15].dff/q_reg/D
                            (rising edge-triggered cell FDCE clocked by clk_out1_clk_wiz_0'  {rise@0.000ns fall@20.000ns period=40.000ns})
  Path Group:             clk_out1_clk_wiz_0
  Path Type:              Hold (Min at Fast Process Corner)
  Requirement:            0.000ns  (clk_out1_clk_wiz_0 fall@20.000ns - clk_out1_clk_wiz_0_1 fall@20.000ns)
  Data Path Delay:        0.322ns  (logic 0.186ns (57.733%)  route 0.136ns (42.267%))
  Logic Levels:           1  (LUT5=1)
  Clock Path Skew:        0.011ns (DCD - SCD - CPR)
    Destination Clock Delay (DCD):    2.198ns = ( 22.198 - 20.000 ) 
    Source Clock Delay      (SCD):    1.646ns = ( 21.646 - 20.000 ) 
    Clock Pessimism Removal (CPR):    0.542ns
  Clock Uncertainty:      0.180ns  ((TSJ^2 + DJ^2)^1/2) / 2 + PE
    Total System Jitter     (TSJ):    0.071ns
    Discrete Jitter          (DJ):    0.352ns
    Phase Error              (PE):    0.000ns
  Clock Domain Crossing:  Inter clock paths are considered valid unless explicitly excluded by timing constraints such as set_clock_groups or set_false_path.

    Location             Delay type                Incr(ns)  Path(ns)    Netlist Resource(s)
  -------------------------------------------------------------------    -------------------
                         (clock clk_out1_clk_wiz_0_1 fall edge)
                                                     20.000    20.000 f  
    E3                                                0.000    20.000 f  clk_100mhz (IN)
                         net (fo=0)                   0.000    20.000    clk25/inst/clk_in1
    E3                   IBUF (Prop_ibuf_I_O)         0.250    20.250 f  clk25/inst/clkin1_ibufg/O
                         net (fo=1, routed)           0.440    20.690    clk25/inst/clk_in1_clk_wiz_0
    PLLE2_ADV_X1Y2       PLLE2_ADV (Prop_plle2_adv_CLKIN1_CLKOUT0)
                                                     -1.100    19.590 f  clk25/inst/plle2_adv_inst/CLKOUT0
                         net (fo=1, routed)           0.514    20.104    clk25/inst/clk_out1_clk_wiz_0
    BUFGCTRL_X0Y16       BUFG (Prop_bufg_I_O)         0.026    20.130 f  clk25/inst/clkout1_buf/O
                         net (fo=1332, routed)        0.625    20.755    clock
    SLICE_X52Y96         LUT1 (Prop_lut1_I0_O)        0.045    20.800 r  q_reg_i_10/O
                         net (fo=1, routed)           0.266    21.066    q_reg_i_10_n_0
    BUFGCTRL_X0Y0        BUFG (Prop_bufg_I_O)         0.026    21.092 r  q_reg_i_3/O
                         net (fo=377, routed)         0.554    21.646    CPU/fd_pc_plus1_reg/dff_loop[15].dff/clk0
    SLICE_X41Y127        FDCE                                         r  CPU/fd_pc_plus1_reg/dff_loop[15].dff/q_reg/C
  -------------------------------------------------------------------    -------------------
    SLICE_X41Y127        FDCE (Prop_fdce_C_Q)         0.141    21.787 r  CPU/fd_pc_plus1_reg/dff_loop[15].dff/q_reg/Q
                         net (fo=1, routed)           0.136    21.923    CPU/fd_insn_reg/dff_loop[22].dff/q_reg_47
    SLICE_X41Y126        LUT5 (Prop_lut5_I4_O)        0.045    21.968 r  CPU/fd_insn_reg/dff_loop[22].dff/q_i_1__418/O
                         net (fo=1, routed)           0.000    21.968    CPU/dx_pc_plus1_reg/dff_loop[15].dff/dx_pc_plus1_in[0]
    SLICE_X41Y126        FDCE                                         r  CPU/dx_pc_plus1_reg/dff_loop[15].dff/q_reg/D
  -------------------------------------------------------------------    -------------------

                         (clock clk_out1_clk_wiz_0 fall edge)
                                                     20.000    20.000 f  
    E3                                                0.000    20.000 f  clk_100mhz (IN)
                         net (fo=0)                   0.000    20.000    clk25/inst/clk_in1
    E3                   IBUF (Prop_ibuf_I_O)         0.438    20.438 f  clk25/inst/clkin1_ibufg/O
                         net (fo=1, routed)           0.481    20.919    clk25/inst/clk_in1_clk_wiz_0
    PLLE2_ADV_X1Y2       PLLE2_ADV (Prop_plle2_adv_CLKIN1_CLKOUT0)
                                                     -1.417    19.502 f  clk25/inst/plle2_adv_inst/CLKOUT0
                         net (fo=1, routed)           0.560    20.061    clk25/inst/clk_out1_clk_wiz_0
    BUFGCTRL_X0Y16       BUFG (Prop_bufg_I_O)         0.029    20.090 f  clk25/inst/clkout1_buf/O
                         net (fo=1332, routed)        0.904    20.994    clock
    SLICE_X52Y96         LUT1 (Prop_lut1_I0_O)        0.056    21.050 r  q_reg_i_10/O
                         net (fo=1, routed)           0.299    21.349    q_reg_i_10_n_0
    BUFGCTRL_X0Y0        BUFG (Prop_bufg_I_O)         0.029    21.378 r  q_reg_i_3/O
                         net (fo=377, routed)         0.821    22.198    CPU/dx_pc_plus1_reg/dff_loop[15].dff/clk0
    SLICE_X41Y126        FDCE                                         r  CPU/dx_pc_plus1_reg/dff_loop[15].dff/q_reg/C
                         clock pessimism             -0.542    21.657    
                         clock uncertainty            0.180    21.836    
    SLICE_X41Y126        FDCE (Hold_fdce_C_D)         0.091    21.927    CPU/dx_pc_plus1_reg/dff_loop[15].dff/q_reg
  -------------------------------------------------------------------
                         required time                        -21.927    
                         arrival time                          21.968    
  -------------------------------------------------------------------
                         slack                                  0.040    

Slack (MET) :             0.042ns  (arrival time - required time)
  Source:                 CPU/PC_reg/dff_loop[17].dff/q_reg/C
                            (rising edge-triggered cell FDCE clocked by clk_out1_clk_wiz_0_1'  {rise@0.000ns fall@20.000ns period=40.000ns})
  Destination:            CPU/fd_pc_plus1_reg/dff_loop[17].dff/q_reg/D
                            (rising edge-triggered cell FDCE clocked by clk_out1_clk_wiz_0'  {rise@0.000ns fall@20.000ns period=40.000ns})
  Path Group:             clk_out1_clk_wiz_0
  Path Type:              Hold (Min at Fast Process Corner)
  Requirement:            0.000ns  (clk_out1_clk_wiz_0 fall@20.000ns - clk_out1_clk_wiz_0_1 fall@20.000ns)
  Data Path Delay:        0.326ns  (logic 0.209ns (64.207%)  route 0.117ns (35.793%))
  Logic Levels:           1  (LUT4=1)
  Clock Path Skew:        0.013ns (DCD - SCD - CPR)
    Destination Clock Delay (DCD):    2.202ns = ( 22.202 - 20.000 ) 
    Source Clock Delay      (SCD):    1.648ns = ( 21.648 - 20.000 ) 
    Clock Pessimism Removal (CPR):    0.542ns
  Clock Uncertainty:      0.180ns  ((TSJ^2 + DJ^2)^1/2) / 2 + PE
    Total System Jitter     (TSJ):    0.071ns
    Discrete Jitter          (DJ):    0.352ns
    Phase Error              (PE):    0.000ns
  Clock Domain Crossing:  Inter clock paths are considered valid unless explicitly excluded by timing constraints such as set_clock_groups or set_false_path.

    Location             Delay type                Incr(ns)  Path(ns)    Netlist Resource(s)
  -------------------------------------------------------------------    -------------------
                         (clock clk_out1_clk_wiz_0_1 fall edge)
                                                     20.000    20.000 f  
    E3                                                0.000    20.000 f  clk_100mhz (IN)
                         net (fo=0)                   0.000    20.000    clk25/inst/clk_in1
    E3                   IBUF (Prop_ibuf_I_O)         0.250    20.250 f  clk25/inst/clkin1_ibufg/O
                         net (fo=1, routed)           0.440    20.690    clk25/inst/clk_in1_clk_wiz_0
    PLLE2_ADV_X1Y2       PLLE2_ADV (Prop_plle2_adv_CLKIN1_CLKOUT0)
                                                     -1.100    19.590 f  clk25/inst/plle2_adv_inst/CLKOUT0
                         net (fo=1, routed)           0.514    20.104    clk25/inst/clk_out1_clk_wiz_0
    BUFGCTRL_X0Y16       BUFG (Prop_bufg_I_O)         0.026    20.130 f  clk25/inst/clkout1_buf/O
                         net (fo=1332, routed)        0.625    20.755    clock
    SLICE_X52Y96         LUT1 (Prop_lut1_I0_O)        0.045    20.800 r  q_reg_i_10/O
                         net (fo=1, routed)           0.266    21.066    q_reg_i_10_n_0
    BUFGCTRL_X0Y0        BUFG (Prop_bufg_I_O)         0.026    21.092 r  q_reg_i_3/O
                         net (fo=377, routed)         0.556    21.648    CPU/PC_reg/dff_loop[17].dff/clk0
    SLICE_X34Y128        FDCE                                         r  CPU/PC_reg/dff_loop[17].dff/q_reg/C
  -------------------------------------------------------------------    -------------------
    SLICE_X34Y128        FDCE (Prop_fdce_C_Q)         0.164    21.812 r  CPU/PC_reg/dff_loop[17].dff/q_reg/Q
                         net (fo=7, routed)           0.117    21.928    CPU/PC_reg/dff_loop[16].dff/q_reg_4
    SLICE_X35Y128        LUT4 (Prop_lut4_I2_O)        0.045    21.973 r  CPU/PC_reg/dff_loop[16].dff/q_i_1__296/O
                         net (fo=1, routed)           0.000    21.973    CPU/fd_pc_plus1_reg/dff_loop[17].dff/q_reg_2
    SLICE_X35Y128        FDCE                                         r  CPU/fd_pc_plus1_reg/dff_loop[17].dff/q_reg/D
  -------------------------------------------------------------------    -------------------

                         (clock clk_out1_clk_wiz_0 fall edge)
                                                     20.000    20.000 f  
    E3                                                0.000    20.000 f  clk_100mhz (IN)
                         net (fo=0)                   0.000    20.000    clk25/inst/clk_in1
    E3                   IBUF (Prop_ibuf_I_O)         0.438    20.438 f  clk25/inst/clkin1_ibufg/O
                         net (fo=1, routed)           0.481    20.919    clk25/inst/clk_in1_clk_wiz_0
    PLLE2_ADV_X1Y2       PLLE2_ADV (Prop_plle2_adv_CLKIN1_CLKOUT0)
                                                     -1.417    19.502 f  clk25/inst/plle2_adv_inst/CLKOUT0
                         net (fo=1, routed)           0.560    20.061    clk25/inst/clk_out1_clk_wiz_0
    BUFGCTRL_X0Y16       BUFG (Prop_bufg_I_O)         0.029    20.090 f  clk25/inst/clkout1_buf/O
                         net (fo=1332, routed)        0.904    20.994    clock
    SLICE_X52Y96         LUT1 (Prop_lut1_I0_O)        0.056    21.050 r  q_reg_i_10/O
                         net (fo=1, routed)           0.299    21.349    q_reg_i_10_n_0
    BUFGCTRL_X0Y0        BUFG (Prop_bufg_I_O)         0.029    21.378 r  q_reg_i_3/O
                         net (fo=377, routed)         0.825    22.202    CPU/fd_pc_plus1_reg/dff_loop[17].dff/clk0
    SLICE_X35Y128        FDCE                                         r  CPU/fd_pc_plus1_reg/dff_loop[17].dff/q_reg/C
                         clock pessimism             -0.542    21.661    
                         clock uncertainty            0.180    21.840    
    SLICE_X35Y128        FDCE (Hold_fdce_C_D)         0.091    21.931    CPU/fd_pc_plus1_reg/dff_loop[17].dff/q_reg
  -------------------------------------------------------------------
                         required time                        -21.931    
                         arrival time                          21.973    
  -------------------------------------------------------------------
                         slack                                  0.042    

Slack (MET) :             0.042ns  (arrival time - required time)
  Source:                 CPU/PC_reg/dff_loop[17].dff/q_reg/C
                            (rising edge-triggered cell FDCE clocked by clk_out1_clk_wiz_0_1'  {rise@0.000ns fall@20.000ns period=40.000ns})
  Destination:            CPU/fd_pc_plus1_reg/dff_loop[18].dff/q_reg/D
                            (rising edge-triggered cell FDCE clocked by clk_out1_clk_wiz_0'  {rise@0.000ns fall@20.000ns period=40.000ns})
  Path Group:             clk_out1_clk_wiz_0
  Path Type:              Hold (Min at Fast Process Corner)
  Requirement:            0.000ns  (clk_out1_clk_wiz_0 fall@20.000ns - clk_out1_clk_wiz_0_1 fall@20.000ns)
  Data Path Delay:        0.327ns  (logic 0.209ns (64.010%)  route 0.118ns (35.990%))
  Logic Levels:           1  (LUT5=1)
  Clock Path Skew:        0.013ns (DCD - SCD - CPR)
    Destination Clock Delay (DCD):    2.202ns = ( 22.202 - 20.000 ) 
    Source Clock Delay      (SCD):    1.648ns = ( 21.648 - 20.000 ) 
    Clock Pessimism Removal (CPR):    0.542ns
  Clock Uncertainty:      0.180ns  ((TSJ^2 + DJ^2)^1/2) / 2 + PE
    Total System Jitter     (TSJ):    0.071ns
    Discrete Jitter          (DJ):    0.352ns
    Phase Error              (PE):    0.000ns
  Clock Domain Crossing:  Inter clock paths are considered valid unless explicitly excluded by timing constraints such as set_clock_groups or set_false_path.

    Location             Delay type                Incr(ns)  Path(ns)    Netlist Resource(s)
  -------------------------------------------------------------------    -------------------
                         (clock clk_out1_clk_wiz_0_1 fall edge)
                                                     20.000    20.000 f  
    E3                                                0.000    20.000 f  clk_100mhz (IN)
                         net (fo=0)                   0.000    20.000    clk25/inst/clk_in1
    E3                   IBUF (Prop_ibuf_I_O)         0.250    20.250 f  clk25/inst/clkin1_ibufg/O
                         net (fo=1, routed)           0.440    20.690    clk25/inst/clk_in1_clk_wiz_0
    PLLE2_ADV_X1Y2       PLLE2_ADV (Prop_plle2_adv_CLKIN1_CLKOUT0)
                                                     -1.100    19.590 f  clk25/inst/plle2_adv_inst/CLKOUT0
                         net (fo=1, routed)           0.514    20.104    clk25/inst/clk_out1_clk_wiz_0
    BUFGCTRL_X0Y16       BUFG (Prop_bufg_I_O)         0.026    20.130 f  clk25/inst/clkout1_buf/O
                         net (fo=1332, routed)        0.625    20.755    clock
    SLICE_X52Y96         LUT1 (Prop_lut1_I0_O)        0.045    20.800 r  q_reg_i_10/O
                         net (fo=1, routed)           0.266    21.066    q_reg_i_10_n_0
    BUFGCTRL_X0Y0        BUFG (Prop_bufg_I_O)         0.026    21.092 r  q_reg_i_3/O
                         net (fo=377, routed)         0.556    21.648    CPU/PC_reg/dff_loop[17].dff/clk0
    SLICE_X34Y128        FDCE                                         r  CPU/PC_reg/dff_loop[17].dff/q_reg/C
  -------------------------------------------------------------------    -------------------
    SLICE_X34Y128        FDCE (Prop_fdce_C_Q)         0.164    21.812 r  CPU/PC_reg/dff_loop[17].dff/q_reg/Q
                         net (fo=7, routed)           0.118    21.929    CPU/PC_reg/dff_loop[17].dff/q_reg_0
    SLICE_X35Y128        LUT5 (Prop_lut5_I0_O)        0.045    21.974 r  CPU/PC_reg/dff_loop[17].dff/q_i_1__297/O
                         net (fo=1, routed)           0.000    21.974    CPU/fd_pc_plus1_reg/dff_loop[18].dff/q_reg_2
    SLICE_X35Y128        FDCE                                         r  CPU/fd_pc_plus1_reg/dff_loop[18].dff/q_reg/D
  -------------------------------------------------------------------    -------------------

                         (clock clk_out1_clk_wiz_0 fall edge)
                                                     20.000    20.000 f  
    E3                                                0.000    20.000 f  clk_100mhz (IN)
                         net (fo=0)                   0.000    20.000    clk25/inst/clk_in1
    E3                   IBUF (Prop_ibuf_I_O)         0.438    20.438 f  clk25/inst/clkin1_ibufg/O
                         net (fo=1, routed)           0.481    20.919    clk25/inst/clk_in1_clk_wiz_0
    PLLE2_ADV_X1Y2       PLLE2_ADV (Prop_plle2_adv_CLKIN1_CLKOUT0)
                                                     -1.417    19.502 f  clk25/inst/plle2_adv_inst/CLKOUT0
                         net (fo=1, routed)           0.560    20.061    clk25/inst/clk_out1_clk_wiz_0
    BUFGCTRL_X0Y16       BUFG (Prop_bufg_I_O)         0.029    20.090 f  clk25/inst/clkout1_buf/O
                         net (fo=1332, routed)        0.904    20.994    clock
    SLICE_X52Y96         LUT1 (Prop_lut1_I0_O)        0.056    21.050 r  q_reg_i_10/O
                         net (fo=1, routed)           0.299    21.349    q_reg_i_10_n_0
    BUFGCTRL_X0Y0        BUFG (Prop_bufg_I_O)         0.029    21.378 r  q_reg_i_3/O
                         net (fo=377, routed)         0.825    22.202    CPU/fd_pc_plus1_reg/dff_loop[18].dff/clk0
    SLICE_X35Y128        FDCE                                         r  CPU/fd_pc_plus1_reg/dff_loop[18].dff/q_reg/C
                         clock pessimism             -0.542    21.661    
                         clock uncertainty            0.180    21.840    
    SLICE_X35Y128        FDCE (Hold_fdce_C_D)         0.092    21.932    CPU/fd_pc_plus1_reg/dff_loop[18].dff/q_reg
  -------------------------------------------------------------------
                         required time                        -21.932    
                         arrival time                          21.974    
  -------------------------------------------------------------------
                         slack                                  0.042    

Slack (MET) :             0.044ns  (arrival time - required time)
  Source:                 CPU/fd_pc_plus1_reg/dff_loop[12].dff/q_reg/C
                            (rising edge-triggered cell FDCE clocked by clk_out1_clk_wiz_0_1'  {rise@0.000ns fall@20.000ns period=40.000ns})
  Destination:            CPU/dx_pc_plus1_reg/dff_loop[12].dff/q_reg/D
                            (rising edge-triggered cell FDCE clocked by clk_out1_clk_wiz_0'  {rise@0.000ns fall@20.000ns period=40.000ns})
  Path Group:             clk_out1_clk_wiz_0
  Path Type:              Hold (Min at Fast Process Corner)
  Requirement:            0.000ns  (clk_out1_clk_wiz_0 fall@20.000ns - clk_out1_clk_wiz_0_1 fall@20.000ns)
  Data Path Delay:        0.328ns  (logic 0.186ns (56.719%)  route 0.142ns (43.282%))
  Logic Levels:           1  (LUT5=1)
  Clock Path Skew:        0.013ns (DCD - SCD - CPR)
    Destination Clock Delay (DCD):    2.197ns = ( 22.197 - 20.000 ) 
    Source Clock Delay      (SCD):    1.643ns = ( 21.643 - 20.000 ) 
    Clock Pessimism Removal (CPR):    0.542ns
  Clock Uncertainty:      0.180ns  ((TSJ^2 + DJ^2)^1/2) / 2 + PE
    Total System Jitter     (TSJ):    0.071ns
    Discrete Jitter          (DJ):    0.352ns
    Phase Error              (PE):    0.000ns
  Clock Domain Crossing:  Inter clock paths are considered valid unless explicitly excluded by timing constraints such as set_clock_groups or set_false_path.

    Location             Delay type                Incr(ns)  Path(ns)    Netlist Resource(s)
  -------------------------------------------------------------------    -------------------
                         (clock clk_out1_clk_wiz_0_1 fall edge)
                                                     20.000    20.000 f  
    E3                                                0.000    20.000 f  clk_100mhz (IN)
                         net (fo=0)                   0.000    20.000    clk25/inst/clk_in1
    E3                   IBUF (Prop_ibuf_I_O)         0.250    20.250 f  clk25/inst/clkin1_ibufg/O
                         net (fo=1, routed)           0.440    20.690    clk25/inst/clk_in1_clk_wiz_0
    PLLE2_ADV_X1Y2       PLLE2_ADV (Prop_plle2_adv_CLKIN1_CLKOUT0)
                                                     -1.100    19.590 f  clk25/inst/plle2_adv_inst/CLKOUT0
                         net (fo=1, routed)           0.514    20.104    clk25/inst/clk_out1_clk_wiz_0
    BUFGCTRL_X0Y16       BUFG (Prop_bufg_I_O)         0.026    20.130 f  clk25/inst/clkout1_buf/O
                         net (fo=1332, routed)        0.625    20.755    clock
    SLICE_X52Y96         LUT1 (Prop_lut1_I0_O)        0.045    20.800 r  q_reg_i_10/O
                         net (fo=1, routed)           0.266    21.066    q_reg_i_10_n_0
    BUFGCTRL_X0Y0        BUFG (Prop_bufg_I_O)         0.026    21.092 r  q_reg_i_3/O
                         net (fo=377, routed)         0.551    21.643    CPU/fd_pc_plus1_reg/dff_loop[12].dff/clk0
    SLICE_X39Y124        FDCE                                         r  CPU/fd_pc_plus1_reg/dff_loop[12].dff/q_reg/C
  -------------------------------------------------------------------    -------------------
    SLICE_X39Y124        FDCE (Prop_fdce_C_Q)         0.141    21.784 r  CPU/fd_pc_plus1_reg/dff_loop[12].dff/q_reg/Q
                         net (fo=1, routed)           0.142    21.926    CPU/fd_insn_reg/dff_loop[22].dff/q_reg_50
    SLICE_X40Y124        LUT5 (Prop_lut5_I4_O)        0.045    21.971 r  CPU/fd_insn_reg/dff_loop[22].dff/q_i_1__421/O
                         net (fo=1, routed)           0.000    21.971    CPU/dx_pc_plus1_reg/dff_loop[12].dff/dx_pc_plus1_in[0]
    SLICE_X40Y124        FDCE                                         r  CPU/dx_pc_plus1_reg/dff_loop[12].dff/q_reg/D
  -------------------------------------------------------------------    -------------------

                         (clock clk_out1_clk_wiz_0 fall edge)
                                                     20.000    20.000 f  
    E3                                                0.000    20.000 f  clk_100mhz (IN)
                         net (fo=0)                   0.000    20.000    clk25/inst/clk_in1
    E3                   IBUF (Prop_ibuf_I_O)         0.438    20.438 f  clk25/inst/clkin1_ibufg/O
                         net (fo=1, routed)           0.481    20.919    clk25/inst/clk_in1_clk_wiz_0
    PLLE2_ADV_X1Y2       PLLE2_ADV (Prop_plle2_adv_CLKIN1_CLKOUT0)
                                                     -1.417    19.502 f  clk25/inst/plle2_adv_inst/CLKOUT0
                         net (fo=1, routed)           0.560    20.061    clk25/inst/clk_out1_clk_wiz_0
    BUFGCTRL_X0Y16       BUFG (Prop_bufg_I_O)         0.029    20.090 f  clk25/inst/clkout1_buf/O
                         net (fo=1332, routed)        0.904    20.994    clock
    SLICE_X52Y96         LUT1 (Prop_lut1_I0_O)        0.056    21.050 r  q_reg_i_10/O
                         net (fo=1, routed)           0.299    21.349    q_reg_i_10_n_0
    BUFGCTRL_X0Y0        BUFG (Prop_bufg_I_O)         0.029    21.378 r  q_reg_i_3/O
                         net (fo=377, routed)         0.820    22.197    CPU/dx_pc_plus1_reg/dff_loop[12].dff/clk0
    SLICE_X40Y124        FDCE                                         r  CPU/dx_pc_plus1_reg/dff_loop[12].dff/q_reg/C
                         clock pessimism             -0.542    21.656    
                         clock uncertainty            0.180    21.835    
    SLICE_X40Y124        FDCE (Hold_fdce_C_D)         0.091    21.926    CPU/dx_pc_plus1_reg/dff_loop[12].dff/q_reg
  -------------------------------------------------------------------
                         required time                        -21.926    
                         arrival time                          21.971    
  -------------------------------------------------------------------
                         slack                                  0.044    

Slack (MET) :             0.045ns  (arrival time - required time)
  Source:                 vga/Display/hPos_reg[7]/C
                            (rising edge-triggered cell FDCE clocked by clk_out1_clk_wiz_0_1  {rise@0.000ns fall@20.000ns period=40.000ns})
  Destination:            vga/active_prev_reg/D
                            (rising edge-triggered cell FDRE clocked by clk_out1_clk_wiz_0  {rise@0.000ns fall@20.000ns period=40.000ns})
  Path Group:             clk_out1_clk_wiz_0
  Path Type:              Hold (Min at Fast Process Corner)
  Requirement:            0.000ns  (clk_out1_clk_wiz_0 rise@0.000ns - clk_out1_clk_wiz_0_1 rise@0.000ns)
  Data Path Delay:        0.328ns  (logic 0.186ns (56.653%)  route 0.142ns (43.347%))
  Logic Levels:           1  (LUT5=1)
  Clock Path Skew:        0.013ns (DCD - SCD - CPR)
    Destination Clock Delay (DCD):    0.911ns
    Source Clock Delay      (SCD):    0.683ns
    Clock Pessimism Removal (CPR):    0.215ns
  Clock Uncertainty:      0.180ns  ((TSJ^2 + DJ^2)^1/2) / 2 + PE
    Total System Jitter     (TSJ):    0.071ns
    Discrete Jitter          (DJ):    0.352ns
    Phase Error              (PE):    0.000ns
  Clock Domain Crossing:  Inter clock paths are considered valid unless explicitly excluded by timing constraints such as set_clock_groups or set_false_path.

    Location             Delay type                Incr(ns)  Path(ns)    Netlist Resource(s)
  -------------------------------------------------------------------    -------------------
                         (clock clk_out1_clk_wiz_0_1 rise edge)
                                                      0.000     0.000 r  
    E3                                                0.000     0.000 r  clk_100mhz (IN)
                         net (fo=0)                   0.000     0.000    clk25/inst/clk_in1
    E3                   IBUF (Prop_ibuf_I_O)         0.250     0.250 r  clk25/inst/clkin1_ibufg/O
                         net (fo=1, routed)           0.440     0.690    clk25/inst/clk_in1_clk_wiz_0
    PLLE2_ADV_X1Y2       PLLE2_ADV (Prop_plle2_adv_CLKIN1_CLKOUT0)
                                                     -1.100    -0.410 r  clk25/inst/plle2_adv_inst/CLKOUT0
                         net (fo=1, routed)           0.514     0.104    clk25/inst/clk_out1_clk_wiz_0
    BUFGCTRL_X0Y16       BUFG (Prop_bufg_I_O)         0.026     0.130 r  clk25/inst/clkout1_buf/O
                         net (fo=1332, routed)        0.553     0.683    vga/Display/clk_out1
    SLICE_X33Y123        FDCE                                         r  vga/Display/hPos_reg[7]/C
  -------------------------------------------------------------------    -------------------
    SLICE_X33Y123        FDCE (Prop_fdce_C_Q)         0.141     0.824 f  vga/Display/hPos_reg[7]/Q
                         net (fo=10, routed)          0.142     0.966    vga/Display/hPos_reg_n_0_[7]
    SLICE_X32Y123        LUT5 (Prop_lut5_I2_O)        0.045     1.011 r  vga/Display/active_prev_i_1/O
                         net (fo=1, routed)           0.000     1.011    vga/active
    SLICE_X32Y123        FDRE                                         r  vga/active_prev_reg/D
  -------------------------------------------------------------------    -------------------

                         (clock clk_out1_clk_wiz_0 rise edge)
                                                      0.000     0.000 r  
    E3                                                0.000     0.000 r  clk_100mhz (IN)
                         net (fo=0)                   0.000     0.000    clk25/inst/clk_in1
    E3                   IBUF (Prop_ibuf_I_O)         0.438     0.438 r  clk25/inst/clkin1_ibufg/O
                         net (fo=1, routed)           0.481     0.919    clk25/inst/clk_in1_clk_wiz_0
    PLLE2_ADV_X1Y2       PLLE2_ADV (Prop_plle2_adv_CLKIN1_CLKOUT0)
                                                     -1.417    -0.498 r  clk25/inst/plle2_adv_inst/CLKOUT0
                         net (fo=1, routed)           0.560     0.061    clk25/inst/clk_out1_clk_wiz_0
    BUFGCTRL_X0Y16       BUFG (Prop_bufg_I_O)         0.029     0.090 r  clk25/inst/clkout1_buf/O
                         net (fo=1332, routed)        0.821     0.911    vga/clk_out1
    SLICE_X32Y123        FDRE                                         r  vga/active_prev_reg/C
                         clock pessimism             -0.215     0.696    
                         clock uncertainty            0.180     0.876    
    SLICE_X32Y123        FDRE (Hold_fdre_C_D)         0.091     0.967    vga/active_prev_reg
  -------------------------------------------------------------------
                         required time                         -0.967    
                         arrival time                           1.011    
  -------------------------------------------------------------------
                         slack                                  0.045    

Slack (MET) :             0.051ns  (arrival time - required time)
  Source:                 CPU/MULTDIV/count_reg/dff_loop[2].dff/q_reg/C
                            (rising edge-triggered cell FDRE clocked by clk_out1_clk_wiz_0_1  {rise@0.000ns fall@20.000ns period=40.000ns})
  Destination:            CPU/MULTDIV/count_reg/dff_loop[5].dff/q_reg/D
                            (rising edge-triggered cell FDRE clocked by clk_out1_clk_wiz_0  {rise@0.000ns fall@20.000ns period=40.000ns})
  Path Group:             clk_out1_clk_wiz_0
  Path Type:              Hold (Min at Fast Process Corner)
  Requirement:            0.000ns  (clk_out1_clk_wiz_0 rise@0.000ns - clk_out1_clk_wiz_0_1 rise@0.000ns)
  Data Path Delay:        0.335ns  (logic 0.186ns (55.512%)  route 0.149ns (44.488%))
  Logic Levels:           1  (LUT6=1)
  Clock Path Skew:        0.013ns (DCD - SCD - CPR)
    Destination Clock Delay (DCD):    0.919ns
    Source Clock Delay      (SCD):    0.688ns
    Clock Pessimism Removal (CPR):    0.218ns
  Clock Uncertainty:      0.180ns  ((TSJ^2 + DJ^2)^1/2) / 2 + PE
    Total System Jitter     (TSJ):    0.071ns
    Discrete Jitter          (DJ):    0.352ns
    Phase Error              (PE):    0.000ns
  Clock Domain Crossing:  Inter clock paths are considered valid unless explicitly excluded by timing constraints such as set_clock_groups or set_false_path.

    Location             Delay type                Incr(ns)  Path(ns)    Netlist Resource(s)
  -------------------------------------------------------------------    -------------------
                         (clock clk_out1_clk_wiz_0_1 rise edge)
                                                      0.000     0.000 r  
    E3                                                0.000     0.000 r  clk_100mhz (IN)
                         net (fo=0)                   0.000     0.000    clk25/inst/clk_in1
    E3                   IBUF (Prop_ibuf_I_O)         0.250     0.250 r  clk25/inst/clkin1_ibufg/O
                         net (fo=1, routed)           0.440     0.690    clk25/inst/clk_in1_clk_wiz_0
    PLLE2_ADV_X1Y2       PLLE2_ADV (Prop_plle2_adv_CLKIN1_CLKOUT0)
                                                     -1.100    -0.410 r  clk25/inst/plle2_adv_inst/CLKOUT0
                         net (fo=1, routed)           0.514     0.104    clk25/inst/clk_out1_clk_wiz_0
    BUFGCTRL_X0Y16       BUFG (Prop_bufg_I_O)         0.026     0.130 r  clk25/inst/clkout1_buf/O
                         net (fo=1332, routed)        0.558     0.688    CPU/MULTDIV/count_reg/dff_loop[2].dff/clk_out1
    SLICE_X48Y139        FDRE                                         r  CPU/MULTDIV/count_reg/dff_loop[2].dff/q_reg/C
  -------------------------------------------------------------------    -------------------
    SLICE_X48Y139        FDRE (Prop_fdre_C_Q)         0.141     0.829 r  CPU/MULTDIV/count_reg/dff_loop[2].dff/q_reg/Q
                         net (fo=4, routed)           0.149     0.978    CPU/MULTDIV/count_reg/dff_loop[5].dff/q_reg_7[1]
    SLICE_X49Y139        LUT6 (Prop_lut6_I1_O)        0.045     1.023 r  CPU/MULTDIV/count_reg/dff_loop[5].dff/q_i_1__320/O
                         net (fo=1, routed)           0.000     1.023    CPU/MULTDIV/count_reg/dff_loop[5].dff/q_i_1__320_n_0
    SLICE_X49Y139        FDRE                                         r  CPU/MULTDIV/count_reg/dff_loop[5].dff/q_reg/D
  -------------------------------------------------------------------    -------------------

                         (clock clk_out1_clk_wiz_0 rise edge)
                                                      0.000     0.000 r  
    E3                                                0.000     0.000 r  clk_100mhz (IN)
                         net (fo=0)                   0.000     0.000    clk25/inst/clk_in1
    E3                   IBUF (Prop_ibuf_I_O)         0.438     0.438 r  clk25/inst/clkin1_ibufg/O
                         net (fo=1, routed)           0.481     0.919    clk25/inst/clk_in1_clk_wiz_0
    PLLE2_ADV_X1Y2       PLLE2_ADV (Prop_plle2_adv_CLKIN1_CLKOUT0)
                                                     -1.417    -0.498 r  clk25/inst/plle2_adv_inst/CLKOUT0
                         net (fo=1, routed)           0.560     0.061    clk25/inst/clk_out1_clk_wiz_0
    BUFGCTRL_X0Y16       BUFG (Prop_bufg_I_O)         0.029     0.090 r  clk25/inst/clkout1_buf/O
                         net (fo=1332, routed)        0.829     0.919    CPU/MULTDIV/count_reg/dff_loop[5].dff/clk_out1
    SLICE_X49Y139        FDRE                                         r  CPU/MULTDIV/count_reg/dff_loop[5].dff/q_reg/C
                         clock pessimism             -0.218     0.701    
                         clock uncertainty            0.180     0.881    
    SLICE_X49Y139        FDRE (Hold_fdre_C_D)         0.091     0.972    CPU/MULTDIV/count_reg/dff_loop[5].dff/q_reg
  -------------------------------------------------------------------
                         required time                         -0.972    
                         arrival time                           1.023    
  -------------------------------------------------------------------
                         slack                                  0.051    





---------------------------------------------------------------------------------------------------
From Clock:  clk_out1_clk_wiz_0
  To Clock:  clk_out1_clk_wiz_0_1

Setup :            0  Failing Endpoints,  Worst Slack        3.298ns,  Total Violation        0.000ns
Hold  :            0  Failing Endpoints,  Worst Slack        0.029ns,  Total Violation        0.000ns
---------------------------------------------------------------------------------------------------


Max Delay Paths
--------------------------------------------------------------------------------------
Slack (MET) :             3.298ns  (required time - arrival time)
  Source:                 CPU/dx_insn_reg/dff_loop[29].dff/q_reg/C
                            (rising edge-triggered cell FDCE clocked by clk_out1_clk_wiz_0'  {rise@0.000ns fall@20.000ns period=40.000ns})
  Destination:            CPU/MULTDIV/reg_udividend/dff_loop[31].dff/q_reg/D
                            (rising edge-triggered cell FDRE clocked by clk_out1_clk_wiz_0_1  {rise@0.000ns fall@20.000ns period=40.000ns})
  Path Group:             clk_out1_clk_wiz_0_1
  Path Type:              Setup (Max at Slow Process Corner)
  Requirement:            20.000ns  (clk_out1_clk_wiz_0_1 rise@40.000ns - clk_out1_clk_wiz_0 fall@20.000ns)
  Data Path Delay:        13.412ns  (logic 2.523ns (18.812%)  route 10.889ns (81.188%))
  Logic Levels:           13  (LUT3=2 LUT4=2 LUT5=3 LUT6=6)
  Clock Path Skew:        -2.841ns (DCD - SCD + CPR)
    Destination Clock Delay (DCD):    2.561ns = ( 42.561 - 40.000 ) 
    Source Clock Delay      (SCD):    5.423ns = ( 25.423 - 20.000 ) 
    Clock Pessimism Removal (CPR):    0.020ns
  Clock Uncertainty:      0.180ns  ((TSJ^2 + DJ^2)^1/2) / 2 + PE
    Total System Jitter     (TSJ):    0.071ns
    Discrete Jitter          (DJ):    0.352ns
    Phase Error              (PE):    0.000ns
  Clock Domain Crossing:  Inter clock paths are considered valid unless explicitly excluded by timing constraints such as set_clock_groups or set_false_path.

    Location             Delay type                Incr(ns)  Path(ns)    Netlist Resource(s)
  -------------------------------------------------------------------    -------------------
                         (clock clk_out1_clk_wiz_0 fall edge)
                                                     20.000    20.000 f  
    E3                                                0.000    20.000 f  clk_100mhz (IN)
                         net (fo=0)                   0.000    20.000    clk25/inst/clk_in1
    E3                   IBUF (Prop_ibuf_I_O)         1.482    21.482 f  clk25/inst/clkin1_ibufg/O
                         net (fo=1, routed)           1.253    22.735    clk25/inst/clk_in1_clk_wiz_0
    PLLE2_ADV_X1Y2       PLLE2_ADV (Prop_plle2_adv_CLKIN1_CLKOUT0)
                                                     -3.459    19.276 f  clk25/inst/plle2_adv_inst/CLKOUT0
                         net (fo=1, routed)           1.713    20.989    clk25/inst/clk_out1_clk_wiz_0
    BUFGCTRL_X0Y16       BUFG (Prop_bufg_I_O)         0.096    21.085 f  clk25/inst/clkout1_buf/O
                         net (fo=1332, routed)        1.784    22.868    clock
    SLICE_X52Y96         LUT1 (Prop_lut1_I0_O)        0.124    22.992 r  q_reg_i_10/O
                         net (fo=1, routed)           0.720    23.713    q_reg_i_10_n_0
    BUFGCTRL_X0Y0        BUFG (Prop_bufg_I_O)         0.096    23.809 r  q_reg_i_3/O
                         net (fo=377, routed)         1.614    25.423    CPU/dx_insn_reg/dff_loop[29].dff/clk0
    SLICE_X31Y129        FDCE                                         r  CPU/dx_insn_reg/dff_loop[29].dff/q_reg/C
  -------------------------------------------------------------------    -------------------
    SLICE_X31Y129        FDCE (Prop_fdce_C_Q)         0.456    25.879 r  CPU/dx_insn_reg/dff_loop[29].dff/q_reg/Q
                         net (fo=31, routed)          1.580    27.459    CPU/dx_insn_reg/dff_loop[28].dff/q_i_18__14_2
    SLICE_X36Y130        LUT5 (Prop_lut5_I3_O)        0.154    27.613 f  CPU/dx_insn_reg/dff_loop[28].dff/q_i_17__15/O
                         net (fo=7, routed)           0.772    28.385    CPU/dx_insn_reg/dff_loop[28].dff/q_i_17__15_n_0
    SLICE_X36Y134        LUT4 (Prop_lut4_I0_O)        0.327    28.712 f  CPU/dx_insn_reg/dff_loop[28].dff/q_i_14__21/O
                         net (fo=3, routed)           0.631    29.342    CPU/dx_insn_reg/dff_loop[28].dff/q_i_14__21_n_0
    SLICE_X36Y133        LUT6 (Prop_lut6_I0_O)        0.124    29.466 r  CPU/dx_insn_reg/dff_loop[28].dff/q_i_6__50/O
                         net (fo=2, routed)           0.584    30.050    CPU/dx_insn_reg/dff_loop[28].dff/q_i_6__50_n_0
    SLICE_X37Y134        LUT6 (Prop_lut6_I0_O)        0.124    30.174 r  CPU/dx_insn_reg/dff_loop[28].dff/q_i_4__89/O
                         net (fo=32, routed)          1.090    31.264    CPU/dx_insn_reg/dff_loop[28].dff/q_i_4__89_n_0
    SLICE_X44Y136        LUT5 (Prop_lut5_I1_O)        0.124    31.388 f  CPU/dx_insn_reg/dff_loop[28].dff/q_i_2__143/O
                         net (fo=22, routed)          1.329    32.717    CPU/dx_insn_reg/dff_loop[28].dff/bypass_readDataA[0]
    SLICE_X51Y125        LUT3 (Prop_lut3_I1_O)        0.150    32.867 r  CPU/dx_insn_reg/dff_loop[28].dff/q_i_2__45/O
                         net (fo=5, routed)           0.635    33.501    CPU/dx_insn_reg/dff_loop[28].dff/q_i_2__45_n_0
    SLICE_X52Y123        LUT5 (Prop_lut5_I0_O)        0.326    33.827 r  CPU/dx_insn_reg/dff_loop[28].dff/q_i_2__218/O
                         net (fo=6, routed)           0.499    34.327    CPU/dx_insn_reg/dff_loop[28].dff/q_i_2__218_n_0
    SLICE_X52Y125        LUT6 (Prop_lut6_I3_O)        0.124    34.451 r  CPU/dx_insn_reg/dff_loop[28].dff/q_i_2__43/O
                         net (fo=4, routed)           0.561    35.012    CPU/dx_insn_reg/dff_loop[28].dff/q_i_2__43_n_0
    SLICE_X55Y127        LUT6 (Prop_lut6_I1_O)        0.124    35.136 r  CPU/dx_insn_reg/dff_loop[28].dff/q_i_3__31/O
                         net (fo=2, routed)           0.471    35.607    CPU/dx_insn_reg/dff_loop[28].dff/q_i_3__31_n_0
    SLICE_X56Y128        LUT6 (Prop_lut6_I2_O)        0.124    35.731 r  CPU/dx_insn_reg/dff_loop[28].dff/q_i_2__38/O
                         net (fo=6, routed)           0.583    36.313    CPU/dx_insn_reg/dff_loop[28].dff/q_i_2__38_n_0
    SLICE_X57Y132        LUT6 (Prop_lut6_I2_O)        0.124    36.437 r  CPU/dx_insn_reg/dff_loop[28].dff/q_i_2__36/O
                         net (fo=6, routed)           0.631    37.068    CPU/dx_insn_reg/dff_loop[28].dff/q_i_2__36_n_0
    SLICE_X56Y132        LUT4 (Prop_lut4_I1_O)        0.124    37.192 r  CPU/dx_insn_reg/dff_loop[28].dff/q_i_3__30/O
                         net (fo=2, routed)           0.711    37.904    CPU/dx_insn_reg/dff_loop[28].dff/q_i_3__30_n_0
    SLICE_X52Y134        LUT3 (Prop_lut3_I0_O)        0.118    38.022 r  CPU/dx_insn_reg/dff_loop[28].dff/q_i_1__39/O
                         net (fo=1, routed)           0.813    38.834    CPU/MULTDIV/reg_udividend/dff_loop[31].dff/q_reg_0
    SLICE_X39Y135        FDRE                                         r  CPU/MULTDIV/reg_udividend/dff_loop[31].dff/q_reg/D
  -------------------------------------------------------------------    -------------------

                         (clock clk_out1_clk_wiz_0_1 rise edge)
                                                     40.000    40.000 r  
    E3                                                0.000    40.000 r  clk_100mhz (IN)
                         net (fo=0)                   0.000    40.000    clk25/inst/clk_in1
    E3                   IBUF (Prop_ibuf_I_O)         1.411    41.411 r  clk25/inst/clkin1_ibufg/O
                         net (fo=1, routed)           1.181    42.592    clk25/inst/clk_in1_clk_wiz_0
    PLLE2_ADV_X1Y2       PLLE2_ADV (Prop_plle2_adv_CLKIN1_CLKOUT0)
                                                     -3.253    39.339 r  clk25/inst/plle2_adv_inst/CLKOUT0
                         net (fo=1, routed)           1.634    40.973    clk25/inst/clk_out1_clk_wiz_0
    BUFGCTRL_X0Y16       BUFG (Prop_bufg_I_O)         0.091    41.064 r  clk25/inst/clkout1_buf/O
                         net (fo=1332, routed)        1.497    42.561    CPU/MULTDIV/reg_udividend/dff_loop[31].dff/clk_out1
    SLICE_X39Y135        FDRE                                         r  CPU/MULTDIV/reg_udividend/dff_loop[31].dff/q_reg/C
                         clock pessimism              0.020    42.582    
                         clock uncertainty           -0.180    42.402    
    SLICE_X39Y135        FDRE (Setup_fdre_C_D)       -0.269    42.133    CPU/MULTDIV/reg_udividend/dff_loop[31].dff/q_reg
  -------------------------------------------------------------------
                         required time                         42.133    
                         arrival time                         -38.834    
  -------------------------------------------------------------------
                         slack                                  3.298    

Slack (MET) :             4.028ns  (required time - arrival time)
  Source:                 CPU/dx_insn_reg/dff_loop[29].dff/q_reg/C
                            (rising edge-triggered cell FDCE clocked by clk_out1_clk_wiz_0'  {rise@0.000ns fall@20.000ns period=40.000ns})
  Destination:            CPU/MULTDIV/reg_udividend/dff_loop[29].dff/q_reg/D
                            (rising edge-triggered cell FDRE clocked by clk_out1_clk_wiz_0_1  {rise@0.000ns fall@20.000ns period=40.000ns})
  Path Group:             clk_out1_clk_wiz_0_1
  Path Type:              Setup (Max at Slow Process Corner)
  Requirement:            20.000ns  (clk_out1_clk_wiz_0_1 rise@40.000ns - clk_out1_clk_wiz_0 fall@20.000ns)
  Data Path Delay:        12.705ns  (logic 2.740ns (21.566%)  route 9.965ns (78.434%))
  Logic Levels:           13  (LUT3=3 LUT4=1 LUT5=3 LUT6=6)
  Clock Path Skew:        -2.857ns (DCD - SCD + CPR)
    Destination Clock Delay (DCD):    2.545ns = ( 42.545 - 40.000 ) 
    Source Clock Delay      (SCD):    5.423ns = ( 25.423 - 20.000 ) 
    Clock Pessimism Removal (CPR):    0.020ns
  Clock Uncertainty:      0.180ns  ((TSJ^2 + DJ^2)^1/2) / 2 + PE
    Total System Jitter     (TSJ):    0.071ns
    Discrete Jitter          (DJ):    0.352ns
    Phase Error              (PE):    0.000ns
  Clock Domain Crossing:  Inter clock paths are considered valid unless explicitly excluded by timing constraints such as set_clock_groups or set_false_path.

    Location             Delay type                Incr(ns)  Path(ns)    Netlist Resource(s)
  -------------------------------------------------------------------    -------------------
                         (clock clk_out1_clk_wiz_0 fall edge)
                                                     20.000    20.000 f  
    E3                                                0.000    20.000 f  clk_100mhz (IN)
                         net (fo=0)                   0.000    20.000    clk25/inst/clk_in1
    E3                   IBUF (Prop_ibuf_I_O)         1.482    21.482 f  clk25/inst/clkin1_ibufg/O
                         net (fo=1, routed)           1.253    22.735    clk25/inst/clk_in1_clk_wiz_0
    PLLE2_ADV_X1Y2       PLLE2_ADV (Prop_plle2_adv_CLKIN1_CLKOUT0)
                                                     -3.459    19.276 f  clk25/inst/plle2_adv_inst/CLKOUT0
                         net (fo=1, routed)           1.713    20.989    clk25/inst/clk_out1_clk_wiz_0
    BUFGCTRL_X0Y16       BUFG (Prop_bufg_I_O)         0.096    21.085 f  clk25/inst/clkout1_buf/O
                         net (fo=1332, routed)        1.784    22.868    clock
    SLICE_X52Y96         LUT1 (Prop_lut1_I0_O)        0.124    22.992 r  q_reg_i_10/O
                         net (fo=1, routed)           0.720    23.713    q_reg_i_10_n_0
    BUFGCTRL_X0Y0        BUFG (Prop_bufg_I_O)         0.096    23.809 r  q_reg_i_3/O
                         net (fo=377, routed)         1.614    25.423    CPU/dx_insn_reg/dff_loop[29].dff/clk0
    SLICE_X31Y129        FDCE                                         r  CPU/dx_insn_reg/dff_loop[29].dff/q_reg/C
  -------------------------------------------------------------------    -------------------
    SLICE_X31Y129        FDCE (Prop_fdce_C_Q)         0.456    25.879 r  CPU/dx_insn_reg/dff_loop[29].dff/q_reg/Q
                         net (fo=31, routed)          1.580    27.459    CPU/dx_insn_reg/dff_loop[28].dff/q_i_18__14_2
    SLICE_X36Y130        LUT5 (Prop_lut5_I3_O)        0.154    27.613 f  CPU/dx_insn_reg/dff_loop[28].dff/q_i_17__15/O
                         net (fo=7, routed)           0.772    28.385    CPU/dx_insn_reg/dff_loop[28].dff/q_i_17__15_n_0
    SLICE_X36Y134        LUT4 (Prop_lut4_I0_O)        0.327    28.712 f  CPU/dx_insn_reg/dff_loop[28].dff/q_i_14__21/O
                         net (fo=3, routed)           0.631    29.342    CPU/dx_insn_reg/dff_loop[28].dff/q_i_14__21_n_0
    SLICE_X36Y133        LUT6 (Prop_lut6_I0_O)        0.124    29.466 r  CPU/dx_insn_reg/dff_loop[28].dff/q_i_6__50/O
                         net (fo=2, routed)           0.584    30.050    CPU/dx_insn_reg/dff_loop[28].dff/q_i_6__50_n_0
    SLICE_X37Y134        LUT6 (Prop_lut6_I0_O)        0.124    30.174 r  CPU/dx_insn_reg/dff_loop[28].dff/q_i_4__89/O
                         net (fo=32, routed)          1.090    31.264    CPU/dx_insn_reg/dff_loop[28].dff/q_i_4__89_n_0
    SLICE_X44Y136        LUT5 (Prop_lut5_I1_O)        0.124    31.388 f  CPU/dx_insn_reg/dff_loop[28].dff/q_i_2__143/O
                         net (fo=22, routed)          1.329    32.717    CPU/dx_insn_reg/dff_loop[28].dff/bypass_readDataA[0]
    SLICE_X51Y125        LUT3 (Prop_lut3_I1_O)        0.150    32.867 r  CPU/dx_insn_reg/dff_loop[28].dff/q_i_2__45/O
                         net (fo=5, routed)           0.635    33.501    CPU/dx_insn_reg/dff_loop[28].dff/q_i_2__45_n_0
    SLICE_X52Y123        LUT5 (Prop_lut5_I0_O)        0.326    33.827 r  CPU/dx_insn_reg/dff_loop[28].dff/q_i_2__218/O
                         net (fo=6, routed)           0.499    34.327    CPU/dx_insn_reg/dff_loop[28].dff/q_i_2__218_n_0
    SLICE_X52Y125        LUT6 (Prop_lut6_I3_O)        0.124    34.451 r  CPU/dx_insn_reg/dff_loop[28].dff/q_i_2__43/O
                         net (fo=4, routed)           0.561    35.012    CPU/dx_insn_reg/dff_loop[28].dff/q_i_2__43_n_0
    SLICE_X55Y127        LUT6 (Prop_lut6_I1_O)        0.124    35.136 r  CPU/dx_insn_reg/dff_loop[28].dff/q_i_3__31/O
                         net (fo=2, routed)           0.471    35.607    CPU/dx_insn_reg/dff_loop[28].dff/q_i_3__31_n_0
    SLICE_X56Y128        LUT6 (Prop_lut6_I2_O)        0.124    35.731 r  CPU/dx_insn_reg/dff_loop[28].dff/q_i_2__38/O
                         net (fo=6, routed)           0.583    36.313    CPU/dx_insn_reg/dff_loop[28].dff/q_i_2__38_n_0
    SLICE_X57Y132        LUT6 (Prop_lut6_I2_O)        0.124    36.437 r  CPU/dx_insn_reg/dff_loop[28].dff/q_i_2__36/O
                         net (fo=6, routed)           0.631    37.068    CPU/dx_insn_reg/dff_loop[28].dff/q_i_2__36_n_0
    SLICE_X56Y132        LUT3 (Prop_lut3_I1_O)        0.117    37.185 r  CPU/dx_insn_reg/dff_loop[28].dff/q_i_4__47/O
                         net (fo=2, routed)           0.407    37.593    CPU/dx_insn_reg/dff_loop[28].dff/q_i_4__47_n_0
    SLICE_X57Y132        LUT3 (Prop_lut3_I1_O)        0.342    37.935 r  CPU/dx_insn_reg/dff_loop[28].dff/q_i_1__56/O
                         net (fo=1, routed)           0.193    38.128    CPU/MULTDIV/reg_udividend/dff_loop[29].dff/q_reg_1
    SLICE_X56Y132        FDRE                                         r  CPU/MULTDIV/reg_udividend/dff_loop[29].dff/q_reg/D
  -------------------------------------------------------------------    -------------------

                         (clock clk_out1_clk_wiz_0_1 rise edge)
                                                     40.000    40.000 r  
    E3                                                0.000    40.000 r  clk_100mhz (IN)
                         net (fo=0)                   0.000    40.000    clk25/inst/clk_in1
    E3                   IBUF (Prop_ibuf_I_O)         1.411    41.411 r  clk25/inst/clkin1_ibufg/O
                         net (fo=1, routed)           1.181    42.592    clk25/inst/clk_in1_clk_wiz_0
    PLLE2_ADV_X1Y2       PLLE2_ADV (Prop_plle2_adv_CLKIN1_CLKOUT0)
                                                     -3.253    39.339 r  clk25/inst/plle2_adv_inst/CLKOUT0
                         net (fo=1, routed)           1.634    40.973    clk25/inst/clk_out1_clk_wiz_0
    BUFGCTRL_X0Y16       BUFG (Prop_bufg_I_O)         0.091    41.064 r  clk25/inst/clkout1_buf/O
                         net (fo=1332, routed)        1.481    42.545    CPU/MULTDIV/reg_udividend/dff_loop[29].dff/clk_out1
    SLICE_X56Y132        FDRE                                         r  CPU/MULTDIV/reg_udividend/dff_loop[29].dff/q_reg/C
                         clock pessimism              0.020    42.566    
                         clock uncertainty           -0.180    42.386    
    SLICE_X56Y132        FDRE (Setup_fdre_C_D)       -0.230    42.156    CPU/MULTDIV/reg_udividend/dff_loop[29].dff/q_reg
  -------------------------------------------------------------------
                         required time                         42.156    
                         arrival time                         -38.128    
  -------------------------------------------------------------------
                         slack                                  4.028    

Slack (MET) :             4.388ns  (required time - arrival time)
  Source:                 CPU/dx_insn_reg/dff_loop[29].dff/q_reg/C
                            (rising edge-triggered cell FDCE clocked by clk_out1_clk_wiz_0'  {rise@0.000ns fall@20.000ns period=40.000ns})
  Destination:            CPU/MULTDIV/reg_q/dff_loop[31].dff/q_reg/D
                            (rising edge-triggered cell FDRE clocked by clk_out1_clk_wiz_0_1  {rise@0.000ns fall@20.000ns period=40.000ns})
  Path Group:             clk_out1_clk_wiz_0_1
  Path Type:              Setup (Max at Slow Process Corner)
  Requirement:            20.000ns  (clk_out1_clk_wiz_0_1 rise@40.000ns - clk_out1_clk_wiz_0 fall@20.000ns)
  Data Path Delay:        12.605ns  (logic 2.529ns (20.063%)  route 10.076ns (79.937%))
  Logic Levels:           13  (LUT3=1 LUT4=2 LUT5=4 LUT6=6)
  Clock Path Skew:        -2.856ns (DCD - SCD + CPR)
    Destination Clock Delay (DCD):    2.546ns = ( 42.546 - 40.000 ) 
    Source Clock Delay      (SCD):    5.423ns = ( 25.423 - 20.000 ) 
    Clock Pessimism Removal (CPR):    0.020ns
  Clock Uncertainty:      0.180ns  ((TSJ^2 + DJ^2)^1/2) / 2 + PE
    Total System Jitter     (TSJ):    0.071ns
    Discrete Jitter          (DJ):    0.352ns
    Phase Error              (PE):    0.000ns
  Clock Domain Crossing:  Inter clock paths are considered valid unless explicitly excluded by timing constraints such as set_clock_groups or set_false_path.

    Location             Delay type                Incr(ns)  Path(ns)    Netlist Resource(s)
  -------------------------------------------------------------------    -------------------
                         (clock clk_out1_clk_wiz_0 fall edge)
                                                     20.000    20.000 f  
    E3                                                0.000    20.000 f  clk_100mhz (IN)
                         net (fo=0)                   0.000    20.000    clk25/inst/clk_in1
    E3                   IBUF (Prop_ibuf_I_O)         1.482    21.482 f  clk25/inst/clkin1_ibufg/O
                         net (fo=1, routed)           1.253    22.735    clk25/inst/clk_in1_clk_wiz_0
    PLLE2_ADV_X1Y2       PLLE2_ADV (Prop_plle2_adv_CLKIN1_CLKOUT0)
                                                     -3.459    19.276 f  clk25/inst/plle2_adv_inst/CLKOUT0
                         net (fo=1, routed)           1.713    20.989    clk25/inst/clk_out1_clk_wiz_0
    BUFGCTRL_X0Y16       BUFG (Prop_bufg_I_O)         0.096    21.085 f  clk25/inst/clkout1_buf/O
                         net (fo=1332, routed)        1.784    22.868    clock
    SLICE_X52Y96         LUT1 (Prop_lut1_I0_O)        0.124    22.992 r  q_reg_i_10/O
                         net (fo=1, routed)           0.720    23.713    q_reg_i_10_n_0
    BUFGCTRL_X0Y0        BUFG (Prop_bufg_I_O)         0.096    23.809 r  q_reg_i_3/O
                         net (fo=377, routed)         1.614    25.423    CPU/dx_insn_reg/dff_loop[29].dff/clk0
    SLICE_X31Y129        FDCE                                         r  CPU/dx_insn_reg/dff_loop[29].dff/q_reg/C
  -------------------------------------------------------------------    -------------------
    SLICE_X31Y129        FDCE (Prop_fdce_C_Q)         0.456    25.879 r  CPU/dx_insn_reg/dff_loop[29].dff/q_reg/Q
                         net (fo=31, routed)          1.580    27.459    CPU/dx_insn_reg/dff_loop[28].dff/q_i_18__14_2
    SLICE_X36Y130        LUT5 (Prop_lut5_I3_O)        0.154    27.613 f  CPU/dx_insn_reg/dff_loop[28].dff/q_i_17__15/O
                         net (fo=7, routed)           0.772    28.385    CPU/dx_insn_reg/dff_loop[28].dff/q_i_17__15_n_0
    SLICE_X36Y134        LUT4 (Prop_lut4_I0_O)        0.327    28.712 f  CPU/dx_insn_reg/dff_loop[28].dff/q_i_14__21/O
                         net (fo=3, routed)           0.631    29.342    CPU/dx_insn_reg/dff_loop[28].dff/q_i_14__21_n_0
    SLICE_X36Y133        LUT6 (Prop_lut6_I0_O)        0.124    29.466 r  CPU/dx_insn_reg/dff_loop[28].dff/q_i_6__50/O
                         net (fo=2, routed)           0.584    30.050    CPU/dx_insn_reg/dff_loop[28].dff/q_i_6__50_n_0
    SLICE_X37Y134        LUT6 (Prop_lut6_I0_O)        0.124    30.174 r  CPU/dx_insn_reg/dff_loop[28].dff/q_i_4__89/O
                         net (fo=32, routed)          1.090    31.264    CPU/dx_insn_reg/dff_loop[28].dff/q_i_4__89_n_0
    SLICE_X44Y136        LUT5 (Prop_lut5_I1_O)        0.124    31.388 f  CPU/dx_insn_reg/dff_loop[28].dff/q_i_2__143/O
                         net (fo=22, routed)          1.329    32.717    CPU/dx_insn_reg/dff_loop[28].dff/bypass_readDataA[0]
    SLICE_X51Y125        LUT3 (Prop_lut3_I1_O)        0.150    32.867 r  CPU/dx_insn_reg/dff_loop[28].dff/q_i_2__45/O
                         net (fo=5, routed)           0.635    33.501    CPU/dx_insn_reg/dff_loop[28].dff/q_i_2__45_n_0
    SLICE_X52Y123        LUT5 (Prop_lut5_I0_O)        0.326    33.827 r  CPU/dx_insn_reg/dff_loop[28].dff/q_i_2__218/O
                         net (fo=6, routed)           0.499    34.327    CPU/dx_insn_reg/dff_loop[28].dff/q_i_2__218_n_0
    SLICE_X52Y125        LUT6 (Prop_lut6_I3_O)        0.124    34.451 r  CPU/dx_insn_reg/dff_loop[28].dff/q_i_2__43/O
                         net (fo=4, routed)           0.561    35.012    CPU/dx_insn_reg/dff_loop[28].dff/q_i_2__43_n_0
    SLICE_X55Y127        LUT6 (Prop_lut6_I1_O)        0.124    35.136 r  CPU/dx_insn_reg/dff_loop[28].dff/q_i_3__31/O
                         net (fo=2, routed)           0.471    35.607    CPU/dx_insn_reg/dff_loop[28].dff/q_i_3__31_n_0
    SLICE_X56Y128        LUT6 (Prop_lut6_I2_O)        0.124    35.731 r  CPU/dx_insn_reg/dff_loop[28].dff/q_i_2__38/O
                         net (fo=6, routed)           0.583    36.313    CPU/dx_insn_reg/dff_loop[28].dff/q_i_2__38_n_0
    SLICE_X57Y132        LUT6 (Prop_lut6_I2_O)        0.124    36.437 r  CPU/dx_insn_reg/dff_loop[28].dff/q_i_2__36/O
                         net (fo=6, routed)           0.631    37.068    CPU/dx_insn_reg/dff_loop[28].dff/q_i_2__36_n_0
    SLICE_X56Y132        LUT4 (Prop_lut4_I1_O)        0.124    37.192 r  CPU/dx_insn_reg/dff_loop[28].dff/q_i_3__30/O
                         net (fo=2, routed)           0.711    37.904    CPU/dx_insn_reg/dff_loop[28].dff/q_i_3__30_n_0
    SLICE_X52Y134        LUT5 (Prop_lut5_I2_O)        0.124    38.028 r  CPU/dx_insn_reg/dff_loop[28].dff/q_i_1__1/O
                         net (fo=1, routed)           0.000    38.028    CPU/MULTDIV/reg_q/dff_loop[31].dff/q_reg_5[0]
    SLICE_X52Y134        FDRE                                         r  CPU/MULTDIV/reg_q/dff_loop[31].dff/q_reg/D
  -------------------------------------------------------------------    -------------------

                         (clock clk_out1_clk_wiz_0_1 rise edge)
                                                     40.000    40.000 r  
    E3                                                0.000    40.000 r  clk_100mhz (IN)
                         net (fo=0)                   0.000    40.000    clk25/inst/clk_in1
    E3                   IBUF (Prop_ibuf_I_O)         1.411    41.411 r  clk25/inst/clkin1_ibufg/O
                         net (fo=1, routed)           1.181    42.592    clk25/inst/clk_in1_clk_wiz_0
    PLLE2_ADV_X1Y2       PLLE2_ADV (Prop_plle2_adv_CLKIN1_CLKOUT0)
                                                     -3.253    39.339 r  clk25/inst/plle2_adv_inst/CLKOUT0
                         net (fo=1, routed)           1.634    40.973    clk25/inst/clk_out1_clk_wiz_0
    BUFGCTRL_X0Y16       BUFG (Prop_bufg_I_O)         0.091    41.064 r  clk25/inst/clkout1_buf/O
                         net (fo=1332, routed)        1.482    42.546    CPU/MULTDIV/reg_q/dff_loop[31].dff/clk_out1
    SLICE_X52Y134        FDRE                                         r  CPU/MULTDIV/reg_q/dff_loop[31].dff/q_reg/C
                         clock pessimism              0.020    42.567    
                         clock uncertainty           -0.180    42.387    
    SLICE_X52Y134        FDRE (Setup_fdre_C_D)        0.029    42.416    CPU/MULTDIV/reg_q/dff_loop[31].dff/q_reg
  -------------------------------------------------------------------
                         required time                         42.416    
                         arrival time                         -38.028    
  -------------------------------------------------------------------
                         slack                                  4.388    

Slack (MET) :             4.474ns  (required time - arrival time)
  Source:                 CPU/dx_insn_reg/dff_loop[29].dff/q_reg/C
                            (rising edge-triggered cell FDCE clocked by clk_out1_clk_wiz_0'  {rise@0.000ns fall@20.000ns period=40.000ns})
  Destination:            CPU/MULTDIV/reg_q/dff_loop[29].dff/q_reg/D
                            (rising edge-triggered cell FDRE clocked by clk_out1_clk_wiz_0_1  {rise@0.000ns fall@20.000ns period=40.000ns})
  Path Group:             clk_out1_clk_wiz_0_1
  Path Type:              Setup (Max at Slow Process Corner)
  Requirement:            20.000ns  (clk_out1_clk_wiz_0_1 rise@40.000ns - clk_out1_clk_wiz_0 fall@20.000ns)
  Data Path Delay:        12.518ns  (logic 2.746ns (21.936%)  route 9.772ns (78.064%))
  Logic Levels:           13  (LUT3=2 LUT4=1 LUT5=4 LUT6=6)
  Clock Path Skew:        -2.857ns (DCD - SCD + CPR)
    Destination Clock Delay (DCD):    2.545ns = ( 42.545 - 40.000 ) 
    Source Clock Delay      (SCD):    5.423ns = ( 25.423 - 20.000 ) 
    Clock Pessimism Removal (CPR):    0.020ns
  Clock Uncertainty:      0.180ns  ((TSJ^2 + DJ^2)^1/2) / 2 + PE
    Total System Jitter     (TSJ):    0.071ns
    Discrete Jitter          (DJ):    0.352ns
    Phase Error              (PE):    0.000ns
  Clock Domain Crossing:  Inter clock paths are considered valid unless explicitly excluded by timing constraints such as set_clock_groups or set_false_path.

    Location             Delay type                Incr(ns)  Path(ns)    Netlist Resource(s)
  -------------------------------------------------------------------    -------------------
                         (clock clk_out1_clk_wiz_0 fall edge)
                                                     20.000    20.000 f  
    E3                                                0.000    20.000 f  clk_100mhz (IN)
                         net (fo=0)                   0.000    20.000    clk25/inst/clk_in1
    E3                   IBUF (Prop_ibuf_I_O)         1.482    21.482 f  clk25/inst/clkin1_ibufg/O
                         net (fo=1, routed)           1.253    22.735    clk25/inst/clk_in1_clk_wiz_0
    PLLE2_ADV_X1Y2       PLLE2_ADV (Prop_plle2_adv_CLKIN1_CLKOUT0)
                                                     -3.459    19.276 f  clk25/inst/plle2_adv_inst/CLKOUT0
                         net (fo=1, routed)           1.713    20.989    clk25/inst/clk_out1_clk_wiz_0
    BUFGCTRL_X0Y16       BUFG (Prop_bufg_I_O)         0.096    21.085 f  clk25/inst/clkout1_buf/O
                         net (fo=1332, routed)        1.784    22.868    clock
    SLICE_X52Y96         LUT1 (Prop_lut1_I0_O)        0.124    22.992 r  q_reg_i_10/O
                         net (fo=1, routed)           0.720    23.713    q_reg_i_10_n_0
    BUFGCTRL_X0Y0        BUFG (Prop_bufg_I_O)         0.096    23.809 r  q_reg_i_3/O
                         net (fo=377, routed)         1.614    25.423    CPU/dx_insn_reg/dff_loop[29].dff/clk0
    SLICE_X31Y129        FDCE                                         r  CPU/dx_insn_reg/dff_loop[29].dff/q_reg/C
  -------------------------------------------------------------------    -------------------
    SLICE_X31Y129        FDCE (Prop_fdce_C_Q)         0.456    25.879 r  CPU/dx_insn_reg/dff_loop[29].dff/q_reg/Q
                         net (fo=31, routed)          1.580    27.459    CPU/dx_insn_reg/dff_loop[28].dff/q_i_18__14_2
    SLICE_X36Y130        LUT5 (Prop_lut5_I3_O)        0.154    27.613 f  CPU/dx_insn_reg/dff_loop[28].dff/q_i_17__15/O
                         net (fo=7, routed)           0.772    28.385    CPU/dx_insn_reg/dff_loop[28].dff/q_i_17__15_n_0
    SLICE_X36Y134        LUT4 (Prop_lut4_I0_O)        0.327    28.712 f  CPU/dx_insn_reg/dff_loop[28].dff/q_i_14__21/O
                         net (fo=3, routed)           0.631    29.342    CPU/dx_insn_reg/dff_loop[28].dff/q_i_14__21_n_0
    SLICE_X36Y133        LUT6 (Prop_lut6_I0_O)        0.124    29.466 r  CPU/dx_insn_reg/dff_loop[28].dff/q_i_6__50/O
                         net (fo=2, routed)           0.584    30.050    CPU/dx_insn_reg/dff_loop[28].dff/q_i_6__50_n_0
    SLICE_X37Y134        LUT6 (Prop_lut6_I0_O)        0.124    30.174 r  CPU/dx_insn_reg/dff_loop[28].dff/q_i_4__89/O
                         net (fo=32, routed)          1.090    31.264    CPU/dx_insn_reg/dff_loop[28].dff/q_i_4__89_n_0
    SLICE_X44Y136        LUT5 (Prop_lut5_I1_O)        0.124    31.388 f  CPU/dx_insn_reg/dff_loop[28].dff/q_i_2__143/O
                         net (fo=22, routed)          1.329    32.717    CPU/dx_insn_reg/dff_loop[28].dff/bypass_readDataA[0]
    SLICE_X51Y125        LUT3 (Prop_lut3_I1_O)        0.150    32.867 r  CPU/dx_insn_reg/dff_loop[28].dff/q_i_2__45/O
                         net (fo=5, routed)           0.635    33.501    CPU/dx_insn_reg/dff_loop[28].dff/q_i_2__45_n_0
    SLICE_X52Y123        LUT5 (Prop_lut5_I0_O)        0.326    33.827 r  CPU/dx_insn_reg/dff_loop[28].dff/q_i_2__218/O
                         net (fo=6, routed)           0.499    34.327    CPU/dx_insn_reg/dff_loop[28].dff/q_i_2__218_n_0
    SLICE_X52Y125        LUT6 (Prop_lut6_I3_O)        0.124    34.451 r  CPU/dx_insn_reg/dff_loop[28].dff/q_i_2__43/O
                         net (fo=4, routed)           0.561    35.012    CPU/dx_insn_reg/dff_loop[28].dff/q_i_2__43_n_0
    SLICE_X55Y127        LUT6 (Prop_lut6_I1_O)        0.124    35.136 r  CPU/dx_insn_reg/dff_loop[28].dff/q_i_3__31/O
                         net (fo=2, routed)           0.471    35.607    CPU/dx_insn_reg/dff_loop[28].dff/q_i_3__31_n_0
    SLICE_X56Y128        LUT6 (Prop_lut6_I2_O)        0.124    35.731 r  CPU/dx_insn_reg/dff_loop[28].dff/q_i_2__38/O
                         net (fo=6, routed)           0.583    36.313    CPU/dx_insn_reg/dff_loop[28].dff/q_i_2__38_n_0
    SLICE_X57Y132        LUT6 (Prop_lut6_I2_O)        0.124    36.437 r  CPU/dx_insn_reg/dff_loop[28].dff/q_i_2__36/O
                         net (fo=6, routed)           0.631    37.068    CPU/dx_insn_reg/dff_loop[28].dff/q_i_2__36_n_0
    SLICE_X56Y132        LUT3 (Prop_lut3_I1_O)        0.117    37.185 r  CPU/dx_insn_reg/dff_loop[28].dff/q_i_4__47/O
                         net (fo=2, routed)           0.407    37.593    CPU/dx_insn_reg/dff_loop[28].dff/q_i_4__47_n_0
    SLICE_X57Y132        LUT5 (Prop_lut5_I3_O)        0.348    37.941 r  CPU/dx_insn_reg/dff_loop[28].dff/q_i_1__3/O
                         net (fo=1, routed)           0.000    37.941    CPU/MULTDIV/reg_q/dff_loop[29].dff/q_reg_4[0]
    SLICE_X57Y132        FDRE                                         r  CPU/MULTDIV/reg_q/dff_loop[29].dff/q_reg/D
  -------------------------------------------------------------------    -------------------

                         (clock clk_out1_clk_wiz_0_1 rise edge)
                                                     40.000    40.000 r  
    E3                                                0.000    40.000 r  clk_100mhz (IN)
                         net (fo=0)                   0.000    40.000    clk25/inst/clk_in1
    E3                   IBUF (Prop_ibuf_I_O)         1.411    41.411 r  clk25/inst/clkin1_ibufg/O
                         net (fo=1, routed)           1.181    42.592    clk25/inst/clk_in1_clk_wiz_0
    PLLE2_ADV_X1Y2       PLLE2_ADV (Prop_plle2_adv_CLKIN1_CLKOUT0)
                                                     -3.253    39.339 r  clk25/inst/plle2_adv_inst/CLKOUT0
                         net (fo=1, routed)           1.634    40.973    clk25/inst/clk_out1_clk_wiz_0
    BUFGCTRL_X0Y16       BUFG (Prop_bufg_I_O)         0.091    41.064 r  clk25/inst/clkout1_buf/O
                         net (fo=1332, routed)        1.481    42.545    CPU/MULTDIV/reg_q/dff_loop[29].dff/clk_out1
    SLICE_X57Y132        FDRE                                         r  CPU/MULTDIV/reg_q/dff_loop[29].dff/q_reg/C
                         clock pessimism              0.020    42.566    
                         clock uncertainty           -0.180    42.386    
    SLICE_X57Y132        FDRE (Setup_fdre_C_D)        0.029    42.415    CPU/MULTDIV/reg_q/dff_loop[29].dff/q_reg
  -------------------------------------------------------------------
                         required time                         42.415    
                         arrival time                         -37.941    
  -------------------------------------------------------------------
                         slack                                  4.474    

Slack (MET) :             4.513ns  (required time - arrival time)
  Source:                 CPU/dx_insn_reg/dff_loop[29].dff/q_reg/C
                            (rising edge-triggered cell FDCE clocked by clk_out1_clk_wiz_0'  {rise@0.000ns fall@20.000ns period=40.000ns})
  Destination:            CPU/MULTDIV/reg_q/dff_loop[27].dff/q_reg/D
                            (rising edge-triggered cell FDRE clocked by clk_out1_clk_wiz_0_1  {rise@0.000ns fall@20.000ns period=40.000ns})
  Path Group:             clk_out1_clk_wiz_0_1
  Path Type:              Setup (Max at Slow Process Corner)
  Requirement:            20.000ns  (clk_out1_clk_wiz_0_1 rise@40.000ns - clk_out1_clk_wiz_0 fall@20.000ns)
  Data Path Delay:        12.477ns  (logic 2.737ns (21.937%)  route 9.740ns (78.063%))
  Logic Levels:           13  (LUT3=2 LUT4=1 LUT5=4 LUT6=6)
  Clock Path Skew:        -2.860ns (DCD - SCD + CPR)
    Destination Clock Delay (DCD):    2.542ns = ( 42.542 - 40.000 ) 
    Source Clock Delay      (SCD):    5.423ns = ( 25.423 - 20.000 ) 
    Clock Pessimism Removal (CPR):    0.020ns
  Clock Uncertainty:      0.180ns  ((TSJ^2 + DJ^2)^1/2) / 2 + PE
    Total System Jitter     (TSJ):    0.071ns
    Discrete Jitter          (DJ):    0.352ns
    Phase Error              (PE):    0.000ns
  Clock Domain Crossing:  Inter clock paths are considered valid unless explicitly excluded by timing constraints such as set_clock_groups or set_false_path.

    Location             Delay type                Incr(ns)  Path(ns)    Netlist Resource(s)
  -------------------------------------------------------------------    -------------------
                         (clock clk_out1_clk_wiz_0 fall edge)
                                                     20.000    20.000 f  
    E3                                                0.000    20.000 f  clk_100mhz (IN)
                         net (fo=0)                   0.000    20.000    clk25/inst/clk_in1
    E3                   IBUF (Prop_ibuf_I_O)         1.482    21.482 f  clk25/inst/clkin1_ibufg/O
                         net (fo=1, routed)           1.253    22.735    clk25/inst/clk_in1_clk_wiz_0
    PLLE2_ADV_X1Y2       PLLE2_ADV (Prop_plle2_adv_CLKIN1_CLKOUT0)
                                                     -3.459    19.276 f  clk25/inst/plle2_adv_inst/CLKOUT0
                         net (fo=1, routed)           1.713    20.989    clk25/inst/clk_out1_clk_wiz_0
    BUFGCTRL_X0Y16       BUFG (Prop_bufg_I_O)         0.096    21.085 f  clk25/inst/clkout1_buf/O
                         net (fo=1332, routed)        1.784    22.868    clock
    SLICE_X52Y96         LUT1 (Prop_lut1_I0_O)        0.124    22.992 r  q_reg_i_10/O
                         net (fo=1, routed)           0.720    23.713    q_reg_i_10_n_0
    BUFGCTRL_X0Y0        BUFG (Prop_bufg_I_O)         0.096    23.809 r  q_reg_i_3/O
                         net (fo=377, routed)         1.614    25.423    CPU/dx_insn_reg/dff_loop[29].dff/clk0
    SLICE_X31Y129        FDCE                                         r  CPU/dx_insn_reg/dff_loop[29].dff/q_reg/C
  -------------------------------------------------------------------    -------------------
    SLICE_X31Y129        FDCE (Prop_fdce_C_Q)         0.456    25.879 r  CPU/dx_insn_reg/dff_loop[29].dff/q_reg/Q
                         net (fo=31, routed)          1.580    27.459    CPU/dx_insn_reg/dff_loop[28].dff/q_i_18__14_2
    SLICE_X36Y130        LUT5 (Prop_lut5_I3_O)        0.154    27.613 f  CPU/dx_insn_reg/dff_loop[28].dff/q_i_17__15/O
                         net (fo=7, routed)           0.772    28.385    CPU/dx_insn_reg/dff_loop[28].dff/q_i_17__15_n_0
    SLICE_X36Y134        LUT4 (Prop_lut4_I0_O)        0.327    28.712 f  CPU/dx_insn_reg/dff_loop[28].dff/q_i_14__21/O
                         net (fo=3, routed)           0.631    29.342    CPU/dx_insn_reg/dff_loop[28].dff/q_i_14__21_n_0
    SLICE_X36Y133        LUT6 (Prop_lut6_I0_O)        0.124    29.466 r  CPU/dx_insn_reg/dff_loop[28].dff/q_i_6__50/O
                         net (fo=2, routed)           0.584    30.050    CPU/dx_insn_reg/dff_loop[28].dff/q_i_6__50_n_0
    SLICE_X37Y134        LUT6 (Prop_lut6_I0_O)        0.124    30.174 r  CPU/dx_insn_reg/dff_loop[28].dff/q_i_4__89/O
                         net (fo=32, routed)          1.090    31.264    CPU/dx_insn_reg/dff_loop[28].dff/q_i_4__89_n_0
    SLICE_X44Y136        LUT5 (Prop_lut5_I1_O)        0.124    31.388 f  CPU/dx_insn_reg/dff_loop[28].dff/q_i_2__143/O
                         net (fo=22, routed)          1.329    32.717    CPU/dx_insn_reg/dff_loop[28].dff/bypass_readDataA[0]
    SLICE_X51Y125        LUT3 (Prop_lut3_I1_O)        0.150    32.867 r  CPU/dx_insn_reg/dff_loop[28].dff/q_i_2__45/O
                         net (fo=5, routed)           0.635    33.501    CPU/dx_insn_reg/dff_loop[28].dff/q_i_2__45_n_0
    SLICE_X52Y123        LUT5 (Prop_lut5_I0_O)        0.326    33.827 r  CPU/dx_insn_reg/dff_loop[28].dff/q_i_2__218/O
                         net (fo=6, routed)           0.499    34.327    CPU/dx_insn_reg/dff_loop[28].dff/q_i_2__218_n_0
    SLICE_X52Y125        LUT6 (Prop_lut6_I3_O)        0.124    34.451 r  CPU/dx_insn_reg/dff_loop[28].dff/q_i_2__43/O
                         net (fo=4, routed)           0.561    35.012    CPU/dx_insn_reg/dff_loop[28].dff/q_i_2__43_n_0
    SLICE_X55Y127        LUT6 (Prop_lut6_I1_O)        0.124    35.136 r  CPU/dx_insn_reg/dff_loop[28].dff/q_i_3__31/O
                         net (fo=2, routed)           0.471    35.607    CPU/dx_insn_reg/dff_loop[28].dff/q_i_3__31_n_0
    SLICE_X56Y128        LUT6 (Prop_lut6_I2_O)        0.124    35.731 r  CPU/dx_insn_reg/dff_loop[28].dff/q_i_2__38/O
                         net (fo=6, routed)           0.583    36.313    CPU/dx_insn_reg/dff_loop[28].dff/q_i_2__38_n_0
    SLICE_X57Y132        LUT6 (Prop_lut6_I2_O)        0.124    36.437 r  CPU/dx_insn_reg/dff_loop[28].dff/q_i_2__36/O
                         net (fo=6, routed)           0.707    37.144    CPU/dx_insn_reg/dff_loop[28].dff/q_i_2__36_n_0
    SLICE_X56Y132        LUT3 (Prop_lut3_I1_O)        0.116    37.260 r  CPU/dx_insn_reg/dff_loop[28].dff/q_i_1__55/O
                         net (fo=2, routed)           0.299    37.559    CPU/MULTDIV/reg_q/dff_loop[27].dff/q_reg_8
    SLICE_X57Y130        LUT5 (Prop_lut5_I4_O)        0.340    37.899 r  CPU/MULTDIV/reg_q/dff_loop[27].dff/q_i_1__4/O
                         net (fo=1, routed)           0.000    37.899    CPU/MULTDIV/reg_q/dff_loop[27].dff/q_next[27]
    SLICE_X57Y130        FDRE                                         r  CPU/MULTDIV/reg_q/dff_loop[27].dff/q_reg/D
  -------------------------------------------------------------------    -------------------

                         (clock clk_out1_clk_wiz_0_1 rise edge)
                                                     40.000    40.000 r  
    E3                                                0.000    40.000 r  clk_100mhz (IN)
                         net (fo=0)                   0.000    40.000    clk25/inst/clk_in1
    E3                   IBUF (Prop_ibuf_I_O)         1.411    41.411 r  clk25/inst/clkin1_ibufg/O
                         net (fo=1, routed)           1.181    42.592    clk25/inst/clk_in1_clk_wiz_0
    PLLE2_ADV_X1Y2       PLLE2_ADV (Prop_plle2_adv_CLKIN1_CLKOUT0)
                                                     -3.253    39.339 r  clk25/inst/plle2_adv_inst/CLKOUT0
                         net (fo=1, routed)           1.634    40.973    clk25/inst/clk_out1_clk_wiz_0
    BUFGCTRL_X0Y16       BUFG (Prop_bufg_I_O)         0.091    41.064 r  clk25/inst/clkout1_buf/O
                         net (fo=1332, routed)        1.478    42.542    CPU/MULTDIV/reg_q/dff_loop[27].dff/clk_out1
    SLICE_X57Y130        FDRE                                         r  CPU/MULTDIV/reg_q/dff_loop[27].dff/q_reg/C
                         clock pessimism              0.020    42.563    
                         clock uncertainty           -0.180    42.383    
    SLICE_X57Y130        FDRE (Setup_fdre_C_D)        0.029    42.412    CPU/MULTDIV/reg_q/dff_loop[27].dff/q_reg
  -------------------------------------------------------------------
                         required time                         42.412    
                         arrival time                         -37.899    
  -------------------------------------------------------------------
                         slack                                  4.513    

Slack (MET) :             4.552ns  (required time - arrival time)
  Source:                 CPU/dx_insn_reg/dff_loop[29].dff/q_reg/C
                            (rising edge-triggered cell FDCE clocked by clk_out1_clk_wiz_0'  {rise@0.000ns fall@20.000ns period=40.000ns})
  Destination:            CPU/MULTDIV/reg_udividend/dff_loop[28].dff/q_reg/D
                            (rising edge-triggered cell FDRE clocked by clk_out1_clk_wiz_0_1  {rise@0.000ns fall@20.000ns period=40.000ns})
  Path Group:             clk_out1_clk_wiz_0_1
  Path Type:              Setup (Max at Slow Process Corner)
  Requirement:            20.000ns  (clk_out1_clk_wiz_0_1 rise@40.000ns - clk_out1_clk_wiz_0 fall@20.000ns)
  Data Path Delay:        12.366ns  (logic 2.405ns (19.448%)  route 9.961ns (80.552%))
  Logic Levels:           12  (LUT3=1 LUT4=2 LUT5=3 LUT6=6)
  Clock Path Skew:        -2.857ns (DCD - SCD + CPR)
    Destination Clock Delay (DCD):    2.545ns = ( 42.545 - 40.000 ) 
    Source Clock Delay      (SCD):    5.423ns = ( 25.423 - 20.000 ) 
    Clock Pessimism Removal (CPR):    0.020ns
  Clock Uncertainty:      0.180ns  ((TSJ^2 + DJ^2)^1/2) / 2 + PE
    Total System Jitter     (TSJ):    0.071ns
    Discrete Jitter          (DJ):    0.352ns
    Phase Error              (PE):    0.000ns
  Clock Domain Crossing:  Inter clock paths are considered valid unless explicitly excluded by timing constraints such as set_clock_groups or set_false_path.

    Location             Delay type                Incr(ns)  Path(ns)    Netlist Resource(s)
  -------------------------------------------------------------------    -------------------
                         (clock clk_out1_clk_wiz_0 fall edge)
                                                     20.000    20.000 f  
    E3                                                0.000    20.000 f  clk_100mhz (IN)
                         net (fo=0)                   0.000    20.000    clk25/inst/clk_in1
    E3                   IBUF (Prop_ibuf_I_O)         1.482    21.482 f  clk25/inst/clkin1_ibufg/O
                         net (fo=1, routed)           1.253    22.735    clk25/inst/clk_in1_clk_wiz_0
    PLLE2_ADV_X1Y2       PLLE2_ADV (Prop_plle2_adv_CLKIN1_CLKOUT0)
                                                     -3.459    19.276 f  clk25/inst/plle2_adv_inst/CLKOUT0
                         net (fo=1, routed)           1.713    20.989    clk25/inst/clk_out1_clk_wiz_0
    BUFGCTRL_X0Y16       BUFG (Prop_bufg_I_O)         0.096    21.085 f  clk25/inst/clkout1_buf/O
                         net (fo=1332, routed)        1.784    22.868    clock
    SLICE_X52Y96         LUT1 (Prop_lut1_I0_O)        0.124    22.992 r  q_reg_i_10/O
                         net (fo=1, routed)           0.720    23.713    q_reg_i_10_n_0
    BUFGCTRL_X0Y0        BUFG (Prop_bufg_I_O)         0.096    23.809 r  q_reg_i_3/O
                         net (fo=377, routed)         1.614    25.423    CPU/dx_insn_reg/dff_loop[29].dff/clk0
    SLICE_X31Y129        FDCE                                         r  CPU/dx_insn_reg/dff_loop[29].dff/q_reg/C
  -------------------------------------------------------------------    -------------------
    SLICE_X31Y129        FDCE (Prop_fdce_C_Q)         0.456    25.879 r  CPU/dx_insn_reg/dff_loop[29].dff/q_reg/Q
                         net (fo=31, routed)          1.580    27.459    CPU/dx_insn_reg/dff_loop[28].dff/q_i_18__14_2
    SLICE_X36Y130        LUT5 (Prop_lut5_I3_O)        0.154    27.613 f  CPU/dx_insn_reg/dff_loop[28].dff/q_i_17__15/O
                         net (fo=7, routed)           0.772    28.385    CPU/dx_insn_reg/dff_loop[28].dff/q_i_17__15_n_0
    SLICE_X36Y134        LUT4 (Prop_lut4_I0_O)        0.327    28.712 f  CPU/dx_insn_reg/dff_loop[28].dff/q_i_14__21/O
                         net (fo=3, routed)           0.631    29.342    CPU/dx_insn_reg/dff_loop[28].dff/q_i_14__21_n_0
    SLICE_X36Y133        LUT6 (Prop_lut6_I0_O)        0.124    29.466 r  CPU/dx_insn_reg/dff_loop[28].dff/q_i_6__50/O
                         net (fo=2, routed)           0.584    30.050    CPU/dx_insn_reg/dff_loop[28].dff/q_i_6__50_n_0
    SLICE_X37Y134        LUT6 (Prop_lut6_I0_O)        0.124    30.174 r  CPU/dx_insn_reg/dff_loop[28].dff/q_i_4__89/O
                         net (fo=32, routed)          1.090    31.264    CPU/dx_insn_reg/dff_loop[28].dff/q_i_4__89_n_0
    SLICE_X44Y136        LUT5 (Prop_lut5_I1_O)        0.124    31.388 f  CPU/dx_insn_reg/dff_loop[28].dff/q_i_2__143/O
                         net (fo=22, routed)          1.329    32.717    CPU/dx_insn_reg/dff_loop[28].dff/bypass_readDataA[0]
    SLICE_X51Y125        LUT3 (Prop_lut3_I1_O)        0.150    32.867 r  CPU/dx_insn_reg/dff_loop[28].dff/q_i_2__45/O
                         net (fo=5, routed)           0.635    33.501    CPU/dx_insn_reg/dff_loop[28].dff/q_i_2__45_n_0
    SLICE_X52Y123        LUT5 (Prop_lut5_I0_O)        0.326    33.827 r  CPU/dx_insn_reg/dff_loop[28].dff/q_i_2__218/O
                         net (fo=6, routed)           0.499    34.327    CPU/dx_insn_reg/dff_loop[28].dff/q_i_2__218_n_0
    SLICE_X52Y125        LUT6 (Prop_lut6_I3_O)        0.124    34.451 r  CPU/dx_insn_reg/dff_loop[28].dff/q_i_2__43/O
                         net (fo=4, routed)           0.561    35.012    CPU/dx_insn_reg/dff_loop[28].dff/q_i_2__43_n_0
    SLICE_X55Y127        LUT6 (Prop_lut6_I1_O)        0.124    35.136 r  CPU/dx_insn_reg/dff_loop[28].dff/q_i_3__31/O
                         net (fo=2, routed)           0.471    35.607    CPU/dx_insn_reg/dff_loop[28].dff/q_i_3__31_n_0
    SLICE_X56Y128        LUT6 (Prop_lut6_I2_O)        0.124    35.731 r  CPU/dx_insn_reg/dff_loop[28].dff/q_i_2__38/O
                         net (fo=6, routed)           0.583    36.313    CPU/dx_insn_reg/dff_loop[28].dff/q_i_2__38_n_0
    SLICE_X57Y132        LUT6 (Prop_lut6_I2_O)        0.124    36.437 r  CPU/dx_insn_reg/dff_loop[28].dff/q_i_2__36/O
                         net (fo=6, routed)           0.707    37.144    CPU/dx_insn_reg/dff_loop[28].dff/q_i_2__36_n_0
    SLICE_X56Y132        LUT4 (Prop_lut4_I0_O)        0.124    37.268 r  CPU/dx_insn_reg/dff_loop[28].dff/q_i_1__336/O
                         net (fo=1, routed)           0.521    37.789    CPU/MULTDIV/reg_udividend/dff_loop[28].dff/q_reg_0
    SLICE_X56Y132        FDRE                                         r  CPU/MULTDIV/reg_udividend/dff_loop[28].dff/q_reg/D
  -------------------------------------------------------------------    -------------------

                         (clock clk_out1_clk_wiz_0_1 rise edge)
                                                     40.000    40.000 r  
    E3                                                0.000    40.000 r  clk_100mhz (IN)
                         net (fo=0)                   0.000    40.000    clk25/inst/clk_in1
    E3                   IBUF (Prop_ibuf_I_O)         1.411    41.411 r  clk25/inst/clkin1_ibufg/O
                         net (fo=1, routed)           1.181    42.592    clk25/inst/clk_in1_clk_wiz_0
    PLLE2_ADV_X1Y2       PLLE2_ADV (Prop_plle2_adv_CLKIN1_CLKOUT0)
                                                     -3.253    39.339 r  clk25/inst/plle2_adv_inst/CLKOUT0
                         net (fo=1, routed)           1.634    40.973    clk25/inst/clk_out1_clk_wiz_0
    BUFGCTRL_X0Y16       BUFG (Prop_bufg_I_O)         0.091    41.064 r  clk25/inst/clkout1_buf/O
                         net (fo=1332, routed)        1.481    42.545    CPU/MULTDIV/reg_udividend/dff_loop[28].dff/clk_out1
    SLICE_X56Y132        FDRE                                         r  CPU/MULTDIV/reg_udividend/dff_loop[28].dff/q_reg/C
                         clock pessimism              0.020    42.566    
                         clock uncertainty           -0.180    42.386    
    SLICE_X56Y132        FDRE (Setup_fdre_C_D)       -0.045    42.341    CPU/MULTDIV/reg_udividend/dff_loop[28].dff/q_reg
  -------------------------------------------------------------------
                         required time                         42.341    
                         arrival time                         -37.789    
  -------------------------------------------------------------------
                         slack                                  4.552    

Slack (MET) :             4.632ns  (required time - arrival time)
  Source:                 CPU/dx_insn_reg/dff_loop[29].dff/q_reg/C
                            (rising edge-triggered cell FDCE clocked by clk_out1_clk_wiz_0'  {rise@0.000ns fall@20.000ns period=40.000ns})
  Destination:            CPU/MULTDIV/reg_udividend/dff_loop[30].dff/q_reg/D
                            (rising edge-triggered cell FDRE clocked by clk_out1_clk_wiz_0_1  {rise@0.000ns fall@20.000ns period=40.000ns})
  Path Group:             clk_out1_clk_wiz_0_1
  Path Type:              Setup (Max at Slow Process Corner)
  Requirement:            20.000ns  (clk_out1_clk_wiz_0_1 rise@40.000ns - clk_out1_clk_wiz_0 fall@20.000ns)
  Data Path Delay:        12.304ns  (logic 2.405ns (19.547%)  route 9.899ns (80.453%))
  Logic Levels:           12  (LUT3=1 LUT4=1 LUT5=3 LUT6=7)
  Clock Path Skew:        -2.857ns (DCD - SCD + CPR)
    Destination Clock Delay (DCD):    2.545ns = ( 42.545 - 40.000 ) 
    Source Clock Delay      (SCD):    5.423ns = ( 25.423 - 20.000 ) 
    Clock Pessimism Removal (CPR):    0.020ns
  Clock Uncertainty:      0.180ns  ((TSJ^2 + DJ^2)^1/2) / 2 + PE
    Total System Jitter     (TSJ):    0.071ns
    Discrete Jitter          (DJ):    0.352ns
    Phase Error              (PE):    0.000ns
  Clock Domain Crossing:  Inter clock paths are considered valid unless explicitly excluded by timing constraints such as set_clock_groups or set_false_path.

    Location             Delay type                Incr(ns)  Path(ns)    Netlist Resource(s)
  -------------------------------------------------------------------    -------------------
                         (clock clk_out1_clk_wiz_0 fall edge)
                                                     20.000    20.000 f  
    E3                                                0.000    20.000 f  clk_100mhz (IN)
                         net (fo=0)                   0.000    20.000    clk25/inst/clk_in1
    E3                   IBUF (Prop_ibuf_I_O)         1.482    21.482 f  clk25/inst/clkin1_ibufg/O
                         net (fo=1, routed)           1.253    22.735    clk25/inst/clk_in1_clk_wiz_0
    PLLE2_ADV_X1Y2       PLLE2_ADV (Prop_plle2_adv_CLKIN1_CLKOUT0)
                                                     -3.459    19.276 f  clk25/inst/plle2_adv_inst/CLKOUT0
                         net (fo=1, routed)           1.713    20.989    clk25/inst/clk_out1_clk_wiz_0
    BUFGCTRL_X0Y16       BUFG (Prop_bufg_I_O)         0.096    21.085 f  clk25/inst/clkout1_buf/O
                         net (fo=1332, routed)        1.784    22.868    clock
    SLICE_X52Y96         LUT1 (Prop_lut1_I0_O)        0.124    22.992 r  q_reg_i_10/O
                         net (fo=1, routed)           0.720    23.713    q_reg_i_10_n_0
    BUFGCTRL_X0Y0        BUFG (Prop_bufg_I_O)         0.096    23.809 r  q_reg_i_3/O
                         net (fo=377, routed)         1.614    25.423    CPU/dx_insn_reg/dff_loop[29].dff/clk0
    SLICE_X31Y129        FDCE                                         r  CPU/dx_insn_reg/dff_loop[29].dff/q_reg/C
  -------------------------------------------------------------------    -------------------
    SLICE_X31Y129        FDCE (Prop_fdce_C_Q)         0.456    25.879 r  CPU/dx_insn_reg/dff_loop[29].dff/q_reg/Q
                         net (fo=31, routed)          1.580    27.459    CPU/dx_insn_reg/dff_loop[28].dff/q_i_18__14_2
    SLICE_X36Y130        LUT5 (Prop_lut5_I3_O)        0.154    27.613 f  CPU/dx_insn_reg/dff_loop[28].dff/q_i_17__15/O
                         net (fo=7, routed)           0.772    28.385    CPU/dx_insn_reg/dff_loop[28].dff/q_i_17__15_n_0
    SLICE_X36Y134        LUT4 (Prop_lut4_I0_O)        0.327    28.712 f  CPU/dx_insn_reg/dff_loop[28].dff/q_i_14__21/O
                         net (fo=3, routed)           0.631    29.342    CPU/dx_insn_reg/dff_loop[28].dff/q_i_14__21_n_0
    SLICE_X36Y133        LUT6 (Prop_lut6_I0_O)        0.124    29.466 r  CPU/dx_insn_reg/dff_loop[28].dff/q_i_6__50/O
                         net (fo=2, routed)           0.584    30.050    CPU/dx_insn_reg/dff_loop[28].dff/q_i_6__50_n_0
    SLICE_X37Y134        LUT6 (Prop_lut6_I0_O)        0.124    30.174 r  CPU/dx_insn_reg/dff_loop[28].dff/q_i_4__89/O
                         net (fo=32, routed)          1.090    31.264    CPU/dx_insn_reg/dff_loop[28].dff/q_i_4__89_n_0
    SLICE_X44Y136        LUT5 (Prop_lut5_I1_O)        0.124    31.388 f  CPU/dx_insn_reg/dff_loop[28].dff/q_i_2__143/O
                         net (fo=22, routed)          1.329    32.717    CPU/dx_insn_reg/dff_loop[28].dff/bypass_readDataA[0]
    SLICE_X51Y125        LUT3 (Prop_lut3_I1_O)        0.150    32.867 r  CPU/dx_insn_reg/dff_loop[28].dff/q_i_2__45/O
                         net (fo=5, routed)           0.635    33.501    CPU/dx_insn_reg/dff_loop[28].dff/q_i_2__45_n_0
    SLICE_X52Y123        LUT5 (Prop_lut5_I0_O)        0.326    33.827 r  CPU/dx_insn_reg/dff_loop[28].dff/q_i_2__218/O
                         net (fo=6, routed)           0.499    34.327    CPU/dx_insn_reg/dff_loop[28].dff/q_i_2__218_n_0
    SLICE_X52Y125        LUT6 (Prop_lut6_I3_O)        0.124    34.451 r  CPU/dx_insn_reg/dff_loop[28].dff/q_i_2__43/O
                         net (fo=4, routed)           0.561    35.012    CPU/dx_insn_reg/dff_loop[28].dff/q_i_2__43_n_0
    SLICE_X55Y127        LUT6 (Prop_lut6_I1_O)        0.124    35.136 r  CPU/dx_insn_reg/dff_loop[28].dff/q_i_3__31/O
                         net (fo=2, routed)           0.471    35.607    CPU/dx_insn_reg/dff_loop[28].dff/q_i_3__31_n_0
    SLICE_X56Y128        LUT6 (Prop_lut6_I2_O)        0.124    35.731 r  CPU/dx_insn_reg/dff_loop[28].dff/q_i_2__38/O
                         net (fo=6, routed)           0.583    36.313    CPU/dx_insn_reg/dff_loop[28].dff/q_i_2__38_n_0
    SLICE_X57Y132        LUT6 (Prop_lut6_I2_O)        0.124    36.437 r  CPU/dx_insn_reg/dff_loop[28].dff/q_i_2__36/O
                         net (fo=6, routed)           0.541    36.978    CPU/dx_insn_reg/dff_loop[28].dff/q_i_2__36_n_0
    SLICE_X56Y132        LUT6 (Prop_lut6_I2_O)        0.124    37.102 r  CPU/dx_insn_reg/dff_loop[28].dff/q_i_1__57/O
                         net (fo=2, routed)           0.624    37.726    CPU/MULTDIV/reg_udividend/dff_loop[30].dff/q_reg_1
    SLICE_X56Y132        FDRE                                         r  CPU/MULTDIV/reg_udividend/dff_loop[30].dff/q_reg/D
  -------------------------------------------------------------------    -------------------

                         (clock clk_out1_clk_wiz_0_1 rise edge)
                                                     40.000    40.000 r  
    E3                                                0.000    40.000 r  clk_100mhz (IN)
                         net (fo=0)                   0.000    40.000    clk25/inst/clk_in1
    E3                   IBUF (Prop_ibuf_I_O)         1.411    41.411 r  clk25/inst/clkin1_ibufg/O
                         net (fo=1, routed)           1.181    42.592    clk25/inst/clk_in1_clk_wiz_0
    PLLE2_ADV_X1Y2       PLLE2_ADV (Prop_plle2_adv_CLKIN1_CLKOUT0)
                                                     -3.253    39.339 r  clk25/inst/plle2_adv_inst/CLKOUT0
                         net (fo=1, routed)           1.634    40.973    clk25/inst/clk_out1_clk_wiz_0
    BUFGCTRL_X0Y16       BUFG (Prop_bufg_I_O)         0.091    41.064 r  clk25/inst/clkout1_buf/O
                         net (fo=1332, routed)        1.481    42.545    CPU/MULTDIV/reg_udividend/dff_loop[30].dff/clk_out1
    SLICE_X56Y132        FDRE                                         r  CPU/MULTDIV/reg_udividend/dff_loop[30].dff/q_reg/C
                         clock pessimism              0.020    42.566    
                         clock uncertainty           -0.180    42.386    
    SLICE_X56Y132        FDRE (Setup_fdre_C_D)       -0.028    42.358    CPU/MULTDIV/reg_udividend/dff_loop[30].dff/q_reg
  -------------------------------------------------------------------
                         required time                         42.358    
                         arrival time                         -37.726    
  -------------------------------------------------------------------
                         slack                                  4.632    

Slack (MET) :             4.741ns  (required time - arrival time)
  Source:                 CPU/dx_insn_reg/dff_loop[29].dff/q_reg/C
                            (rising edge-triggered cell FDCE clocked by clk_out1_clk_wiz_0'  {rise@0.000ns fall@20.000ns period=40.000ns})
  Destination:            CPU/MULTDIV/reg_q/dff_loop[26].dff/q_reg/D
                            (rising edge-triggered cell FDRE clocked by clk_out1_clk_wiz_0_1  {rise@0.000ns fall@20.000ns period=40.000ns})
  Path Group:             clk_out1_clk_wiz_0_1
  Path Type:              Setup (Max at Slow Process Corner)
  Requirement:            20.000ns  (clk_out1_clk_wiz_0_1 rise@40.000ns - clk_out1_clk_wiz_0 fall@20.000ns)
  Data Path Delay:        12.250ns  (logic 2.529ns (20.645%)  route 9.721ns (79.355%))
  Logic Levels:           13  (LUT3=2 LUT4=1 LUT5=5 LUT6=5)
  Clock Path Skew:        -2.860ns (DCD - SCD + CPR)
    Destination Clock Delay (DCD):    2.542ns = ( 42.542 - 40.000 ) 
    Source Clock Delay      (SCD):    5.423ns = ( 25.423 - 20.000 ) 
    Clock Pessimism Removal (CPR):    0.020ns
  Clock Uncertainty:      0.180ns  ((TSJ^2 + DJ^2)^1/2) / 2 + PE
    Total System Jitter     (TSJ):    0.071ns
    Discrete Jitter          (DJ):    0.352ns
    Phase Error              (PE):    0.000ns
  Clock Domain Crossing:  Inter clock paths are considered valid unless explicitly excluded by timing constraints such as set_clock_groups or set_false_path.

    Location             Delay type                Incr(ns)  Path(ns)    Netlist Resource(s)
  -------------------------------------------------------------------    -------------------
                         (clock clk_out1_clk_wiz_0 fall edge)
                                                     20.000    20.000 f  
    E3                                                0.000    20.000 f  clk_100mhz (IN)
                         net (fo=0)                   0.000    20.000    clk25/inst/clk_in1
    E3                   IBUF (Prop_ibuf_I_O)         1.482    21.482 f  clk25/inst/clkin1_ibufg/O
                         net (fo=1, routed)           1.253    22.735    clk25/inst/clk_in1_clk_wiz_0
    PLLE2_ADV_X1Y2       PLLE2_ADV (Prop_plle2_adv_CLKIN1_CLKOUT0)
                                                     -3.459    19.276 f  clk25/inst/plle2_adv_inst/CLKOUT0
                         net (fo=1, routed)           1.713    20.989    clk25/inst/clk_out1_clk_wiz_0
    BUFGCTRL_X0Y16       BUFG (Prop_bufg_I_O)         0.096    21.085 f  clk25/inst/clkout1_buf/O
                         net (fo=1332, routed)        1.784    22.868    clock
    SLICE_X52Y96         LUT1 (Prop_lut1_I0_O)        0.124    22.992 r  q_reg_i_10/O
                         net (fo=1, routed)           0.720    23.713    q_reg_i_10_n_0
    BUFGCTRL_X0Y0        BUFG (Prop_bufg_I_O)         0.096    23.809 r  q_reg_i_3/O
                         net (fo=377, routed)         1.614    25.423    CPU/dx_insn_reg/dff_loop[29].dff/clk0
    SLICE_X31Y129        FDCE                                         r  CPU/dx_insn_reg/dff_loop[29].dff/q_reg/C
  -------------------------------------------------------------------    -------------------
    SLICE_X31Y129        FDCE (Prop_fdce_C_Q)         0.456    25.879 r  CPU/dx_insn_reg/dff_loop[29].dff/q_reg/Q
                         net (fo=31, routed)          1.580    27.459    CPU/dx_insn_reg/dff_loop[28].dff/q_i_18__14_2
    SLICE_X36Y130        LUT5 (Prop_lut5_I3_O)        0.154    27.613 f  CPU/dx_insn_reg/dff_loop[28].dff/q_i_17__15/O
                         net (fo=7, routed)           0.772    28.385    CPU/dx_insn_reg/dff_loop[28].dff/q_i_17__15_n_0
    SLICE_X36Y134        LUT4 (Prop_lut4_I0_O)        0.327    28.712 f  CPU/dx_insn_reg/dff_loop[28].dff/q_i_14__21/O
                         net (fo=3, routed)           0.631    29.342    CPU/dx_insn_reg/dff_loop[28].dff/q_i_14__21_n_0
    SLICE_X36Y133        LUT6 (Prop_lut6_I0_O)        0.124    29.466 r  CPU/dx_insn_reg/dff_loop[28].dff/q_i_6__50/O
                         net (fo=2, routed)           0.584    30.050    CPU/dx_insn_reg/dff_loop[28].dff/q_i_6__50_n_0
    SLICE_X37Y134        LUT6 (Prop_lut6_I0_O)        0.124    30.174 r  CPU/dx_insn_reg/dff_loop[28].dff/q_i_4__89/O
                         net (fo=32, routed)          1.090    31.264    CPU/dx_insn_reg/dff_loop[28].dff/q_i_4__89_n_0
    SLICE_X44Y136        LUT5 (Prop_lut5_I1_O)        0.124    31.388 r  CPU/dx_insn_reg/dff_loop[28].dff/q_i_2__143/O
                         net (fo=22, routed)          1.329    32.717    CPU/dx_insn_reg/dff_loop[28].dff/bypass_readDataA[0]
    SLICE_X51Y125        LUT3 (Prop_lut3_I1_O)        0.150    32.867 f  CPU/dx_insn_reg/dff_loop[28].dff/q_i_2__45/O
                         net (fo=5, routed)           0.635    33.501    CPU/dx_insn_reg/dff_loop[28].dff/q_i_2__45_n_0
    SLICE_X52Y123        LUT5 (Prop_lut5_I0_O)        0.326    33.827 f  CPU/dx_insn_reg/dff_loop[28].dff/q_i_2__218/O
                         net (fo=6, routed)           0.499    34.327    CPU/dx_insn_reg/dff_loop[28].dff/q_i_2__218_n_0
    SLICE_X52Y125        LUT6 (Prop_lut6_I3_O)        0.124    34.451 f  CPU/dx_insn_reg/dff_loop[28].dff/q_i_2__43/O
                         net (fo=4, routed)           0.561    35.012    CPU/dx_insn_reg/dff_loop[28].dff/q_i_2__43_n_0
    SLICE_X55Y127        LUT6 (Prop_lut6_I1_O)        0.124    35.136 f  CPU/dx_insn_reg/dff_loop[28].dff/q_i_3__31/O
                         net (fo=2, routed)           0.471    35.607    CPU/dx_insn_reg/dff_loop[28].dff/q_i_3__31_n_0
    SLICE_X56Y128        LUT6 (Prop_lut6_I2_O)        0.124    35.731 f  CPU/dx_insn_reg/dff_loop[28].dff/q_i_2__38/O
                         net (fo=6, routed)           0.651    36.382    CPU/dx_insn_reg/dff_loop[28].dff/q_i_2__38_n_0
    SLICE_X58Y130        LUT5 (Prop_lut5_I3_O)        0.124    36.506 r  CPU/dx_insn_reg/dff_loop[28].dff/q_i_2__37/O
                         net (fo=1, routed)           0.464    36.970    CPU/dx_insn_reg/dff_loop[28].dff/q_i_2__37_n_0
    SLICE_X58Y130        LUT3 (Prop_lut3_I2_O)        0.124    37.094 r  CPU/dx_insn_reg/dff_loop[28].dff/q_i_1__54/O
                         net (fo=2, routed)           0.455    37.549    CPU/MULTDIV/reg_q/dff_loop[26].dff/q_reg_6
    SLICE_X57Y129        LUT5 (Prop_lut5_I4_O)        0.124    37.673 r  CPU/MULTDIV/reg_q/dff_loop[26].dff/q_i_1__5/O
                         net (fo=1, routed)           0.000    37.673    CPU/MULTDIV/reg_q/dff_loop[26].dff/q_next[26]
    SLICE_X57Y129        FDRE                                         r  CPU/MULTDIV/reg_q/dff_loop[26].dff/q_reg/D
  -------------------------------------------------------------------    -------------------

                         (clock clk_out1_clk_wiz_0_1 rise edge)
                                                     40.000    40.000 r  
    E3                                                0.000    40.000 r  clk_100mhz (IN)
                         net (fo=0)                   0.000    40.000    clk25/inst/clk_in1
    E3                   IBUF (Prop_ibuf_I_O)         1.411    41.411 r  clk25/inst/clkin1_ibufg/O
                         net (fo=1, routed)           1.181    42.592    clk25/inst/clk_in1_clk_wiz_0
    PLLE2_ADV_X1Y2       PLLE2_ADV (Prop_plle2_adv_CLKIN1_CLKOUT0)
                                                     -3.253    39.339 r  clk25/inst/plle2_adv_inst/CLKOUT0
                         net (fo=1, routed)           1.634    40.973    clk25/inst/clk_out1_clk_wiz_0
    BUFGCTRL_X0Y16       BUFG (Prop_bufg_I_O)         0.091    41.064 r  clk25/inst/clkout1_buf/O
                         net (fo=1332, routed)        1.478    42.542    CPU/MULTDIV/reg_q/dff_loop[26].dff/clk_out1
    SLICE_X57Y129        FDRE                                         r  CPU/MULTDIV/reg_q/dff_loop[26].dff/q_reg/C
                         clock pessimism              0.020    42.563    
                         clock uncertainty           -0.180    42.383    
    SLICE_X57Y129        FDRE (Setup_fdre_C_D)        0.031    42.414    CPU/MULTDIV/reg_q/dff_loop[26].dff/q_reg
  -------------------------------------------------------------------
                         required time                         42.414    
                         arrival time                         -37.673    
  -------------------------------------------------------------------
                         slack                                  4.741    

Slack (MET) :             4.753ns  (required time - arrival time)
  Source:                 CPU/dx_insn_reg/dff_loop[29].dff/q_reg/C
                            (rising edge-triggered cell FDCE clocked by clk_out1_clk_wiz_0'  {rise@0.000ns fall@20.000ns period=40.000ns})
  Destination:            CPU/MULTDIV/reg_udividend/dff_loop[26].dff/q_reg/D
                            (rising edge-triggered cell FDRE clocked by clk_out1_clk_wiz_0_1  {rise@0.000ns fall@20.000ns period=40.000ns})
  Path Group:             clk_out1_clk_wiz_0_1
  Path Type:              Setup (Max at Slow Process Corner)
  Requirement:            20.000ns  (clk_out1_clk_wiz_0_1 rise@40.000ns - clk_out1_clk_wiz_0 fall@20.000ns)
  Data Path Delay:        12.178ns  (logic 2.405ns (19.749%)  route 9.773ns (80.251%))
  Logic Levels:           12  (LUT3=2 LUT4=1 LUT5=4 LUT6=5)
  Clock Path Skew:        -2.861ns (DCD - SCD + CPR)
    Destination Clock Delay (DCD):    2.541ns = ( 42.541 - 40.000 ) 
    Source Clock Delay      (SCD):    5.423ns = ( 25.423 - 20.000 ) 
    Clock Pessimism Removal (CPR):    0.020ns
  Clock Uncertainty:      0.180ns  ((TSJ^2 + DJ^2)^1/2) / 2 + PE
    Total System Jitter     (TSJ):    0.071ns
    Discrete Jitter          (DJ):    0.352ns
    Phase Error              (PE):    0.000ns
  Clock Domain Crossing:  Inter clock paths are considered valid unless explicitly excluded by timing constraints such as set_clock_groups or set_false_path.

    Location             Delay type                Incr(ns)  Path(ns)    Netlist Resource(s)
  -------------------------------------------------------------------    -------------------
                         (clock clk_out1_clk_wiz_0 fall edge)
                                                     20.000    20.000 f  
    E3                                                0.000    20.000 f  clk_100mhz (IN)
                         net (fo=0)                   0.000    20.000    clk25/inst/clk_in1
    E3                   IBUF (Prop_ibuf_I_O)         1.482    21.482 f  clk25/inst/clkin1_ibufg/O
                         net (fo=1, routed)           1.253    22.735    clk25/inst/clk_in1_clk_wiz_0
    PLLE2_ADV_X1Y2       PLLE2_ADV (Prop_plle2_adv_CLKIN1_CLKOUT0)
                                                     -3.459    19.276 f  clk25/inst/plle2_adv_inst/CLKOUT0
                         net (fo=1, routed)           1.713    20.989    clk25/inst/clk_out1_clk_wiz_0
    BUFGCTRL_X0Y16       BUFG (Prop_bufg_I_O)         0.096    21.085 f  clk25/inst/clkout1_buf/O
                         net (fo=1332, routed)        1.784    22.868    clock
    SLICE_X52Y96         LUT1 (Prop_lut1_I0_O)        0.124    22.992 r  q_reg_i_10/O
                         net (fo=1, routed)           0.720    23.713    q_reg_i_10_n_0
    BUFGCTRL_X0Y0        BUFG (Prop_bufg_I_O)         0.096    23.809 r  q_reg_i_3/O
                         net (fo=377, routed)         1.614    25.423    CPU/dx_insn_reg/dff_loop[29].dff/clk0
    SLICE_X31Y129        FDCE                                         r  CPU/dx_insn_reg/dff_loop[29].dff/q_reg/C
  -------------------------------------------------------------------    -------------------
    SLICE_X31Y129        FDCE (Prop_fdce_C_Q)         0.456    25.879 r  CPU/dx_insn_reg/dff_loop[29].dff/q_reg/Q
                         net (fo=31, routed)          1.580    27.459    CPU/dx_insn_reg/dff_loop[28].dff/q_i_18__14_2
    SLICE_X36Y130        LUT5 (Prop_lut5_I3_O)        0.154    27.613 f  CPU/dx_insn_reg/dff_loop[28].dff/q_i_17__15/O
                         net (fo=7, routed)           0.772    28.385    CPU/dx_insn_reg/dff_loop[28].dff/q_i_17__15_n_0
    SLICE_X36Y134        LUT4 (Prop_lut4_I0_O)        0.327    28.712 f  CPU/dx_insn_reg/dff_loop[28].dff/q_i_14__21/O
                         net (fo=3, routed)           0.631    29.342    CPU/dx_insn_reg/dff_loop[28].dff/q_i_14__21_n_0
    SLICE_X36Y133        LUT6 (Prop_lut6_I0_O)        0.124    29.466 r  CPU/dx_insn_reg/dff_loop[28].dff/q_i_6__50/O
                         net (fo=2, routed)           0.584    30.050    CPU/dx_insn_reg/dff_loop[28].dff/q_i_6__50_n_0
    SLICE_X37Y134        LUT6 (Prop_lut6_I0_O)        0.124    30.174 r  CPU/dx_insn_reg/dff_loop[28].dff/q_i_4__89/O
                         net (fo=32, routed)          1.090    31.264    CPU/dx_insn_reg/dff_loop[28].dff/q_i_4__89_n_0
    SLICE_X44Y136        LUT5 (Prop_lut5_I1_O)        0.124    31.388 r  CPU/dx_insn_reg/dff_loop[28].dff/q_i_2__143/O
                         net (fo=22, routed)          1.329    32.717    CPU/dx_insn_reg/dff_loop[28].dff/bypass_readDataA[0]
    SLICE_X51Y125        LUT3 (Prop_lut3_I1_O)        0.150    32.867 f  CPU/dx_insn_reg/dff_loop[28].dff/q_i_2__45/O
                         net (fo=5, routed)           0.635    33.501    CPU/dx_insn_reg/dff_loop[28].dff/q_i_2__45_n_0
    SLICE_X52Y123        LUT5 (Prop_lut5_I0_O)        0.326    33.827 f  CPU/dx_insn_reg/dff_loop[28].dff/q_i_2__218/O
                         net (fo=6, routed)           0.499    34.327    CPU/dx_insn_reg/dff_loop[28].dff/q_i_2__218_n_0
    SLICE_X52Y125        LUT6 (Prop_lut6_I3_O)        0.124    34.451 f  CPU/dx_insn_reg/dff_loop[28].dff/q_i_2__43/O
                         net (fo=4, routed)           0.561    35.012    CPU/dx_insn_reg/dff_loop[28].dff/q_i_2__43_n_0
    SLICE_X55Y127        LUT6 (Prop_lut6_I1_O)        0.124    35.136 f  CPU/dx_insn_reg/dff_loop[28].dff/q_i_3__31/O
                         net (fo=2, routed)           0.471    35.607    CPU/dx_insn_reg/dff_loop[28].dff/q_i_3__31_n_0
    SLICE_X56Y128        LUT6 (Prop_lut6_I2_O)        0.124    35.731 f  CPU/dx_insn_reg/dff_loop[28].dff/q_i_2__38/O
                         net (fo=6, routed)           0.651    36.382    CPU/dx_insn_reg/dff_loop[28].dff/q_i_2__38_n_0
    SLICE_X58Y130        LUT5 (Prop_lut5_I3_O)        0.124    36.506 r  CPU/dx_insn_reg/dff_loop[28].dff/q_i_2__37/O
                         net (fo=1, routed)           0.464    36.970    CPU/dx_insn_reg/dff_loop[28].dff/q_i_2__37_n_0
    SLICE_X58Y130        LUT3 (Prop_lut3_I2_O)        0.124    37.094 r  CPU/dx_insn_reg/dff_loop[28].dff/q_i_1__54/O
                         net (fo=2, routed)           0.507    37.601    CPU/MULTDIV/reg_udividend/dff_loop[26].dff/q_reg_0
    SLICE_X56Y128        FDRE                                         r  CPU/MULTDIV/reg_udividend/dff_loop[26].dff/q_reg/D
  -------------------------------------------------------------------    -------------------

                         (clock clk_out1_clk_wiz_0_1 rise edge)
                                                     40.000    40.000 r  
    E3                                                0.000    40.000 r  clk_100mhz (IN)
                         net (fo=0)                   0.000    40.000    clk25/inst/clk_in1
    E3                   IBUF (Prop_ibuf_I_O)         1.411    41.411 r  clk25/inst/clkin1_ibufg/O
                         net (fo=1, routed)           1.181    42.592    clk25/inst/clk_in1_clk_wiz_0
    PLLE2_ADV_X1Y2       PLLE2_ADV (Prop_plle2_adv_CLKIN1_CLKOUT0)
                                                     -3.253    39.339 r  clk25/inst/plle2_adv_inst/CLKOUT0
                         net (fo=1, routed)           1.634    40.973    clk25/inst/clk_out1_clk_wiz_0
    BUFGCTRL_X0Y16       BUFG (Prop_bufg_I_O)         0.091    41.064 r  clk25/inst/clkout1_buf/O
                         net (fo=1332, routed)        1.477    42.541    CPU/MULTDIV/reg_udividend/dff_loop[26].dff/clk_out1
    SLICE_X56Y128        FDRE                                         r  CPU/MULTDIV/reg_udividend/dff_loop[26].dff/q_reg/C
                         clock pessimism              0.020    42.562    
                         clock uncertainty           -0.180    42.382    
    SLICE_X56Y128        FDRE (Setup_fdre_C_D)       -0.028    42.354    CPU/MULTDIV/reg_udividend/dff_loop[26].dff/q_reg
  -------------------------------------------------------------------
                         required time                         42.354    
                         arrival time                         -37.601    
  -------------------------------------------------------------------
                         slack                                  4.753    

Slack (MET) :             4.880ns  (required time - arrival time)
  Source:                 CPU/dx_insn_reg/dff_loop[29].dff/q_reg/C
                            (rising edge-triggered cell FDCE clocked by clk_out1_clk_wiz_0'  {rise@0.000ns fall@20.000ns period=40.000ns})
  Destination:            CPU/MULTDIV/reg_q/dff_loop[23].dff/q_reg/D
                            (rising edge-triggered cell FDRE clocked by clk_out1_clk_wiz_0_1  {rise@0.000ns fall@20.000ns period=40.000ns})
  Path Group:             clk_out1_clk_wiz_0_1
  Path Type:              Setup (Max at Slow Process Corner)
  Requirement:            20.000ns  (clk_out1_clk_wiz_0_1 rise@40.000ns - clk_out1_clk_wiz_0 fall@20.000ns)
  Data Path Delay:        12.109ns  (logic 2.647ns (21.861%)  route 9.462ns (78.139%))
  Logic Levels:           12  (LUT3=1 LUT4=2 LUT5=4 LUT6=5)
  Clock Path Skew:        -2.861ns (DCD - SCD + CPR)
    Destination Clock Delay (DCD):    2.541ns = ( 42.541 - 40.000 ) 
    Source Clock Delay      (SCD):    5.423ns = ( 25.423 - 20.000 ) 
    Clock Pessimism Removal (CPR):    0.020ns
  Clock Uncertainty:      0.180ns  ((TSJ^2 + DJ^2)^1/2) / 2 + PE
    Total System Jitter     (TSJ):    0.071ns
    Discrete Jitter          (DJ):    0.352ns
    Phase Error              (PE):    0.000ns
  Clock Domain Crossing:  Inter clock paths are considered valid unless explicitly excluded by timing constraints such as set_clock_groups or set_false_path.

    Location             Delay type                Incr(ns)  Path(ns)    Netlist Resource(s)
  -------------------------------------------------------------------    -------------------
                         (clock clk_out1_clk_wiz_0 fall edge)
                                                     20.000    20.000 f  
    E3                                                0.000    20.000 f  clk_100mhz (IN)
                         net (fo=0)                   0.000    20.000    clk25/inst/clk_in1
    E3                   IBUF (Prop_ibuf_I_O)         1.482    21.482 f  clk25/inst/clkin1_ibufg/O
                         net (fo=1, routed)           1.253    22.735    clk25/inst/clk_in1_clk_wiz_0
    PLLE2_ADV_X1Y2       PLLE2_ADV (Prop_plle2_adv_CLKIN1_CLKOUT0)
                                                     -3.459    19.276 f  clk25/inst/plle2_adv_inst/CLKOUT0
                         net (fo=1, routed)           1.713    20.989    clk25/inst/clk_out1_clk_wiz_0
    BUFGCTRL_X0Y16       BUFG (Prop_bufg_I_O)         0.096    21.085 f  clk25/inst/clkout1_buf/O
                         net (fo=1332, routed)        1.784    22.868    clock
    SLICE_X52Y96         LUT1 (Prop_lut1_I0_O)        0.124    22.992 r  q_reg_i_10/O
                         net (fo=1, routed)           0.720    23.713    q_reg_i_10_n_0
    BUFGCTRL_X0Y0        BUFG (Prop_bufg_I_O)         0.096    23.809 r  q_reg_i_3/O
                         net (fo=377, routed)         1.614    25.423    CPU/dx_insn_reg/dff_loop[29].dff/clk0
    SLICE_X31Y129        FDCE                                         r  CPU/dx_insn_reg/dff_loop[29].dff/q_reg/C
  -------------------------------------------------------------------    -------------------
    SLICE_X31Y129        FDCE (Prop_fdce_C_Q)         0.456    25.879 r  CPU/dx_insn_reg/dff_loop[29].dff/q_reg/Q
                         net (fo=31, routed)          1.580    27.459    CPU/dx_insn_reg/dff_loop[28].dff/q_i_18__14_2
    SLICE_X36Y130        LUT5 (Prop_lut5_I3_O)        0.154    27.613 f  CPU/dx_insn_reg/dff_loop[28].dff/q_i_17__15/O
                         net (fo=7, routed)           0.772    28.385    CPU/dx_insn_reg/dff_loop[28].dff/q_i_17__15_n_0
    SLICE_X36Y134        LUT4 (Prop_lut4_I0_O)        0.327    28.712 f  CPU/dx_insn_reg/dff_loop[28].dff/q_i_14__21/O
                         net (fo=3, routed)           0.631    29.342    CPU/dx_insn_reg/dff_loop[28].dff/q_i_14__21_n_0
    SLICE_X36Y133        LUT6 (Prop_lut6_I0_O)        0.124    29.466 r  CPU/dx_insn_reg/dff_loop[28].dff/q_i_6__50/O
                         net (fo=2, routed)           0.584    30.050    CPU/dx_insn_reg/dff_loop[28].dff/q_i_6__50_n_0
    SLICE_X37Y134        LUT6 (Prop_lut6_I0_O)        0.124    30.174 r  CPU/dx_insn_reg/dff_loop[28].dff/q_i_4__89/O
                         net (fo=32, routed)          1.090    31.264    CPU/dx_insn_reg/dff_loop[28].dff/q_i_4__89_n_0
    SLICE_X44Y136        LUT5 (Prop_lut5_I1_O)        0.124    31.388 f  CPU/dx_insn_reg/dff_loop[28].dff/q_i_2__143/O
                         net (fo=22, routed)          1.329    32.717    CPU/dx_insn_reg/dff_loop[28].dff/bypass_readDataA[0]
    SLICE_X51Y125        LUT3 (Prop_lut3_I1_O)        0.150    32.867 r  CPU/dx_insn_reg/dff_loop[28].dff/q_i_2__45/O
                         net (fo=5, routed)           0.635    33.501    CPU/dx_insn_reg/dff_loop[28].dff/q_i_2__45_n_0
    SLICE_X52Y123        LUT5 (Prop_lut5_I0_O)        0.326    33.827 r  CPU/dx_insn_reg/dff_loop[28].dff/q_i_2__218/O
                         net (fo=6, routed)           0.499    34.327    CPU/dx_insn_reg/dff_loop[28].dff/q_i_2__218_n_0
    SLICE_X52Y125        LUT6 (Prop_lut6_I3_O)        0.124    34.451 r  CPU/dx_insn_reg/dff_loop[28].dff/q_i_2__43/O
                         net (fo=4, routed)           0.561    35.012    CPU/dx_insn_reg/dff_loop[28].dff/q_i_2__43_n_0
    SLICE_X55Y127        LUT6 (Prop_lut6_I1_O)        0.124    35.136 r  CPU/dx_insn_reg/dff_loop[28].dff/q_i_3__31/O
                         net (fo=2, routed)           0.471    35.607    CPU/dx_insn_reg/dff_loop[28].dff/q_i_3__31_n_0
    SLICE_X56Y128        LUT6 (Prop_lut6_I2_O)        0.124    35.731 r  CPU/dx_insn_reg/dff_loop[28].dff/q_i_2__38/O
                         net (fo=6, routed)           0.715    36.446    CPU/dx_insn_reg/dff_loop[28].dff/q_i_2__38_n_0
    SLICE_X56Y128        LUT4 (Prop_lut4_I0_O)        0.150    36.596 r  CPU/dx_insn_reg/dff_loop[28].dff/q_i_1__340/O
                         net (fo=2, routed)           0.595    37.191    CPU/MULTDIV/reg_q/dff_loop[23].dff/q_reg_5
    SLICE_X57Y128        LUT5 (Prop_lut5_I4_O)        0.340    37.531 r  CPU/MULTDIV/reg_q/dff_loop[23].dff/q_i_1__8/O
                         net (fo=1, routed)           0.000    37.531    CPU/MULTDIV/reg_q/dff_loop[23].dff/q_next[23]
    SLICE_X57Y128        FDRE                                         r  CPU/MULTDIV/reg_q/dff_loop[23].dff/q_reg/D
  -------------------------------------------------------------------    -------------------

                         (clock clk_out1_clk_wiz_0_1 rise edge)
                                                     40.000    40.000 r  
    E3                                                0.000    40.000 r  clk_100mhz (IN)
                         net (fo=0)                   0.000    40.000    clk25/inst/clk_in1
    E3                   IBUF (Prop_ibuf_I_O)         1.411    41.411 r  clk25/inst/clkin1_ibufg/O
                         net (fo=1, routed)           1.181    42.592    clk25/inst/clk_in1_clk_wiz_0
    PLLE2_ADV_X1Y2       PLLE2_ADV (Prop_plle2_adv_CLKIN1_CLKOUT0)
                                                     -3.253    39.339 r  clk25/inst/plle2_adv_inst/CLKOUT0
                         net (fo=1, routed)           1.634    40.973    clk25/inst/clk_out1_clk_wiz_0
    BUFGCTRL_X0Y16       BUFG (Prop_bufg_I_O)         0.091    41.064 r  clk25/inst/clkout1_buf/O
                         net (fo=1332, routed)        1.477    42.541    CPU/MULTDIV/reg_q/dff_loop[23].dff/clk_out1
    SLICE_X57Y128        FDRE                                         r  CPU/MULTDIV/reg_q/dff_loop[23].dff/q_reg/C
                         clock pessimism              0.020    42.562    
                         clock uncertainty           -0.180    42.382    
    SLICE_X57Y128        FDRE (Setup_fdre_C_D)        0.029    42.411    CPU/MULTDIV/reg_q/dff_loop[23].dff/q_reg
  -------------------------------------------------------------------
                         required time                         42.411    
                         arrival time                         -37.531    
  -------------------------------------------------------------------
                         slack                                  4.880    





Min Delay Paths
--------------------------------------------------------------------------------------
Slack (MET) :             0.029ns  (arrival time - required time)
  Source:                 CPU/MULTDIV/p_high/dff_loop[27].dff/q_reg/C
                            (rising edge-triggered cell FDRE clocked by clk_out1_clk_wiz_0  {rise@0.000ns fall@20.000ns period=40.000ns})
  Destination:            CPU/MULTDIV/p_high/dff_loop[26].dff/q_reg/D
                            (rising edge-triggered cell FDRE clocked by clk_out1_clk_wiz_0_1  {rise@0.000ns fall@20.000ns period=40.000ns})
  Path Group:             clk_out1_clk_wiz_0_1
  Path Type:              Hold (Min at Fast Process Corner)
  Requirement:            0.000ns  (clk_out1_clk_wiz_0_1 rise@0.000ns - clk_out1_clk_wiz_0 rise@0.000ns)
  Data Path Delay:        0.344ns  (logic 0.186ns (54.029%)  route 0.158ns (45.971%))
  Logic Levels:           1  (LUT6=1)
  Clock Path Skew:        0.016ns (DCD - SCD - CPR)
    Destination Clock Delay (DCD):    0.917ns
    Source Clock Delay      (SCD):    0.687ns
    Clock Pessimism Removal (CPR):    0.214ns
  Clock Uncertainty:      0.180ns  ((TSJ^2 + DJ^2)^1/2) / 2 + PE
    Total System Jitter     (TSJ):    0.071ns
    Discrete Jitter          (DJ):    0.352ns
    Phase Error              (PE):    0.000ns
  Clock Domain Crossing:  Inter clock paths are considered valid unless explicitly excluded by timing constraints such as set_clock_groups or set_false_path.

    Location             Delay type                Incr(ns)  Path(ns)    Netlist Resource(s)
  -------------------------------------------------------------------    -------------------
                         (clock clk_out1_clk_wiz_0 rise edge)
                                                      0.000     0.000 r  
    E3                                                0.000     0.000 r  clk_100mhz (IN)
                         net (fo=0)                   0.000     0.000    clk25/inst/clk_in1
    E3                   IBUF (Prop_ibuf_I_O)         0.250     0.250 r  clk25/inst/clkin1_ibufg/O
                         net (fo=1, routed)           0.440     0.690    clk25/inst/clk_in1_clk_wiz_0
    PLLE2_ADV_X1Y2       PLLE2_ADV (Prop_plle2_adv_CLKIN1_CLKOUT0)
                                                     -1.100    -0.410 r  clk25/inst/plle2_adv_inst/CLKOUT0
                         net (fo=1, routed)           0.514     0.104    clk25/inst/clk_out1_clk_wiz_0
    BUFGCTRL_X0Y16       BUFG (Prop_bufg_I_O)         0.026     0.130 r  clk25/inst/clkout1_buf/O
                         net (fo=1332, routed)        0.557     0.687    CPU/MULTDIV/p_high/dff_loop[27].dff/clk_out1
    SLICE_X52Y140        FDRE                                         r  CPU/MULTDIV/p_high/dff_loop[27].dff/q_reg/C
  -------------------------------------------------------------------    -------------------
    SLICE_X52Y140        FDRE (Prop_fdre_C_Q)         0.141     0.828 r  CPU/MULTDIV/p_high/dff_loop[27].dff/q_reg/Q
                         net (fo=7, routed)           0.158     0.986    CPU/MULTDIV/p_high/dff_loop[27].dff/q_reg_0
    SLICE_X54Y141        LUT6 (Prop_lut6_I0_O)        0.045     1.031 r  CPU/MULTDIV/p_high/dff_loop[27].dff/q_i_1__62/O
                         net (fo=1, routed)           0.000     1.031    CPU/MULTDIV/p_high/dff_loop[26].dff/q_reg_4
    SLICE_X54Y141        FDRE                                         r  CPU/MULTDIV/p_high/dff_loop[26].dff/q_reg/D
  -------------------------------------------------------------------    -------------------

                         (clock clk_out1_clk_wiz_0_1 rise edge)
                                                      0.000     0.000 r  
    E3                                                0.000     0.000 r  clk_100mhz (IN)
                         net (fo=0)                   0.000     0.000    clk25/inst/clk_in1
    E3                   IBUF (Prop_ibuf_I_O)         0.438     0.438 r  clk25/inst/clkin1_ibufg/O
                         net (fo=1, routed)           0.481     0.919    clk25/inst/clk_in1_clk_wiz_0
    PLLE2_ADV_X1Y2       PLLE2_ADV (Prop_plle2_adv_CLKIN1_CLKOUT0)
                                                     -1.417    -0.498 r  clk25/inst/plle2_adv_inst/CLKOUT0
                         net (fo=1, routed)           0.560     0.061    clk25/inst/clk_out1_clk_wiz_0
    BUFGCTRL_X0Y16       BUFG (Prop_bufg_I_O)         0.029     0.090 r  clk25/inst/clkout1_buf/O
                         net (fo=1332, routed)        0.826     0.917    CPU/MULTDIV/p_high/dff_loop[26].dff/clk_out1
    SLICE_X54Y141        FDRE                                         r  CPU/MULTDIV/p_high/dff_loop[26].dff/q_reg/C
                         clock pessimism             -0.214     0.703    
                         clock uncertainty            0.180     0.883    
    SLICE_X54Y141        FDRE (Hold_fdre_C_D)         0.120     1.003    CPU/MULTDIV/p_high/dff_loop[26].dff/q_reg
  -------------------------------------------------------------------
                         required time                         -1.003    
                         arrival time                           1.031    
  -------------------------------------------------------------------
                         slack                                  0.029    

Slack (MET) :             0.031ns  (arrival time - required time)
  Source:                 vga/Display/vPos_reg[3]/C
                            (rising edge-triggered cell FDCE clocked by clk_out1_clk_wiz_0  {rise@0.000ns fall@20.000ns period=40.000ns})
  Destination:            vga/Display/vPos_reg[4]/D
                            (rising edge-triggered cell FDCE clocked by clk_out1_clk_wiz_0_1  {rise@0.000ns fall@20.000ns period=40.000ns})
  Path Group:             clk_out1_clk_wiz_0_1
  Path Type:              Hold (Min at Fast Process Corner)
  Requirement:            0.000ns  (clk_out1_clk_wiz_0_1 rise@0.000ns - clk_out1_clk_wiz_0 rise@0.000ns)
  Data Path Delay:        0.315ns  (logic 0.209ns (66.277%)  route 0.106ns (33.723%))
  Logic Levels:           1  (LUT5=1)
  Clock Path Skew:        0.013ns (DCD - SCD - CPR)
    Destination Clock Delay (DCD):    0.911ns
    Source Clock Delay      (SCD):    0.683ns
    Clock Pessimism Removal (CPR):    0.215ns
  Clock Uncertainty:      0.180ns  ((TSJ^2 + DJ^2)^1/2) / 2 + PE
    Total System Jitter     (TSJ):    0.071ns
    Discrete Jitter          (DJ):    0.352ns
    Phase Error              (PE):    0.000ns
  Clock Domain Crossing:  Inter clock paths are considered valid unless explicitly excluded by timing constraints such as set_clock_groups or set_false_path.

    Location             Delay type                Incr(ns)  Path(ns)    Netlist Resource(s)
  -------------------------------------------------------------------    -------------------
                         (clock clk_out1_clk_wiz_0 rise edge)
                                                      0.000     0.000 r  
    E3                                                0.000     0.000 r  clk_100mhz (IN)
                         net (fo=0)                   0.000     0.000    clk25/inst/clk_in1
    E3                   IBUF (Prop_ibuf_I_O)         0.250     0.250 r  clk25/inst/clkin1_ibufg/O
                         net (fo=1, routed)           0.440     0.690    clk25/inst/clk_in1_clk_wiz_0
    PLLE2_ADV_X1Y2       PLLE2_ADV (Prop_plle2_adv_CLKIN1_CLKOUT0)
                                                     -1.100    -0.410 r  clk25/inst/plle2_adv_inst/CLKOUT0
                         net (fo=1, routed)           0.514     0.104    clk25/inst/clk_out1_clk_wiz_0
    BUFGCTRL_X0Y16       BUFG (Prop_bufg_I_O)         0.026     0.130 r  clk25/inst/clkout1_buf/O
                         net (fo=1332, routed)        0.553     0.683    vga/Display/clk_out1
    SLICE_X30Y123        FDCE                                         r  vga/Display/vPos_reg[3]/C
  -------------------------------------------------------------------    -------------------
    SLICE_X30Y123        FDCE (Prop_fdce_C_Q)         0.164     0.847 r  vga/Display/vPos_reg[3]/Q
                         net (fo=9, routed)           0.106     0.953    vga/Display/vPos_reg_n_0_[3]
    SLICE_X31Y123        LUT5 (Prop_lut5_I4_O)        0.045     0.998 r  vga/Display/vPos[4]_i_1/O
                         net (fo=1, routed)           0.000     0.998    vga/Display/vPos[4]_i_1_n_0
    SLICE_X31Y123        FDCE                                         r  vga/Display/vPos_reg[4]/D
  -------------------------------------------------------------------    -------------------

                         (clock clk_out1_clk_wiz_0_1 rise edge)
                                                      0.000     0.000 r  
    E3                                                0.000     0.000 r  clk_100mhz (IN)
                         net (fo=0)                   0.000     0.000    clk25/inst/clk_in1
    E3                   IBUF (Prop_ibuf_I_O)         0.438     0.438 r  clk25/inst/clkin1_ibufg/O
                         net (fo=1, routed)           0.481     0.919    clk25/inst/clk_in1_clk_wiz_0
    PLLE2_ADV_X1Y2       PLLE2_ADV (Prop_plle2_adv_CLKIN1_CLKOUT0)
                                                     -1.417    -0.498 r  clk25/inst/plle2_adv_inst/CLKOUT0
                         net (fo=1, routed)           0.560     0.061    clk25/inst/clk_out1_clk_wiz_0
    BUFGCTRL_X0Y16       BUFG (Prop_bufg_I_O)         0.029     0.090 r  clk25/inst/clkout1_buf/O
                         net (fo=1332, routed)        0.821     0.911    vga/Display/clk_out1
    SLICE_X31Y123        FDCE                                         r  vga/Display/vPos_reg[4]/C
                         clock pessimism             -0.215     0.696    
                         clock uncertainty            0.180     0.876    
    SLICE_X31Y123        FDCE (Hold_fdce_C_D)         0.092     0.968    vga/Display/vPos_reg[4]
  -------------------------------------------------------------------
                         required time                         -0.968    
                         arrival time                           0.998    
  -------------------------------------------------------------------
                         slack                                  0.031    

Slack (MET) :             0.035ns  (arrival time - required time)
  Source:                 CPU/MULTDIV/p_low/dff_loop[18].dff/q_reg/C
                            (rising edge-triggered cell FDRE clocked by clk_out1_clk_wiz_0  {rise@0.000ns fall@20.000ns period=40.000ns})
  Destination:            CPU/MULTDIV/p_low/dff_loop[17].dff/q_reg/D
                            (rising edge-triggered cell FDRE clocked by clk_out1_clk_wiz_0_1  {rise@0.000ns fall@20.000ns period=40.000ns})
  Path Group:             clk_out1_clk_wiz_0_1
  Path Type:              Hold (Min at Fast Process Corner)
  Requirement:            0.000ns  (clk_out1_clk_wiz_0_1 rise@0.000ns - clk_out1_clk_wiz_0 rise@0.000ns)
  Data Path Delay:        0.367ns  (logic 0.209ns (56.872%)  route 0.158ns (43.128%))
  Logic Levels:           1  (LUT3=1)
  Clock Path Skew:        0.033ns (DCD - SCD - CPR)
    Destination Clock Delay (DCD):    0.903ns
    Source Clock Delay      (SCD):    0.676ns
    Clock Pessimism Removal (CPR):    0.194ns
  Clock Uncertainty:      0.180ns  ((TSJ^2 + DJ^2)^1/2) / 2 + PE
    Total System Jitter     (TSJ):    0.071ns
    Discrete Jitter          (DJ):    0.352ns
    Phase Error              (PE):    0.000ns
  Clock Domain Crossing:  Inter clock paths are considered valid unless explicitly excluded by timing constraints such as set_clock_groups or set_false_path.

    Location             Delay type                Incr(ns)  Path(ns)    Netlist Resource(s)
  -------------------------------------------------------------------    -------------------
                         (clock clk_out1_clk_wiz_0 rise edge)
                                                      0.000     0.000 r  
    E3                                                0.000     0.000 r  clk_100mhz (IN)
                         net (fo=0)                   0.000     0.000    clk25/inst/clk_in1
    E3                   IBUF (Prop_ibuf_I_O)         0.250     0.250 r  clk25/inst/clkin1_ibufg/O
                         net (fo=1, routed)           0.440     0.690    clk25/inst/clk_in1_clk_wiz_0
    PLLE2_ADV_X1Y2       PLLE2_ADV (Prop_plle2_adv_CLKIN1_CLKOUT0)
                                                     -1.100    -0.410 r  clk25/inst/plle2_adv_inst/CLKOUT0
                         net (fo=1, routed)           0.514     0.104    clk25/inst/clk_out1_clk_wiz_0
    BUFGCTRL_X0Y16       BUFG (Prop_bufg_I_O)         0.026     0.130 r  clk25/inst/clkout1_buf/O
                         net (fo=1332, routed)        0.546     0.676    CPU/MULTDIV/p_low/dff_loop[18].dff/clk_out1
    SLICE_X56Y125        FDRE                                         r  CPU/MULTDIV/p_low/dff_loop[18].dff/q_reg/C
  -------------------------------------------------------------------    -------------------
    SLICE_X56Y125        FDRE (Prop_fdre_C_Q)         0.164     0.840 r  CPU/MULTDIV/p_low/dff_loop[18].dff/q_reg/Q
                         net (fo=3, routed)           0.158     0.998    CPU/dx_insn_reg/dff_loop[28].dff/p_out_low__0[17]
    SLICE_X54Y126        LUT3 (Prop_lut3_I2_O)        0.045     1.043 r  CPU/dx_insn_reg/dff_loop[28].dff/q_i_1__84/O
                         net (fo=1, routed)           0.000     1.043    CPU/MULTDIV/p_low/dff_loop[17].dff/q_reg_1[0]
    SLICE_X54Y126        FDRE                                         r  CPU/MULTDIV/p_low/dff_loop[17].dff/q_reg/D
  -------------------------------------------------------------------    -------------------

                         (clock clk_out1_clk_wiz_0_1 rise edge)
                                                      0.000     0.000 r  
    E3                                                0.000     0.000 r  clk_100mhz (IN)
                         net (fo=0)                   0.000     0.000    clk25/inst/clk_in1
    E3                   IBUF (Prop_ibuf_I_O)         0.438     0.438 r  clk25/inst/clkin1_ibufg/O
                         net (fo=1, routed)           0.481     0.919    clk25/inst/clk_in1_clk_wiz_0
    PLLE2_ADV_X1Y2       PLLE2_ADV (Prop_plle2_adv_CLKIN1_CLKOUT0)
                                                     -1.417    -0.498 r  clk25/inst/plle2_adv_inst/CLKOUT0
                         net (fo=1, routed)           0.560     0.061    clk25/inst/clk_out1_clk_wiz_0
    BUFGCTRL_X0Y16       BUFG (Prop_bufg_I_O)         0.029     0.090 r  clk25/inst/clkout1_buf/O
                         net (fo=1332, routed)        0.812     0.903    CPU/MULTDIV/p_low/dff_loop[17].dff/clk_out1
    SLICE_X54Y126        FDRE                                         r  CPU/MULTDIV/p_low/dff_loop[17].dff/q_reg/C
                         clock pessimism             -0.194     0.709    
                         clock uncertainty            0.180     0.889    
    SLICE_X54Y126        FDRE (Hold_fdre_C_D)         0.120     1.009    CPU/MULTDIV/p_low/dff_loop[17].dff/q_reg
  -------------------------------------------------------------------
                         required time                         -1.009    
                         arrival time                           1.043    
  -------------------------------------------------------------------
                         slack                                  0.035    

Slack (MET) :             0.038ns  (arrival time - required time)
  Source:                 CPU/fd_insn_reg/dff_loop[31].dff/q_reg/C
                            (rising edge-triggered cell FDRE clocked by clk_out1_clk_wiz_0'  {rise@0.000ns fall@20.000ns period=40.000ns})
  Destination:            CPU/dx_insn_reg/dff_loop[31].dff/q_reg/D
                            (rising edge-triggered cell FDCE clocked by clk_out1_clk_wiz_0_1'  {rise@0.000ns fall@20.000ns period=40.000ns})
  Path Group:             clk_out1_clk_wiz_0_1
  Path Type:              Hold (Min at Fast Process Corner)
  Requirement:            0.000ns  (clk_out1_clk_wiz_0_1 fall@20.000ns - clk_out1_clk_wiz_0 fall@20.000ns)
  Data Path Delay:        0.344ns  (logic 0.186ns (54.093%)  route 0.158ns (45.907%))
  Logic Levels:           1  (LUT5=1)
  Clock Path Skew:        0.035ns (DCD - SCD - CPR)
    Destination Clock Delay (DCD):    2.204ns = ( 22.204 - 20.000 ) 
    Source Clock Delay      (SCD):    1.650ns = ( 21.650 - 20.000 ) 
    Clock Pessimism Removal (CPR):    0.520ns
  Clock Uncertainty:      0.180ns  ((TSJ^2 + DJ^2)^1/2) / 2 + PE
    Total System Jitter     (TSJ):    0.071ns
    Discrete Jitter          (DJ):    0.352ns
    Phase Error              (PE):    0.000ns
  Clock Domain Crossing:  Inter clock paths are considered valid unless explicitly excluded by timing constraints such as set_clock_groups or set_false_path.

    Location             Delay type                Incr(ns)  Path(ns)    Netlist Resource(s)
  -------------------------------------------------------------------    -------------------
                         (clock clk_out1_clk_wiz_0 fall edge)
                                                     20.000    20.000 f  
    E3                                                0.000    20.000 f  clk_100mhz (IN)
                         net (fo=0)                   0.000    20.000    clk25/inst/clk_in1
    E3                   IBUF (Prop_ibuf_I_O)         0.250    20.250 f  clk25/inst/clkin1_ibufg/O
                         net (fo=1, routed)           0.440    20.690    clk25/inst/clk_in1_clk_wiz_0
    PLLE2_ADV_X1Y2       PLLE2_ADV (Prop_plle2_adv_CLKIN1_CLKOUT0)
                                                     -1.100    19.590 f  clk25/inst/plle2_adv_inst/CLKOUT0
                         net (fo=1, routed)           0.514    20.104    clk25/inst/clk_out1_clk_wiz_0
    BUFGCTRL_X0Y16       BUFG (Prop_bufg_I_O)         0.026    20.130 f  clk25/inst/clkout1_buf/O
                         net (fo=1332, routed)        0.625    20.755    clock
    SLICE_X52Y96         LUT1 (Prop_lut1_I0_O)        0.045    20.800 r  q_reg_i_10/O
                         net (fo=1, routed)           0.266    21.066    q_reg_i_10_n_0
    BUFGCTRL_X0Y0        BUFG (Prop_bufg_I_O)         0.026    21.092 r  q_reg_i_3/O
                         net (fo=377, routed)         0.558    21.650    CPU/fd_insn_reg/dff_loop[31].dff/clk0
    SLICE_X28Y128        FDRE                                         r  CPU/fd_insn_reg/dff_loop[31].dff/q_reg/C
  -------------------------------------------------------------------    -------------------
    SLICE_X28Y128        FDRE (Prop_fdre_C_Q)         0.141    21.791 r  CPU/fd_insn_reg/dff_loop[31].dff/q_reg/Q
                         net (fo=5, routed)           0.158    21.949    CPU/fd_insn_reg/dff_loop[22].dff/fd_insn[3]
    SLICE_X31Y129        LUT5 (Prop_lut5_I4_O)        0.045    21.994 r  CPU/fd_insn_reg/dff_loop[22].dff/q_i_1__371/O
                         net (fo=1, routed)           0.000    21.994    CPU/dx_insn_reg/dff_loop[31].dff/dx_insn_in[0]
    SLICE_X31Y129        FDCE                                         r  CPU/dx_insn_reg/dff_loop[31].dff/q_reg/D
  -------------------------------------------------------------------    -------------------

                         (clock clk_out1_clk_wiz_0_1 fall edge)
                                                     20.000    20.000 f  
    E3                                                0.000    20.000 f  clk_100mhz (IN)
                         net (fo=0)                   0.000    20.000    clk25/inst/clk_in1
    E3                   IBUF (Prop_ibuf_I_O)         0.438    20.438 f  clk25/inst/clkin1_ibufg/O
                         net (fo=1, routed)           0.481    20.919    clk25/inst/clk_in1_clk_wiz_0
    PLLE2_ADV_X1Y2       PLLE2_ADV (Prop_plle2_adv_CLKIN1_CLKOUT0)
                                                     -1.417    19.502 f  clk25/inst/plle2_adv_inst/CLKOUT0
                         net (fo=1, routed)           0.560    20.061    clk25/inst/clk_out1_clk_wiz_0
    BUFGCTRL_X0Y16       BUFG (Prop_bufg_I_O)         0.029    20.090 f  clk25/inst/clkout1_buf/O
                         net (fo=1332, routed)        0.904    20.994    clock
    SLICE_X52Y96         LUT1 (Prop_lut1_I0_O)        0.056    21.050 r  q_reg_i_10/O
                         net (fo=1, routed)           0.299    21.349    q_reg_i_10_n_0
    BUFGCTRL_X0Y0        BUFG (Prop_bufg_I_O)         0.029    21.378 r  q_reg_i_3/O
                         net (fo=377, routed)         0.826    22.204    CPU/dx_insn_reg/dff_loop[31].dff/clk0
    SLICE_X31Y129        FDCE                                         r  CPU/dx_insn_reg/dff_loop[31].dff/q_reg/C
                         clock pessimism             -0.520    21.685    
                         clock uncertainty            0.180    21.864    
    SLICE_X31Y129        FDCE (Hold_fdce_C_D)         0.091    21.955    CPU/dx_insn_reg/dff_loop[31].dff/q_reg
  -------------------------------------------------------------------
                         required time                        -21.955    
                         arrival time                          21.994    
  -------------------------------------------------------------------
                         slack                                  0.038    

Slack (MET) :             0.040ns  (arrival time - required time)
  Source:                 CPU/fd_pc_plus1_reg/dff_loop[15].dff/q_reg/C
                            (rising edge-triggered cell FDCE clocked by clk_out1_clk_wiz_0'  {rise@0.000ns fall@20.000ns period=40.000ns})
  Destination:            CPU/dx_pc_plus1_reg/dff_loop[15].dff/q_reg/D
                            (rising edge-triggered cell FDCE clocked by clk_out1_clk_wiz_0_1'  {rise@0.000ns fall@20.000ns period=40.000ns})
  Path Group:             clk_out1_clk_wiz_0_1
  Path Type:              Hold (Min at Fast Process Corner)
  Requirement:            0.000ns  (clk_out1_clk_wiz_0_1 fall@20.000ns - clk_out1_clk_wiz_0 fall@20.000ns)
  Data Path Delay:        0.322ns  (logic 0.186ns (57.733%)  route 0.136ns (42.267%))
  Logic Levels:           1  (LUT5=1)
  Clock Path Skew:        0.011ns (DCD - SCD - CPR)
    Destination Clock Delay (DCD):    2.198ns = ( 22.198 - 20.000 ) 
    Source Clock Delay      (SCD):    1.646ns = ( 21.646 - 20.000 ) 
    Clock Pessimism Removal (CPR):    0.542ns
  Clock Uncertainty:      0.180ns  ((TSJ^2 + DJ^2)^1/2) / 2 + PE
    Total System Jitter     (TSJ):    0.071ns
    Discrete Jitter          (DJ):    0.352ns
    Phase Error              (PE):    0.000ns
  Clock Domain Crossing:  Inter clock paths are considered valid unless explicitly excluded by timing constraints such as set_clock_groups or set_false_path.

    Location             Delay type                Incr(ns)  Path(ns)    Netlist Resource(s)
  -------------------------------------------------------------------    -------------------
                         (clock clk_out1_clk_wiz_0 fall edge)
                                                     20.000    20.000 f  
    E3                                                0.000    20.000 f  clk_100mhz (IN)
                         net (fo=0)                   0.000    20.000    clk25/inst/clk_in1
    E3                   IBUF (Prop_ibuf_I_O)         0.250    20.250 f  clk25/inst/clkin1_ibufg/O
                         net (fo=1, routed)           0.440    20.690    clk25/inst/clk_in1_clk_wiz_0
    PLLE2_ADV_X1Y2       PLLE2_ADV (Prop_plle2_adv_CLKIN1_CLKOUT0)
                                                     -1.100    19.590 f  clk25/inst/plle2_adv_inst/CLKOUT0
                         net (fo=1, routed)           0.514    20.104    clk25/inst/clk_out1_clk_wiz_0
    BUFGCTRL_X0Y16       BUFG (Prop_bufg_I_O)         0.026    20.130 f  clk25/inst/clkout1_buf/O
                         net (fo=1332, routed)        0.625    20.755    clock
    SLICE_X52Y96         LUT1 (Prop_lut1_I0_O)        0.045    20.800 r  q_reg_i_10/O
                         net (fo=1, routed)           0.266    21.066    q_reg_i_10_n_0
    BUFGCTRL_X0Y0        BUFG (Prop_bufg_I_O)         0.026    21.092 r  q_reg_i_3/O
                         net (fo=377, routed)         0.554    21.646    CPU/fd_pc_plus1_reg/dff_loop[15].dff/clk0
    SLICE_X41Y127        FDCE                                         r  CPU/fd_pc_plus1_reg/dff_loop[15].dff/q_reg/C
  -------------------------------------------------------------------    -------------------
    SLICE_X41Y127        FDCE (Prop_fdce_C_Q)         0.141    21.787 r  CPU/fd_pc_plus1_reg/dff_loop[15].dff/q_reg/Q
                         net (fo=1, routed)           0.136    21.923    CPU/fd_insn_reg/dff_loop[22].dff/q_reg_47
    SLICE_X41Y126        LUT5 (Prop_lut5_I4_O)        0.045    21.968 r  CPU/fd_insn_reg/dff_loop[22].dff/q_i_1__418/O
                         net (fo=1, routed)           0.000    21.968    CPU/dx_pc_plus1_reg/dff_loop[15].dff/dx_pc_plus1_in[0]
    SLICE_X41Y126        FDCE                                         r  CPU/dx_pc_plus1_reg/dff_loop[15].dff/q_reg/D
  -------------------------------------------------------------------    -------------------

                         (clock clk_out1_clk_wiz_0_1 fall edge)
                                                     20.000    20.000 f  
    E3                                                0.000    20.000 f  clk_100mhz (IN)
                         net (fo=0)                   0.000    20.000    clk25/inst/clk_in1
    E3                   IBUF (Prop_ibuf_I_O)         0.438    20.438 f  clk25/inst/clkin1_ibufg/O
                         net (fo=1, routed)           0.481    20.919    clk25/inst/clk_in1_clk_wiz_0
    PLLE2_ADV_X1Y2       PLLE2_ADV (Prop_plle2_adv_CLKIN1_CLKOUT0)
                                                     -1.417    19.502 f  clk25/inst/plle2_adv_inst/CLKOUT0
                         net (fo=1, routed)           0.560    20.061    clk25/inst/clk_out1_clk_wiz_0
    BUFGCTRL_X0Y16       BUFG (Prop_bufg_I_O)         0.029    20.090 f  clk25/inst/clkout1_buf/O
                         net (fo=1332, routed)        0.904    20.994    clock
    SLICE_X52Y96         LUT1 (Prop_lut1_I0_O)        0.056    21.050 r  q_reg_i_10/O
                         net (fo=1, routed)           0.299    21.349    q_reg_i_10_n_0
    BUFGCTRL_X0Y0        BUFG (Prop_bufg_I_O)         0.029    21.378 r  q_reg_i_3/O
                         net (fo=377, routed)         0.821    22.198    CPU/dx_pc_plus1_reg/dff_loop[15].dff/clk0
    SLICE_X41Y126        FDCE                                         r  CPU/dx_pc_plus1_reg/dff_loop[15].dff/q_reg/C
                         clock pessimism             -0.542    21.657    
                         clock uncertainty            0.180    21.836    
    SLICE_X41Y126        FDCE (Hold_fdce_C_D)         0.091    21.927    CPU/dx_pc_plus1_reg/dff_loop[15].dff/q_reg
  -------------------------------------------------------------------
                         required time                        -21.927    
                         arrival time                          21.968    
  -------------------------------------------------------------------
                         slack                                  0.040    

Slack (MET) :             0.042ns  (arrival time - required time)
  Source:                 CPU/PC_reg/dff_loop[17].dff/q_reg/C
                            (rising edge-triggered cell FDCE clocked by clk_out1_clk_wiz_0'  {rise@0.000ns fall@20.000ns period=40.000ns})
  Destination:            CPU/fd_pc_plus1_reg/dff_loop[17].dff/q_reg/D
                            (rising edge-triggered cell FDCE clocked by clk_out1_clk_wiz_0_1'  {rise@0.000ns fall@20.000ns period=40.000ns})
  Path Group:             clk_out1_clk_wiz_0_1
  Path Type:              Hold (Min at Fast Process Corner)
  Requirement:            0.000ns  (clk_out1_clk_wiz_0_1 fall@20.000ns - clk_out1_clk_wiz_0 fall@20.000ns)
  Data Path Delay:        0.326ns  (logic 0.209ns (64.207%)  route 0.117ns (35.793%))
  Logic Levels:           1  (LUT4=1)
  Clock Path Skew:        0.013ns (DCD - SCD - CPR)
    Destination Clock Delay (DCD):    2.202ns = ( 22.202 - 20.000 ) 
    Source Clock Delay      (SCD):    1.648ns = ( 21.648 - 20.000 ) 
    Clock Pessimism Removal (CPR):    0.542ns
  Clock Uncertainty:      0.180ns  ((TSJ^2 + DJ^2)^1/2) / 2 + PE
    Total System Jitter     (TSJ):    0.071ns
    Discrete Jitter          (DJ):    0.352ns
    Phase Error              (PE):    0.000ns
  Clock Domain Crossing:  Inter clock paths are considered valid unless explicitly excluded by timing constraints such as set_clock_groups or set_false_path.

    Location             Delay type                Incr(ns)  Path(ns)    Netlist Resource(s)
  -------------------------------------------------------------------    -------------------
                         (clock clk_out1_clk_wiz_0 fall edge)
                                                     20.000    20.000 f  
    E3                                                0.000    20.000 f  clk_100mhz (IN)
                         net (fo=0)                   0.000    20.000    clk25/inst/clk_in1
    E3                   IBUF (Prop_ibuf_I_O)         0.250    20.250 f  clk25/inst/clkin1_ibufg/O
                         net (fo=1, routed)           0.440    20.690    clk25/inst/clk_in1_clk_wiz_0
    PLLE2_ADV_X1Y2       PLLE2_ADV (Prop_plle2_adv_CLKIN1_CLKOUT0)
                                                     -1.100    19.590 f  clk25/inst/plle2_adv_inst/CLKOUT0
                         net (fo=1, routed)           0.514    20.104    clk25/inst/clk_out1_clk_wiz_0
    BUFGCTRL_X0Y16       BUFG (Prop_bufg_I_O)         0.026    20.130 f  clk25/inst/clkout1_buf/O
                         net (fo=1332, routed)        0.625    20.755    clock
    SLICE_X52Y96         LUT1 (Prop_lut1_I0_O)        0.045    20.800 r  q_reg_i_10/O
                         net (fo=1, routed)           0.266    21.066    q_reg_i_10_n_0
    BUFGCTRL_X0Y0        BUFG (Prop_bufg_I_O)         0.026    21.092 r  q_reg_i_3/O
                         net (fo=377, routed)         0.556    21.648    CPU/PC_reg/dff_loop[17].dff/clk0
    SLICE_X34Y128        FDCE                                         r  CPU/PC_reg/dff_loop[17].dff/q_reg/C
  -------------------------------------------------------------------    -------------------
    SLICE_X34Y128        FDCE (Prop_fdce_C_Q)         0.164    21.812 r  CPU/PC_reg/dff_loop[17].dff/q_reg/Q
                         net (fo=7, routed)           0.117    21.928    CPU/PC_reg/dff_loop[16].dff/q_reg_4
    SLICE_X35Y128        LUT4 (Prop_lut4_I2_O)        0.045    21.973 r  CPU/PC_reg/dff_loop[16].dff/q_i_1__296/O
                         net (fo=1, routed)           0.000    21.973    CPU/fd_pc_plus1_reg/dff_loop[17].dff/q_reg_2
    SLICE_X35Y128        FDCE                                         r  CPU/fd_pc_plus1_reg/dff_loop[17].dff/q_reg/D
  -------------------------------------------------------------------    -------------------

                         (clock clk_out1_clk_wiz_0_1 fall edge)
                                                     20.000    20.000 f  
    E3                                                0.000    20.000 f  clk_100mhz (IN)
                         net (fo=0)                   0.000    20.000    clk25/inst/clk_in1
    E3                   IBUF (Prop_ibuf_I_O)         0.438    20.438 f  clk25/inst/clkin1_ibufg/O
                         net (fo=1, routed)           0.481    20.919    clk25/inst/clk_in1_clk_wiz_0
    PLLE2_ADV_X1Y2       PLLE2_ADV (Prop_plle2_adv_CLKIN1_CLKOUT0)
                                                     -1.417    19.502 f  clk25/inst/plle2_adv_inst/CLKOUT0
                         net (fo=1, routed)           0.560    20.061    clk25/inst/clk_out1_clk_wiz_0
    BUFGCTRL_X0Y16       BUFG (Prop_bufg_I_O)         0.029    20.090 f  clk25/inst/clkout1_buf/O
                         net (fo=1332, routed)        0.904    20.994    clock
    SLICE_X52Y96         LUT1 (Prop_lut1_I0_O)        0.056    21.050 r  q_reg_i_10/O
                         net (fo=1, routed)           0.299    21.349    q_reg_i_10_n_0
    BUFGCTRL_X0Y0        BUFG (Prop_bufg_I_O)         0.029    21.378 r  q_reg_i_3/O
                         net (fo=377, routed)         0.825    22.202    CPU/fd_pc_plus1_reg/dff_loop[17].dff/clk0
    SLICE_X35Y128        FDCE                                         r  CPU/fd_pc_plus1_reg/dff_loop[17].dff/q_reg/C
                         clock pessimism             -0.542    21.661    
                         clock uncertainty            0.180    21.840    
    SLICE_X35Y128        FDCE (Hold_fdce_C_D)         0.091    21.931    CPU/fd_pc_plus1_reg/dff_loop[17].dff/q_reg
  -------------------------------------------------------------------
                         required time                        -21.931    
                         arrival time                          21.973    
  -------------------------------------------------------------------
                         slack                                  0.042    

Slack (MET) :             0.042ns  (arrival time - required time)
  Source:                 CPU/PC_reg/dff_loop[17].dff/q_reg/C
                            (rising edge-triggered cell FDCE clocked by clk_out1_clk_wiz_0'  {rise@0.000ns fall@20.000ns period=40.000ns})
  Destination:            CPU/fd_pc_plus1_reg/dff_loop[18].dff/q_reg/D
                            (rising edge-triggered cell FDCE clocked by clk_out1_clk_wiz_0_1'  {rise@0.000ns fall@20.000ns period=40.000ns})
  Path Group:             clk_out1_clk_wiz_0_1
  Path Type:              Hold (Min at Fast Process Corner)
  Requirement:            0.000ns  (clk_out1_clk_wiz_0_1 fall@20.000ns - clk_out1_clk_wiz_0 fall@20.000ns)
  Data Path Delay:        0.327ns  (logic 0.209ns (64.010%)  route 0.118ns (35.990%))
  Logic Levels:           1  (LUT5=1)
  Clock Path Skew:        0.013ns (DCD - SCD - CPR)
    Destination Clock Delay (DCD):    2.202ns = ( 22.202 - 20.000 ) 
    Source Clock Delay      (SCD):    1.648ns = ( 21.648 - 20.000 ) 
    Clock Pessimism Removal (CPR):    0.542ns
  Clock Uncertainty:      0.180ns  ((TSJ^2 + DJ^2)^1/2) / 2 + PE
    Total System Jitter     (TSJ):    0.071ns
    Discrete Jitter          (DJ):    0.352ns
    Phase Error              (PE):    0.000ns
  Clock Domain Crossing:  Inter clock paths are considered valid unless explicitly excluded by timing constraints such as set_clock_groups or set_false_path.

    Location             Delay type                Incr(ns)  Path(ns)    Netlist Resource(s)
  -------------------------------------------------------------------    -------------------
                         (clock clk_out1_clk_wiz_0 fall edge)
                                                     20.000    20.000 f  
    E3                                                0.000    20.000 f  clk_100mhz (IN)
                         net (fo=0)                   0.000    20.000    clk25/inst/clk_in1
    E3                   IBUF (Prop_ibuf_I_O)         0.250    20.250 f  clk25/inst/clkin1_ibufg/O
                         net (fo=1, routed)           0.440    20.690    clk25/inst/clk_in1_clk_wiz_0
    PLLE2_ADV_X1Y2       PLLE2_ADV (Prop_plle2_adv_CLKIN1_CLKOUT0)
                                                     -1.100    19.590 f  clk25/inst/plle2_adv_inst/CLKOUT0
                         net (fo=1, routed)           0.514    20.104    clk25/inst/clk_out1_clk_wiz_0
    BUFGCTRL_X0Y16       BUFG (Prop_bufg_I_O)         0.026    20.130 f  clk25/inst/clkout1_buf/O
                         net (fo=1332, routed)        0.625    20.755    clock
    SLICE_X52Y96         LUT1 (Prop_lut1_I0_O)        0.045    20.800 r  q_reg_i_10/O
                         net (fo=1, routed)           0.266    21.066    q_reg_i_10_n_0
    BUFGCTRL_X0Y0        BUFG (Prop_bufg_I_O)         0.026    21.092 r  q_reg_i_3/O
                         net (fo=377, routed)         0.556    21.648    CPU/PC_reg/dff_loop[17].dff/clk0
    SLICE_X34Y128        FDCE                                         r  CPU/PC_reg/dff_loop[17].dff/q_reg/C
  -------------------------------------------------------------------    -------------------
    SLICE_X34Y128        FDCE (Prop_fdce_C_Q)         0.164    21.812 r  CPU/PC_reg/dff_loop[17].dff/q_reg/Q
                         net (fo=7, routed)           0.118    21.929    CPU/PC_reg/dff_loop[17].dff/q_reg_0
    SLICE_X35Y128        LUT5 (Prop_lut5_I0_O)        0.045    21.974 r  CPU/PC_reg/dff_loop[17].dff/q_i_1__297/O
                         net (fo=1, routed)           0.000    21.974    CPU/fd_pc_plus1_reg/dff_loop[18].dff/q_reg_2
    SLICE_X35Y128        FDCE                                         r  CPU/fd_pc_plus1_reg/dff_loop[18].dff/q_reg/D
  -------------------------------------------------------------------    -------------------

                         (clock clk_out1_clk_wiz_0_1 fall edge)
                                                     20.000    20.000 f  
    E3                                                0.000    20.000 f  clk_100mhz (IN)
                         net (fo=0)                   0.000    20.000    clk25/inst/clk_in1
    E3                   IBUF (Prop_ibuf_I_O)         0.438    20.438 f  clk25/inst/clkin1_ibufg/O
                         net (fo=1, routed)           0.481    20.919    clk25/inst/clk_in1_clk_wiz_0
    PLLE2_ADV_X1Y2       PLLE2_ADV (Prop_plle2_adv_CLKIN1_CLKOUT0)
                                                     -1.417    19.502 f  clk25/inst/plle2_adv_inst/CLKOUT0
                         net (fo=1, routed)           0.560    20.061    clk25/inst/clk_out1_clk_wiz_0
    BUFGCTRL_X0Y16       BUFG (Prop_bufg_I_O)         0.029    20.090 f  clk25/inst/clkout1_buf/O
                         net (fo=1332, routed)        0.904    20.994    clock
    SLICE_X52Y96         LUT1 (Prop_lut1_I0_O)        0.056    21.050 r  q_reg_i_10/O
                         net (fo=1, routed)           0.299    21.349    q_reg_i_10_n_0
    BUFGCTRL_X0Y0        BUFG (Prop_bufg_I_O)         0.029    21.378 r  q_reg_i_3/O
                         net (fo=377, routed)         0.825    22.202    CPU/fd_pc_plus1_reg/dff_loop[18].dff/clk0
    SLICE_X35Y128        FDCE                                         r  CPU/fd_pc_plus1_reg/dff_loop[18].dff/q_reg/C
                         clock pessimism             -0.542    21.661    
                         clock uncertainty            0.180    21.840    
    SLICE_X35Y128        FDCE (Hold_fdce_C_D)         0.092    21.932    CPU/fd_pc_plus1_reg/dff_loop[18].dff/q_reg
  -------------------------------------------------------------------
                         required time                        -21.932    
                         arrival time                          21.974    
  -------------------------------------------------------------------
                         slack                                  0.042    

Slack (MET) :             0.044ns  (arrival time - required time)
  Source:                 CPU/fd_pc_plus1_reg/dff_loop[12].dff/q_reg/C
                            (rising edge-triggered cell FDCE clocked by clk_out1_clk_wiz_0'  {rise@0.000ns fall@20.000ns period=40.000ns})
  Destination:            CPU/dx_pc_plus1_reg/dff_loop[12].dff/q_reg/D
                            (rising edge-triggered cell FDCE clocked by clk_out1_clk_wiz_0_1'  {rise@0.000ns fall@20.000ns period=40.000ns})
  Path Group:             clk_out1_clk_wiz_0_1
  Path Type:              Hold (Min at Fast Process Corner)
  Requirement:            0.000ns  (clk_out1_clk_wiz_0_1 fall@20.000ns - clk_out1_clk_wiz_0 fall@20.000ns)
  Data Path Delay:        0.328ns  (logic 0.186ns (56.719%)  route 0.142ns (43.282%))
  Logic Levels:           1  (LUT5=1)
  Clock Path Skew:        0.013ns (DCD - SCD - CPR)
    Destination Clock Delay (DCD):    2.197ns = ( 22.197 - 20.000 ) 
    Source Clock Delay      (SCD):    1.643ns = ( 21.643 - 20.000 ) 
    Clock Pessimism Removal (CPR):    0.542ns
  Clock Uncertainty:      0.180ns  ((TSJ^2 + DJ^2)^1/2) / 2 + PE
    Total System Jitter     (TSJ):    0.071ns
    Discrete Jitter          (DJ):    0.352ns
    Phase Error              (PE):    0.000ns
  Clock Domain Crossing:  Inter clock paths are considered valid unless explicitly excluded by timing constraints such as set_clock_groups or set_false_path.

    Location             Delay type                Incr(ns)  Path(ns)    Netlist Resource(s)
  -------------------------------------------------------------------    -------------------
                         (clock clk_out1_clk_wiz_0 fall edge)
                                                     20.000    20.000 f  
    E3                                                0.000    20.000 f  clk_100mhz (IN)
                         net (fo=0)                   0.000    20.000    clk25/inst/clk_in1
    E3                   IBUF (Prop_ibuf_I_O)         0.250    20.250 f  clk25/inst/clkin1_ibufg/O
                         net (fo=1, routed)           0.440    20.690    clk25/inst/clk_in1_clk_wiz_0
    PLLE2_ADV_X1Y2       PLLE2_ADV (Prop_plle2_adv_CLKIN1_CLKOUT0)
                                                     -1.100    19.590 f  clk25/inst/plle2_adv_inst/CLKOUT0
                         net (fo=1, routed)           0.514    20.104    clk25/inst/clk_out1_clk_wiz_0
    BUFGCTRL_X0Y16       BUFG (Prop_bufg_I_O)         0.026    20.130 f  clk25/inst/clkout1_buf/O
                         net (fo=1332, routed)        0.625    20.755    clock
    SLICE_X52Y96         LUT1 (Prop_lut1_I0_O)        0.045    20.800 r  q_reg_i_10/O
                         net (fo=1, routed)           0.266    21.066    q_reg_i_10_n_0
    BUFGCTRL_X0Y0        BUFG (Prop_bufg_I_O)         0.026    21.092 r  q_reg_i_3/O
                         net (fo=377, routed)         0.551    21.643    CPU/fd_pc_plus1_reg/dff_loop[12].dff/clk0
    SLICE_X39Y124        FDCE                                         r  CPU/fd_pc_plus1_reg/dff_loop[12].dff/q_reg/C
  -------------------------------------------------------------------    -------------------
    SLICE_X39Y124        FDCE (Prop_fdce_C_Q)         0.141    21.784 r  CPU/fd_pc_plus1_reg/dff_loop[12].dff/q_reg/Q
                         net (fo=1, routed)           0.142    21.926    CPU/fd_insn_reg/dff_loop[22].dff/q_reg_50
    SLICE_X40Y124        LUT5 (Prop_lut5_I4_O)        0.045    21.971 r  CPU/fd_insn_reg/dff_loop[22].dff/q_i_1__421/O
                         net (fo=1, routed)           0.000    21.971    CPU/dx_pc_plus1_reg/dff_loop[12].dff/dx_pc_plus1_in[0]
    SLICE_X40Y124        FDCE                                         r  CPU/dx_pc_plus1_reg/dff_loop[12].dff/q_reg/D
  -------------------------------------------------------------------    -------------------

                         (clock clk_out1_clk_wiz_0_1 fall edge)
                                                     20.000    20.000 f  
    E3                                                0.000    20.000 f  clk_100mhz (IN)
                         net (fo=0)                   0.000    20.000    clk25/inst/clk_in1
    E3                   IBUF (Prop_ibuf_I_O)         0.438    20.438 f  clk25/inst/clkin1_ibufg/O
                         net (fo=1, routed)           0.481    20.919    clk25/inst/clk_in1_clk_wiz_0
    PLLE2_ADV_X1Y2       PLLE2_ADV (Prop_plle2_adv_CLKIN1_CLKOUT0)
                                                     -1.417    19.502 f  clk25/inst/plle2_adv_inst/CLKOUT0
                         net (fo=1, routed)           0.560    20.061    clk25/inst/clk_out1_clk_wiz_0
    BUFGCTRL_X0Y16       BUFG (Prop_bufg_I_O)         0.029    20.090 f  clk25/inst/clkout1_buf/O
                         net (fo=1332, routed)        0.904    20.994    clock
    SLICE_X52Y96         LUT1 (Prop_lut1_I0_O)        0.056    21.050 r  q_reg_i_10/O
                         net (fo=1, routed)           0.299    21.349    q_reg_i_10_n_0
    BUFGCTRL_X0Y0        BUFG (Prop_bufg_I_O)         0.029    21.378 r  q_reg_i_3/O
                         net (fo=377, routed)         0.820    22.197    CPU/dx_pc_plus1_reg/dff_loop[12].dff/clk0
    SLICE_X40Y124        FDCE                                         r  CPU/dx_pc_plus1_reg/dff_loop[12].dff/q_reg/C
                         clock pessimism             -0.542    21.656    
                         clock uncertainty            0.180    21.835    
    SLICE_X40Y124        FDCE (Hold_fdce_C_D)         0.091    21.926    CPU/dx_pc_plus1_reg/dff_loop[12].dff/q_reg
  -------------------------------------------------------------------
                         required time                        -21.926    
                         arrival time                          21.971    
  -------------------------------------------------------------------
                         slack                                  0.044    

Slack (MET) :             0.045ns  (arrival time - required time)
  Source:                 vga/Display/hPos_reg[7]/C
                            (rising edge-triggered cell FDCE clocked by clk_out1_clk_wiz_0  {rise@0.000ns fall@20.000ns period=40.000ns})
  Destination:            vga/active_prev_reg/D
                            (rising edge-triggered cell FDRE clocked by clk_out1_clk_wiz_0_1  {rise@0.000ns fall@20.000ns period=40.000ns})
  Path Group:             clk_out1_clk_wiz_0_1
  Path Type:              Hold (Min at Fast Process Corner)
  Requirement:            0.000ns  (clk_out1_clk_wiz_0_1 rise@0.000ns - clk_out1_clk_wiz_0 rise@0.000ns)
  Data Path Delay:        0.328ns  (logic 0.186ns (56.653%)  route 0.142ns (43.347%))
  Logic Levels:           1  (LUT5=1)
  Clock Path Skew:        0.013ns (DCD - SCD - CPR)
    Destination Clock Delay (DCD):    0.911ns
    Source Clock Delay      (SCD):    0.683ns
    Clock Pessimism Removal (CPR):    0.215ns
  Clock Uncertainty:      0.180ns  ((TSJ^2 + DJ^2)^1/2) / 2 + PE
    Total System Jitter     (TSJ):    0.071ns
    Discrete Jitter          (DJ):    0.352ns
    Phase Error              (PE):    0.000ns
  Clock Domain Crossing:  Inter clock paths are considered valid unless explicitly excluded by timing constraints such as set_clock_groups or set_false_path.

    Location             Delay type                Incr(ns)  Path(ns)    Netlist Resource(s)
  -------------------------------------------------------------------    -------------------
                         (clock clk_out1_clk_wiz_0 rise edge)
                                                      0.000     0.000 r  
    E3                                                0.000     0.000 r  clk_100mhz (IN)
                         net (fo=0)                   0.000     0.000    clk25/inst/clk_in1
    E3                   IBUF (Prop_ibuf_I_O)         0.250     0.250 r  clk25/inst/clkin1_ibufg/O
                         net (fo=1, routed)           0.440     0.690    clk25/inst/clk_in1_clk_wiz_0
    PLLE2_ADV_X1Y2       PLLE2_ADV (Prop_plle2_adv_CLKIN1_CLKOUT0)
                                                     -1.100    -0.410 r  clk25/inst/plle2_adv_inst/CLKOUT0
                         net (fo=1, routed)           0.514     0.104    clk25/inst/clk_out1_clk_wiz_0
    BUFGCTRL_X0Y16       BUFG (Prop_bufg_I_O)         0.026     0.130 r  clk25/inst/clkout1_buf/O
                         net (fo=1332, routed)        0.553     0.683    vga/Display/clk_out1
    SLICE_X33Y123        FDCE                                         r  vga/Display/hPos_reg[7]/C
  -------------------------------------------------------------------    -------------------
    SLICE_X33Y123        FDCE (Prop_fdce_C_Q)         0.141     0.824 f  vga/Display/hPos_reg[7]/Q
                         net (fo=10, routed)          0.142     0.966    vga/Display/hPos_reg_n_0_[7]
    SLICE_X32Y123        LUT5 (Prop_lut5_I2_O)        0.045     1.011 r  vga/Display/active_prev_i_1/O
                         net (fo=1, routed)           0.000     1.011    vga/active
    SLICE_X32Y123        FDRE                                         r  vga/active_prev_reg/D
  -------------------------------------------------------------------    -------------------

                         (clock clk_out1_clk_wiz_0_1 rise edge)
                                                      0.000     0.000 r  
    E3                                                0.000     0.000 r  clk_100mhz (IN)
                         net (fo=0)                   0.000     0.000    clk25/inst/clk_in1
    E3                   IBUF (Prop_ibuf_I_O)         0.438     0.438 r  clk25/inst/clkin1_ibufg/O
                         net (fo=1, routed)           0.481     0.919    clk25/inst/clk_in1_clk_wiz_0
    PLLE2_ADV_X1Y2       PLLE2_ADV (Prop_plle2_adv_CLKIN1_CLKOUT0)
                                                     -1.417    -0.498 r  clk25/inst/plle2_adv_inst/CLKOUT0
                         net (fo=1, routed)           0.560     0.061    clk25/inst/clk_out1_clk_wiz_0
    BUFGCTRL_X0Y16       BUFG (Prop_bufg_I_O)         0.029     0.090 r  clk25/inst/clkout1_buf/O
                         net (fo=1332, routed)        0.821     0.911    vga/clk_out1
    SLICE_X32Y123        FDRE                                         r  vga/active_prev_reg/C
                         clock pessimism             -0.215     0.696    
                         clock uncertainty            0.180     0.876    
    SLICE_X32Y123        FDRE (Hold_fdre_C_D)         0.091     0.967    vga/active_prev_reg
  -------------------------------------------------------------------
                         required time                         -0.967    
                         arrival time                           1.011    
  -------------------------------------------------------------------
                         slack                                  0.045    

Slack (MET) :             0.051ns  (arrival time - required time)
  Source:                 CPU/MULTDIV/count_reg/dff_loop[2].dff/q_reg/C
                            (rising edge-triggered cell FDRE clocked by clk_out1_clk_wiz_0  {rise@0.000ns fall@20.000ns period=40.000ns})
  Destination:            CPU/MULTDIV/count_reg/dff_loop[5].dff/q_reg/D
                            (rising edge-triggered cell FDRE clocked by clk_out1_clk_wiz_0_1  {rise@0.000ns fall@20.000ns period=40.000ns})
  Path Group:             clk_out1_clk_wiz_0_1
  Path Type:              Hold (Min at Fast Process Corner)
  Requirement:            0.000ns  (clk_out1_clk_wiz_0_1 rise@0.000ns - clk_out1_clk_wiz_0 rise@0.000ns)
  Data Path Delay:        0.335ns  (logic 0.186ns (55.512%)  route 0.149ns (44.488%))
  Logic Levels:           1  (LUT6=1)
  Clock Path Skew:        0.013ns (DCD - SCD - CPR)
    Destination Clock Delay (DCD):    0.919ns
    Source Clock Delay      (SCD):    0.688ns
    Clock Pessimism Removal (CPR):    0.218ns
  Clock Uncertainty:      0.180ns  ((TSJ^2 + DJ^2)^1/2) / 2 + PE
    Total System Jitter     (TSJ):    0.071ns
    Discrete Jitter          (DJ):    0.352ns
    Phase Error              (PE):    0.000ns
  Clock Domain Crossing:  Inter clock paths are considered valid unless explicitly excluded by timing constraints such as set_clock_groups or set_false_path.

    Location             Delay type                Incr(ns)  Path(ns)    Netlist Resource(s)
  -------------------------------------------------------------------    -------------------
                         (clock clk_out1_clk_wiz_0 rise edge)
                                                      0.000     0.000 r  
    E3                                                0.000     0.000 r  clk_100mhz (IN)
                         net (fo=0)                   0.000     0.000    clk25/inst/clk_in1
    E3                   IBUF (Prop_ibuf_I_O)         0.250     0.250 r  clk25/inst/clkin1_ibufg/O
                         net (fo=1, routed)           0.440     0.690    clk25/inst/clk_in1_clk_wiz_0
    PLLE2_ADV_X1Y2       PLLE2_ADV (Prop_plle2_adv_CLKIN1_CLKOUT0)
                                                     -1.100    -0.410 r  clk25/inst/plle2_adv_inst/CLKOUT0
                         net (fo=1, routed)           0.514     0.104    clk25/inst/clk_out1_clk_wiz_0
    BUFGCTRL_X0Y16       BUFG (Prop_bufg_I_O)         0.026     0.130 r  clk25/inst/clkout1_buf/O
                         net (fo=1332, routed)        0.558     0.688    CPU/MULTDIV/count_reg/dff_loop[2].dff/clk_out1
    SLICE_X48Y139        FDRE                                         r  CPU/MULTDIV/count_reg/dff_loop[2].dff/q_reg/C
  -------------------------------------------------------------------    -------------------
    SLICE_X48Y139        FDRE (Prop_fdre_C_Q)         0.141     0.829 r  CPU/MULTDIV/count_reg/dff_loop[2].dff/q_reg/Q
                         net (fo=4, routed)           0.149     0.978    CPU/MULTDIV/count_reg/dff_loop[5].dff/q_reg_7[1]
    SLICE_X49Y139        LUT6 (Prop_lut6_I1_O)        0.045     1.023 r  CPU/MULTDIV/count_reg/dff_loop[5].dff/q_i_1__320/O
                         net (fo=1, routed)           0.000     1.023    CPU/MULTDIV/count_reg/dff_loop[5].dff/q_i_1__320_n_0
    SLICE_X49Y139        FDRE                                         r  CPU/MULTDIV/count_reg/dff_loop[5].dff/q_reg/D
  -------------------------------------------------------------------    -------------------

                         (clock clk_out1_clk_wiz_0_1 rise edge)
                                                      0.000     0.000 r  
    E3                                                0.000     0.000 r  clk_100mhz (IN)
                         net (fo=0)                   0.000     0.000    clk25/inst/clk_in1
    E3                   IBUF (Prop_ibuf_I_O)         0.438     0.438 r  clk25/inst/clkin1_ibufg/O
                         net (fo=1, routed)           0.481     0.919    clk25/inst/clk_in1_clk_wiz_0
    PLLE2_ADV_X1Y2       PLLE2_ADV (Prop_plle2_adv_CLKIN1_CLKOUT0)
                                                     -1.417    -0.498 r  clk25/inst/plle2_adv_inst/CLKOUT0
                         net (fo=1, routed)           0.560     0.061    clk25/inst/clk_out1_clk_wiz_0
    BUFGCTRL_X0Y16       BUFG (Prop_bufg_I_O)         0.029     0.090 r  clk25/inst/clkout1_buf/O
                         net (fo=1332, routed)        0.829     0.919    CPU/MULTDIV/count_reg/dff_loop[5].dff/clk_out1
    SLICE_X49Y139        FDRE                                         r  CPU/MULTDIV/count_reg/dff_loop[5].dff/q_reg/C
                         clock pessimism             -0.218     0.701    
                         clock uncertainty            0.180     0.881    
    SLICE_X49Y139        FDRE (Hold_fdre_C_D)         0.091     0.972    CPU/MULTDIV/count_reg/dff_loop[5].dff/q_reg
  -------------------------------------------------------------------
                         required time                         -0.972    
                         arrival time                           1.023    
  -------------------------------------------------------------------
                         slack                                  0.051    





